2025-08-30 10:06:39.265 [main] INFO  com.blm.store.StoreApplication:[logStarting:50] - Starting StoreApplication using Java 23.0.1 with PID 47856 (D:\BUAA\大二暑假\BLM\store-service\target\classes started by Lenovo in D:\BUAA\大二暑假\BLM)
2025-08-30 10:06:39.267 [main] DEBUG com.blm.store.StoreApplication:[logStarting:51] - Running with Spring Boot v3.3.3, Spring v6.1.12
2025-08-30 10:06:39.267 [main] INFO  com.blm.store.StoreApplication:[logStartupProfileInfo:660] - The following 1 profile is active: "dev"
2025-08-30 10:06:39.659 [main] DEBUG o.s.cloud.openfeign.FeignClientsRegistrar$1:[scanCandidateComponents:476] - Identified candidate component class: file [D:\BUAA\大二暑假\BLM\common\target\classes\com\blm\common\feign\OrderServiceClient.class]
2025-08-30 10:06:39.659 [main] DEBUG o.s.cloud.openfeign.FeignClientsRegistrar$1:[scanCandidateComponents:476] - Identified candidate component class: file [D:\BUAA\大二暑假\BLM\common\target\classes\com\blm\common\feign\RiderServiceClient.class]
2025-08-30 10:06:39.659 [main] DEBUG o.s.cloud.openfeign.FeignClientsRegistrar$1:[scanCandidateComponents:476] - Identified candidate component class: file [D:\BUAA\大二暑假\BLM\common\target\classes\com\blm\common\feign\StoreServiceClient.class]
2025-08-30 10:06:39.659 [main] DEBUG o.s.cloud.openfeign.FeignClientsRegistrar$1:[scanCandidateComponents:476] - Identified candidate component class: file [D:\BUAA\大二暑假\BLM\common\target\classes\com\blm\common\feign\UserServiceClient.class]
2025-08-30 10:06:39.735 [main] DEBUG o.m.s.boot.autoconfigure.MybatisAutoConfiguration:[registerBeanDefinitions:247] - Searching for mappers annotated with @Mapper
2025-08-30 10:06:39.736 [main] DEBUG o.m.s.boot.autoconfigure.MybatisAutoConfiguration:[lambda$registerBeanDefinitions$0:251] - Using auto-configuration base package 'com.blm.store'
2025-08-30 10:06:39.847 [main] DEBUG org.apache.ibatis.logging.LogFactory:[setImplementation:112] - Logging initialized using 'class org.apache.ibatis.logging.slf4j.Slf4jImpl' adapter.
2025-08-30 10:06:39.853 [main] DEBUG org.mybatis.spring.mapper.ClassPathMapperScanner:[scanCandidateComponents:476] - Identified candidate component class: file [D:\BUAA\大二暑假\BLM\store-service\target\classes\com\blm\store\repository\FoodCategoryRepository.class]
2025-08-30 10:06:39.854 [main] DEBUG org.mybatis.spring.mapper.ClassPathMapperScanner:[scanCandidateComponents:476] - Identified candidate component class: file [D:\BUAA\大二暑假\BLM\store-service\target\classes\com\blm\store\repository\FoodRepository.class]
2025-08-30 10:06:39.854 [main] DEBUG org.mybatis.spring.mapper.ClassPathMapperScanner:[scanCandidateComponents:476] - Identified candidate component class: file [D:\BUAA\大二暑假\BLM\store-service\target\classes\com\blm\store\repository\PromotionRepository.class]
2025-08-30 10:06:39.854 [main] DEBUG org.mybatis.spring.mapper.ClassPathMapperScanner:[scanCandidateComponents:476] - Identified candidate component class: file [D:\BUAA\大二暑假\BLM\store-service\target\classes\com\blm\store\repository\StoreCategoryRepository.class]
2025-08-30 10:06:39.854 [main] DEBUG org.mybatis.spring.mapper.ClassPathMapperScanner:[scanCandidateComponents:476] - Identified candidate component class: file [D:\BUAA\大二暑假\BLM\store-service\target\classes\com\blm\store\repository\StoreRepository.class]
2025-08-30 10:06:39.854 [main] DEBUG org.mybatis.spring.mapper.ClassPathMapperScanner:[debug:49] - Creating MapperFactoryBean with name 'foodCategoryRepository' and 'com.blm.store.repository.FoodCategoryRepository' mapperInterface
2025-08-30 10:06:39.855 [main] DEBUG org.mybatis.spring.mapper.ClassPathMapperScanner:[debug:49] - Creating MapperFactoryBean with name 'foodRepository' and 'com.blm.store.repository.FoodRepository' mapperInterface
2025-08-30 10:06:39.856 [main] DEBUG org.mybatis.spring.mapper.ClassPathMapperScanner:[debug:49] - Creating MapperFactoryBean with name 'promotionRepository' and 'com.blm.store.repository.PromotionRepository' mapperInterface
2025-08-30 10:06:39.856 [main] DEBUG org.mybatis.spring.mapper.ClassPathMapperScanner:[debug:49] - Creating MapperFactoryBean with name 'storeCategoryRepository' and 'com.blm.store.repository.StoreCategoryRepository' mapperInterface
2025-08-30 10:06:39.856 [main] DEBUG org.mybatis.spring.mapper.ClassPathMapperScanner:[debug:49] - Creating MapperFactoryBean with name 'storeRepository' and 'com.blm.store.repository.StoreRepository' mapperInterface
2025-08-30 10:06:39.904 [main] INFO  o.springframework.cloud.context.scope.GenericScope:[setSerializationId:282] - BeanFactory id=9af39289-17b3-3793-86a2-4e31d680bb05
2025-08-30 10:06:40.018 [main] WARN  o.s.c.s.PostProcessorRegistrationDelegate$BeanPostProcessorChecker:[postProcessAfterInitialization:429] - Bean 'org.springframework.cloud.client.loadbalancer.LoadBalancerAutoConfiguration$DeferringLoadBalancerInterceptorConfig' of type [org.springframework.cloud.client.loadbalancer.LoadBalancerAutoConfiguration$DeferringLoadBalancerInterceptorConfig] is not eligible for getting processed by all BeanPostProcessors (for example: not eligible for auto-proxying). The currently created BeanPostProcessor [lbRestClientPostProcessor] is declared through a non-static factory method on that class; consider declaring it as static instead.
2025-08-30 10:06:40.019 [main] WARN  o.s.c.s.PostProcessorRegistrationDelegate$BeanPostProcessorChecker:[postProcessAfterInitialization:437] - Bean 'deferringLoadBalancerInterceptor' of type [org.springframework.cloud.client.loadbalancer.DeferringLoadBalancerInterceptor] is not eligible for getting processed by all BeanPostProcessors (for example: not eligible for auto-proxying). Is this bean getting eagerly injected into a currently created BeanPostProcessor [lbRestClientPostProcessor]? Check the corresponding BeanPostProcessor declaration and its dependencies.
2025-08-30 10:06:40.149 [main] INFO  o.s.boot.web.embedded.tomcat.TomcatWebServer:[initialize:111] - Tomcat initialized with port 8083 (http)
2025-08-30 10:06:40.158 [main] INFO  org.apache.catalina.core.StandardService:[log:173] - Starting service [Tomcat]
2025-08-30 10:06:40.158 [main] INFO  org.apache.catalina.core.StandardEngine:[log:173] - Starting Servlet engine: [Apache Tomcat/10.1.28]
2025-08-30 10:06:40.216 [main] INFO  o.a.c.core.ContainerBase.[Tomcat].[localhost].[/]:[log:173] - Initializing Spring embedded WebApplicationContext
2025-08-30 10:06:40.217 [main] INFO  o.s.b.w.s.c.ServletWebServerApplicationContext:[prepareWebApplicationContext:296] - Root WebApplicationContext: initialization completed in 906 ms
2025-08-30 10:06:40.258 [main] DEBUG com.zaxxer.hikari.HikariConfig:[attemptFromContextLoader:974] - Driver class com.mysql.cj.jdbc.Driver found in Thread context class loader jdk.internal.loader.ClassLoaders$AppClassLoader@4617c264
2025-08-30 10:06:40.271 [main] DEBUG o.springframework.jdbc.datasource.DataSourceUtils:[doGetConnection:117] - Fetching JDBC Connection from DataSource
2025-08-30 10:06:40.271 [main] DEBUG com.zaxxer.hikari.HikariConfig:[logConfiguration:1106] - HikariPool-1 - configuration:
2025-08-30 10:06:40.273 [main] DEBUG com.zaxxer.hikari.HikariConfig:[logConfiguration:1138] - allowPoolSuspension.............false
2025-08-30 10:06:40.273 [main] DEBUG com.zaxxer.hikari.HikariConfig:[logConfiguration:1138] - autoCommit......................true
2025-08-30 10:06:40.273 [main] DEBUG com.zaxxer.hikari.HikariConfig:[logConfiguration:1138] - catalog.........................none
2025-08-30 10:06:40.273 [main] DEBUG com.zaxxer.hikari.HikariConfig:[logConfiguration:1138] - connectionInitSql...............none
2025-08-30 10:06:40.273 [main] DEBUG com.zaxxer.hikari.HikariConfig:[logConfiguration:1138] - connectionTestQuery.............none
2025-08-30 10:06:40.273 [main] DEBUG com.zaxxer.hikari.HikariConfig:[logConfiguration:1138] - connectionTimeout...............30000
2025-08-30 10:06:40.274 [main] DEBUG com.zaxxer.hikari.HikariConfig:[logConfiguration:1138] - dataSource......................none
2025-08-30 10:06:40.274 [main] DEBUG com.zaxxer.hikari.HikariConfig:[logConfiguration:1138] - dataSourceClassName.............none
2025-08-30 10:06:40.274 [main] DEBUG com.zaxxer.hikari.HikariConfig:[logConfiguration:1138] - dataSourceJNDI..................none
2025-08-30 10:06:40.274 [main] DEBUG com.zaxxer.hikari.HikariConfig:[logConfiguration:1138] - dataSourceProperties............{password=<masked>}
2025-08-30 10:06:40.274 [main] DEBUG com.zaxxer.hikari.HikariConfig:[logConfiguration:1138] - driverClassName................."com.mysql.cj.jdbc.Driver"
2025-08-30 10:06:40.274 [main] DEBUG com.zaxxer.hikari.HikariConfig:[logConfiguration:1138] - exceptionOverrideClassName......none
2025-08-30 10:06:40.274 [main] DEBUG com.zaxxer.hikari.HikariConfig:[logConfiguration:1138] - healthCheckProperties...........{}
2025-08-30 10:06:40.274 [main] DEBUG com.zaxxer.hikari.HikariConfig:[logConfiguration:1138] - healthCheckRegistry.............none
2025-08-30 10:06:40.275 [main] DEBUG com.zaxxer.hikari.HikariConfig:[logConfiguration:1138] - idleTimeout.....................600000
2025-08-30 10:06:40.275 [main] DEBUG com.zaxxer.hikari.HikariConfig:[logConfiguration:1138] - initializationFailTimeout.......1
2025-08-30 10:06:40.275 [main] DEBUG com.zaxxer.hikari.HikariConfig:[logConfiguration:1138] - isolateInternalQueries..........false
2025-08-30 10:06:40.275 [main] DEBUG com.zaxxer.hikari.HikariConfig:[logConfiguration:1138] - jdbcUrl.........................jdbc:mysql://localhost:3306/store_db?useUnicode=true&characterEncoding=utf-8&useSSL=false&serverTimezone=UTC
2025-08-30 10:06:40.275 [main] DEBUG com.zaxxer.hikari.HikariConfig:[logConfiguration:1138] - keepaliveTime...................0
2025-08-30 10:06:40.275 [main] DEBUG com.zaxxer.hikari.HikariConfig:[logConfiguration:1138] - leakDetectionThreshold..........0
2025-08-30 10:06:40.275 [main] DEBUG com.zaxxer.hikari.HikariConfig:[logConfiguration:1138] - maxLifetime.....................1800000
2025-08-30 10:06:40.275 [main] DEBUG com.zaxxer.hikari.HikariConfig:[logConfiguration:1138] - maximumPoolSize.................10
2025-08-30 10:06:40.275 [main] DEBUG com.zaxxer.hikari.HikariConfig:[logConfiguration:1138] - metricRegistry..................none
2025-08-30 10:06:40.275 [main] DEBUG com.zaxxer.hikari.HikariConfig:[logConfiguration:1138] - metricsTrackerFactory...........none
2025-08-30 10:06:40.275 [main] DEBUG com.zaxxer.hikari.HikariConfig:[logConfiguration:1138] - minimumIdle.....................10
2025-08-30 10:06:40.276 [main] DEBUG com.zaxxer.hikari.HikariConfig:[logConfiguration:1138] - password........................<masked>
2025-08-30 10:06:40.276 [main] DEBUG com.zaxxer.hikari.HikariConfig:[logConfiguration:1138] - poolName........................"HikariPool-1"
2025-08-30 10:06:40.276 [main] DEBUG com.zaxxer.hikari.HikariConfig:[logConfiguration:1138] - readOnly........................false
2025-08-30 10:06:40.276 [main] DEBUG com.zaxxer.hikari.HikariConfig:[logConfiguration:1138] - registerMbeans..................false
2025-08-30 10:06:40.276 [main] DEBUG com.zaxxer.hikari.HikariConfig:[logConfiguration:1138] - scheduledExecutor...............none
2025-08-30 10:06:40.276 [main] DEBUG com.zaxxer.hikari.HikariConfig:[logConfiguration:1138] - schema..........................none
2025-08-30 10:06:40.276 [main] DEBUG com.zaxxer.hikari.HikariConfig:[logConfiguration:1138] - threadFactory...................internal
2025-08-30 10:06:40.276 [main] DEBUG com.zaxxer.hikari.HikariConfig:[logConfiguration:1138] - transactionIsolation............default
2025-08-30 10:06:40.276 [main] DEBUG com.zaxxer.hikari.HikariConfig:[logConfiguration:1138] - username........................"root"
2025-08-30 10:06:40.277 [main] DEBUG com.zaxxer.hikari.HikariConfig:[logConfiguration:1138] - validationTimeout...............5000
2025-08-30 10:06:40.277 [main] INFO  com.zaxxer.hikari.HikariDataSource:[getConnection:109] - HikariPool-1 - Starting...
2025-08-30 10:06:40.351 [main] INFO  com.zaxxer.hikari.pool.HikariPool:[checkFailFast:554] - HikariPool-1 - Added connection com.mysql.cj.jdbc.ConnectionImpl@20b54cfe
2025-08-30 10:06:40.353 [main] INFO  com.zaxxer.hikari.HikariDataSource:[getConnection:122] - HikariPool-1 - Start completed.
2025-08-30 10:06:40.461 [main] DEBUG org.mybatis.spring.SqlSessionFactoryBean:[debug:49] - Parsed mapper file: 'file [D:\BUAA\大二暑假\BLM\store-service\target\classes\mapper\FoodMapper.xml]'
2025-08-30 10:06:40.467 [HikariPool-1 housekeeper] DEBUG com.zaxxer.hikari.pool.HikariPool:[logPoolState:405] - HikariPool-1 - Pool stats (total=1, active=0, idle=1, waiting=0)
2025-08-30 10:06:40.467 [main] DEBUG org.mybatis.spring.SqlSessionFactoryBean:[debug:49] - Parsed mapper file: 'file [D:\BUAA\大二暑假\BLM\store-service\target\classes\mapper\PromotionMapper.xml]'
2025-08-30 10:06:40.470 [HikariPool-1 connection adder] DEBUG com.zaxxer.hikari.pool.HikariPool:[call:728] - HikariPool-1 - Added connection com.mysql.cj.jdbc.ConnectionImpl@2416c949
2025-08-30 10:06:40.475 [main] DEBUG org.mybatis.spring.SqlSessionFactoryBean:[debug:49] - Parsed mapper file: 'file [D:\BUAA\大二暑假\BLM\store-service\target\classes\mapper\StoreMapper.xml]'
2025-08-30 10:06:40.483 [main] DEBUG o.s.cloud.openfeign.FeignClientFactoryBean:[<init>:125] - Creating a FeignClientFactoryBean.
2025-08-30 10:06:40.513 [HikariPool-1 connection adder] DEBUG com.zaxxer.hikari.pool.HikariPool:[logPoolState:405] - HikariPool-1 - After adding stats (total=2, active=0, idle=2, waiting=0)
2025-08-30 10:06:40.517 [HikariPool-1 connection adder] DEBUG com.zaxxer.hikari.pool.HikariPool:[call:728] - HikariPool-1 - Added connection com.mysql.cj.jdbc.ConnectionImpl@652bc372
2025-08-30 10:06:40.559 [HikariPool-1 connection adder] DEBUG com.zaxxer.hikari.pool.HikariPool:[logPoolState:405] - HikariPool-1 - After adding stats (total=3, active=0, idle=3, waiting=0)
2025-08-30 10:06:40.562 [HikariPool-1 connection adder] DEBUG com.zaxxer.hikari.pool.HikariPool:[call:728] - HikariPool-1 - Added connection com.mysql.cj.jdbc.ConnectionImpl@5484628f
2025-08-30 10:06:40.606 [HikariPool-1 connection adder] DEBUG com.zaxxer.hikari.pool.HikariPool:[logPoolState:405] - HikariPool-1 - After adding stats (total=4, active=0, idle=4, waiting=0)
2025-08-30 10:06:40.608 [HikariPool-1 connection adder] DEBUG com.zaxxer.hikari.pool.HikariPool:[call:728] - HikariPool-1 - Added connection com.mysql.cj.jdbc.ConnectionImpl@5043c3d
2025-08-30 10:06:40.652 [HikariPool-1 connection adder] DEBUG com.zaxxer.hikari.pool.HikariPool:[logPoolState:405] - HikariPool-1 - After adding stats (total=5, active=0, idle=5, waiting=0)
2025-08-30 10:06:40.656 [HikariPool-1 connection adder] DEBUG com.zaxxer.hikari.pool.HikariPool:[call:728] - HikariPool-1 - Added connection com.mysql.cj.jdbc.ConnectionImpl@6186851d
2025-08-30 10:06:40.657 [main] INFO  o.s.cloud.openfeign.FeignClientFactoryBean:[getTarget:468] - For 'order-service' URL not provided. Will try picking an instance via load-balancing.
2025-08-30 10:06:40.698 [HikariPool-1 connection adder] DEBUG com.zaxxer.hikari.pool.HikariPool:[logPoolState:405] - HikariPool-1 - After adding stats (total=6, active=0, idle=6, waiting=0)
2025-08-30 10:06:40.701 [HikariPool-1 connection adder] DEBUG com.zaxxer.hikari.pool.HikariPool:[call:728] - HikariPool-1 - Added connection com.mysql.cj.jdbc.ConnectionImpl@14a4598
2025-08-30 10:06:40.728 [main] DEBUG o.s.cloud.openfeign.FeignClientFactoryBean:[<init>:125] - Creating a FeignClientFactoryBean.
2025-08-30 10:06:40.739 [main] INFO  o.s.cloud.openfeign.FeignClientFactoryBean:[getTarget:468] - For 'user-service' URL not provided. Will try picking an instance via load-balancing.
2025-08-30 10:06:40.746 [HikariPool-1 connection adder] DEBUG com.zaxxer.hikari.pool.HikariPool:[logPoolState:405] - HikariPool-1 - After adding stats (total=7, active=0, idle=7, waiting=0)
2025-08-30 10:06:40.749 [HikariPool-1 connection adder] DEBUG com.zaxxer.hikari.pool.HikariPool:[call:728] - HikariPool-1 - Added connection com.mysql.cj.jdbc.ConnectionImpl@4aa4a343
2025-08-30 10:06:40.762 [main] DEBUG o.s.cloud.openfeign.FeignClientFactoryBean:[<init>:125] - Creating a FeignClientFactoryBean.
2025-08-30 10:06:40.764 [main] DEBUG o.s.cloud.openfeign.FeignClientFactoryBean:[<init>:125] - Creating a FeignClientFactoryBean.
2025-08-30 10:06:40.793 [HikariPool-1 connection adder] DEBUG com.zaxxer.hikari.pool.HikariPool:[logPoolState:405] - HikariPool-1 - After adding stats (total=8, active=0, idle=8, waiting=0)
2025-08-30 10:06:40.796 [HikariPool-1 connection adder] DEBUG com.zaxxer.hikari.pool.HikariPool:[call:728] - HikariPool-1 - Added connection com.mysql.cj.jdbc.ConnectionImpl@6762b230
2025-08-30 10:06:40.839 [HikariPool-1 connection adder] DEBUG com.zaxxer.hikari.pool.HikariPool:[logPoolState:405] - HikariPool-1 - After adding stats (total=9, active=0, idle=9, waiting=0)
2025-08-30 10:06:40.843 [HikariPool-1 connection adder] DEBUG com.zaxxer.hikari.pool.HikariPool:[call:728] - HikariPool-1 - Added connection com.mysql.cj.jdbc.ConnectionImpl@6c96c937
2025-08-30 10:06:40.886 [HikariPool-1 connection adder] DEBUG com.zaxxer.hikari.pool.HikariPool:[logPoolState:405] - HikariPool-1 - After adding stats (total=10, active=0, idle=10, waiting=0)
2025-08-30 10:06:40.926 [main] DEBUG o.m.s.boot.autoconfigure.MybatisAutoConfiguration:[afterPropertiesSet:319] - Not found configuration for registering mapper bean using @MapperScan, MapperFactoryBean and MapperScannerConfigurer.
2025-08-30 10:06:41.040 [main] INFO  o.s.c.n.e.c.DiscoveryClientOptionalArgsConfiguration:[restTemplateDiscoveryClientOptionalArgs:80] - Eureka HTTP Client uses RestTemplate.
2025-08-30 10:06:41.054 [main] WARN  o.s.c.l.c.LoadBalancerCacheAutoConfiguration$LoadBalancerCaffeineWarnLogger:[afterPropertiesSet:94] - Spring Cloud LoadBalancer is currently working with the default cache. While this cache implementation is useful for development and tests, it's recommended to use Caffeine cache in production.You can switch to using Caffeine cache, by adding it and org.springframework.cache.caffeine.CaffeineCacheManager to the classpath.
2025-08-30 10:06:41.087 [main] INFO  o.s.cloud.netflix.eureka.InstanceInfoFactory:[create:67] - Setting initial instance status as: STARTING
2025-08-30 10:06:41.099 [main] INFO  com.netflix.discovery.DiscoveryClient:[<init>:329] - Initializing Eureka in region us-east-1
2025-08-30 10:06:41.101 [main] INFO  c.n.d.shared.resolver.aws.ConfigClusterResolver:[getClusterEndpoints:43] - Resolving eureka endpoints via configuration
2025-08-30 10:06:41.106 [main] INFO  com.netflix.discovery.DiscoveryClient:[fetchRegistry:954] - Disable delta property : false
2025-08-30 10:06:41.106 [main] INFO  com.netflix.discovery.DiscoveryClient:[fetchRegistry:955] - Single vip registry refresh property : null
2025-08-30 10:06:41.106 [main] INFO  com.netflix.discovery.DiscoveryClient:[fetchRegistry:956] - Force full registry fetch : false
2025-08-30 10:06:41.106 [main] INFO  com.netflix.discovery.DiscoveryClient:[fetchRegistry:957] - Application is null : false
2025-08-30 10:06:41.106 [main] INFO  com.netflix.discovery.DiscoveryClient:[fetchRegistry:958] - Registered Applications size is zero : true
2025-08-30 10:06:41.106 [main] INFO  com.netflix.discovery.DiscoveryClient:[fetchRegistry:960] - Application version is -1: true
2025-08-30 10:06:41.107 [main] INFO  com.netflix.discovery.DiscoveryClient:[getAndStoreFullRegistry:1042] - Getting all instance registry info from the eureka server
2025-08-30 10:06:41.322 [main] INFO  com.netflix.discovery.DiscoveryClient:[getAndStoreFullRegistry:1051] - The response status is 200
2025-08-30 10:06:41.323 [main] INFO  com.netflix.discovery.DiscoveryClient:[initScheduledTasks:1266] - Starting heartbeat executor: renew interval is: 10
2025-08-30 10:06:41.324 [main] INFO  com.netflix.discovery.InstanceInfoReplicator:[<init>:64] - InstanceInfoReplicator onDemand update allowed rate per min is 4
2025-08-30 10:06:41.325 [main] INFO  com.netflix.discovery.DiscoveryClient:[<init>:455] - Discovery Client initialized at timestamp 1756519601325 with initial instances count: 2
2025-08-30 10:06:41.327 [main] INFO  o.s.c.n.e.serviceregistry.EurekaServiceRegistry:[register:70] - Registering application STORE-SERVICE with eureka with status UP
2025-08-30 10:06:41.328 [main] INFO  com.netflix.discovery.DiscoveryClient:[notify:1297] - Saw local status change event StatusChangeEvent [timestamp=1756519601328, current=UP, previous=STARTING]
2025-08-30 10:06:41.329 [DiscoveryClient-InstanceInfoReplicator-%d] INFO  com.netflix.discovery.DiscoveryClient:[register:825] - DiscoveryClient_STORE-SERVICE/SS11041203:store-service:8083: registering service...
2025-08-30 10:06:41.341 [main] INFO  o.s.boot.web.embedded.tomcat.TomcatWebServer:[start:243] - Tomcat started on port 8083 (http) with context path '/'
2025-08-30 10:06:41.342 [main] INFO  o.s.c.n.e.s.EurekaAutoServiceRegistration:[onApplicationEvent:150] - Updating port to 8083
2025-08-30 10:06:41.349 [DiscoveryClient-InstanceInfoReplicator-%d] INFO  com.netflix.discovery.DiscoveryClient:[register:834] - DiscoveryClient_STORE-SERVICE/SS11041203:store-service:8083 - registration status: 204
2025-08-30 10:06:41.350 [main] INFO  com.blm.store.StoreApplication:[logStarted:56] - Started StoreApplication in 2.371 seconds (process running for 2.934)
2025-08-30 10:07:10.473 [HikariPool-1 housekeeper] DEBUG com.zaxxer.hikari.pool.HikariPool:[logPoolState:405] - HikariPool-1 - Pool stats (total=10, active=0, idle=10, waiting=0)
2025-08-30 10:07:10.474 [HikariPool-1 housekeeper] DEBUG com.zaxxer.hikari.pool.HikariPool:[fillPool:510] - HikariPool-1 - Fill pool skipped, pool has sufficient level or currently being filled.
2025-08-30 10:07:40.483 [HikariPool-1 housekeeper] DEBUG com.zaxxer.hikari.pool.HikariPool:[logPoolState:405] - HikariPool-1 - Pool stats (total=10, active=0, idle=10, waiting=0)
2025-08-30 10:07:40.483 [HikariPool-1 housekeeper] DEBUG com.zaxxer.hikari.pool.HikariPool:[fillPool:510] - HikariPool-1 - Fill pool skipped, pool has sufficient level or currently being filled.
2025-08-30 10:08:10.491 [HikariPool-1 housekeeper] DEBUG com.zaxxer.hikari.pool.HikariPool:[logPoolState:405] - HikariPool-1 - Pool stats (total=10, active=0, idle=10, waiting=0)
2025-08-30 10:08:10.491 [HikariPool-1 housekeeper] DEBUG com.zaxxer.hikari.pool.HikariPool:[fillPool:510] - HikariPool-1 - Fill pool skipped, pool has sufficient level or currently being filled.
2025-08-30 10:08:40.505 [HikariPool-1 housekeeper] DEBUG com.zaxxer.hikari.pool.HikariPool:[logPoolState:405] - HikariPool-1 - Pool stats (total=10, active=0, idle=10, waiting=0)
2025-08-30 10:08:40.505 [HikariPool-1 housekeeper] DEBUG com.zaxxer.hikari.pool.HikariPool:[fillPool:510] - HikariPool-1 - Fill pool skipped, pool has sufficient level or currently being filled.
2025-08-30 10:09:10.512 [HikariPool-1 housekeeper] DEBUG com.zaxxer.hikari.pool.HikariPool:[logPoolState:405] - HikariPool-1 - Pool stats (total=10, active=0, idle=10, waiting=0)
2025-08-30 10:09:10.512 [HikariPool-1 housekeeper] DEBUG com.zaxxer.hikari.pool.HikariPool:[fillPool:510] - HikariPool-1 - Fill pool skipped, pool has sufficient level or currently being filled.
2025-08-30 10:09:40.513 [HikariPool-1 housekeeper] DEBUG com.zaxxer.hikari.pool.HikariPool:[logPoolState:405] - HikariPool-1 - Pool stats (total=10, active=0, idle=10, waiting=0)
2025-08-30 10:09:40.514 [HikariPool-1 housekeeper] DEBUG com.zaxxer.hikari.pool.HikariPool:[fillPool:510] - HikariPool-1 - Fill pool skipped, pool has sufficient level or currently being filled.
2025-08-30 10:10:10.518 [HikariPool-1 housekeeper] DEBUG com.zaxxer.hikari.pool.HikariPool:[logPoolState:405] - HikariPool-1 - Pool stats (total=10, active=0, idle=10, waiting=0)
2025-08-30 10:10:10.519 [HikariPool-1 housekeeper] DEBUG com.zaxxer.hikari.pool.HikariPool:[fillPool:510] - HikariPool-1 - Fill pool skipped, pool has sufficient level or currently being filled.
2025-08-30 10:10:40.524 [HikariPool-1 housekeeper] DEBUG com.zaxxer.hikari.pool.HikariPool:[logPoolState:405] - HikariPool-1 - Pool stats (total=10, active=0, idle=10, waiting=0)
2025-08-30 10:10:40.525 [HikariPool-1 housekeeper] DEBUG com.zaxxer.hikari.pool.HikariPool:[fillPool:510] - HikariPool-1 - Fill pool skipped, pool has sufficient level or currently being filled.
2025-08-30 10:11:10.538 [HikariPool-1 housekeeper] DEBUG com.zaxxer.hikari.pool.HikariPool:[logPoolState:405] - HikariPool-1 - Pool stats (total=10, active=0, idle=10, waiting=0)
2025-08-30 10:11:10.539 [HikariPool-1 housekeeper] DEBUG com.zaxxer.hikari.pool.HikariPool:[fillPool:510] - HikariPool-1 - Fill pool skipped, pool has sufficient level or currently being filled.
2025-08-30 10:11:40.540 [HikariPool-1 housekeeper] DEBUG com.zaxxer.hikari.pool.HikariPool:[logPoolState:405] - HikariPool-1 - Pool stats (total=10, active=0, idle=10, waiting=0)
2025-08-30 10:11:40.541 [HikariPool-1 housekeeper] DEBUG com.zaxxer.hikari.pool.HikariPool:[fillPool:510] - HikariPool-1 - Fill pool skipped, pool has sufficient level or currently being filled.
2025-08-30 10:11:41.121 [AsyncResolver-bootstrap-executor-%d] INFO  c.n.d.shared.resolver.aws.ConfigClusterResolver:[getClusterEndpoints:43] - Resolving eureka endpoints via configuration
2025-08-30 10:12:10.553 [HikariPool-1 housekeeper] DEBUG com.zaxxer.hikari.pool.HikariPool:[logPoolState:405] - HikariPool-1 - Pool stats (total=10, active=0, idle=10, waiting=0)
2025-08-30 10:12:10.554 [HikariPool-1 housekeeper] DEBUG com.zaxxer.hikari.pool.HikariPool:[fillPool:510] - HikariPool-1 - Fill pool skipped, pool has sufficient level or currently being filled.
2025-08-30 10:12:40.561 [HikariPool-1 housekeeper] DEBUG com.zaxxer.hikari.pool.HikariPool:[logPoolState:405] - HikariPool-1 - Pool stats (total=10, active=0, idle=10, waiting=0)
2025-08-30 10:12:40.561 [HikariPool-1 housekeeper] DEBUG com.zaxxer.hikari.pool.HikariPool:[fillPool:510] - HikariPool-1 - Fill pool skipped, pool has sufficient level or currently being filled.
2025-08-30 10:13:10.568 [HikariPool-1 housekeeper] DEBUG com.zaxxer.hikari.pool.HikariPool:[logPoolState:405] - HikariPool-1 - Pool stats (total=10, active=0, idle=10, waiting=0)
2025-08-30 10:13:10.568 [HikariPool-1 housekeeper] DEBUG com.zaxxer.hikari.pool.HikariPool:[fillPool:510] - HikariPool-1 - Fill pool skipped, pool has sufficient level or currently being filled.
2025-08-30 10:13:40.573 [HikariPool-1 housekeeper] DEBUG com.zaxxer.hikari.pool.HikariPool:[logPoolState:405] - HikariPool-1 - Pool stats (total=10, active=0, idle=10, waiting=0)
2025-08-30 10:13:40.573 [HikariPool-1 housekeeper] DEBUG com.zaxxer.hikari.pool.HikariPool:[fillPool:510] - HikariPool-1 - Fill pool skipped, pool has sufficient level or currently being filled.
2025-08-30 10:14:10.589 [HikariPool-1 housekeeper] DEBUG com.zaxxer.hikari.pool.HikariPool:[logPoolState:405] - HikariPool-1 - Pool stats (total=10, active=0, idle=10, waiting=0)
2025-08-30 10:14:10.589 [HikariPool-1 housekeeper] DEBUG com.zaxxer.hikari.pool.HikariPool:[fillPool:510] - HikariPool-1 - Fill pool skipped, pool has sufficient level or currently being filled.
2025-08-30 10:14:40.594 [HikariPool-1 housekeeper] DEBUG com.zaxxer.hikari.pool.HikariPool:[logPoolState:405] - HikariPool-1 - Pool stats (total=10, active=0, idle=10, waiting=0)
2025-08-30 10:14:40.594 [HikariPool-1 housekeeper] DEBUG com.zaxxer.hikari.pool.HikariPool:[fillPool:510] - HikariPool-1 - Fill pool skipped, pool has sufficient level or currently being filled.
2025-08-30 10:15:10.606 [HikariPool-1 housekeeper] DEBUG com.zaxxer.hikari.pool.HikariPool:[logPoolState:405] - HikariPool-1 - Pool stats (total=10, active=0, idle=10, waiting=0)
2025-08-30 10:15:10.606 [HikariPool-1 housekeeper] DEBUG com.zaxxer.hikari.pool.HikariPool:[fillPool:510] - HikariPool-1 - Fill pool skipped, pool has sufficient level or currently being filled.
2025-08-30 10:15:40.618 [HikariPool-1 housekeeper] DEBUG com.zaxxer.hikari.pool.HikariPool:[logPoolState:405] - HikariPool-1 - Pool stats (total=10, active=0, idle=10, waiting=0)
2025-08-30 10:15:40.619 [HikariPool-1 housekeeper] DEBUG com.zaxxer.hikari.pool.HikariPool:[fillPool:510] - HikariPool-1 - Fill pool skipped, pool has sufficient level or currently being filled.
2025-08-30 10:16:10.633 [HikariPool-1 housekeeper] DEBUG com.zaxxer.hikari.pool.HikariPool:[logPoolState:405] - HikariPool-1 - Pool stats (total=10, active=0, idle=10, waiting=0)
2025-08-30 10:16:10.633 [HikariPool-1 housekeeper] DEBUG com.zaxxer.hikari.pool.HikariPool:[fillPool:510] - HikariPool-1 - Fill pool skipped, pool has sufficient level or currently being filled.
2025-08-30 10:16:40.647 [HikariPool-1 housekeeper] DEBUG com.zaxxer.hikari.pool.HikariPool:[logPoolState:405] - HikariPool-1 - Pool stats (total=10, active=0, idle=10, waiting=0)
2025-08-30 10:16:40.648 [HikariPool-1 housekeeper] DEBUG com.zaxxer.hikari.pool.HikariPool:[fillPool:510] - HikariPool-1 - Fill pool skipped, pool has sufficient level or currently being filled.
2025-08-30 10:16:41.134 [AsyncResolver-bootstrap-executor-%d] INFO  c.n.d.shared.resolver.aws.ConfigClusterResolver:[getClusterEndpoints:43] - Resolving eureka endpoints via configuration
2025-08-30 10:17:10.657 [HikariPool-1 housekeeper] DEBUG com.zaxxer.hikari.pool.HikariPool:[logPoolState:405] - HikariPool-1 - Pool stats (total=10, active=0, idle=10, waiting=0)
2025-08-30 10:17:10.657 [HikariPool-1 housekeeper] DEBUG com.zaxxer.hikari.pool.HikariPool:[fillPool:510] - HikariPool-1 - Fill pool skipped, pool has sufficient level or currently being filled.
2025-08-30 10:17:40.665 [HikariPool-1 housekeeper] DEBUG com.zaxxer.hikari.pool.HikariPool:[logPoolState:405] - HikariPool-1 - Pool stats (total=10, active=0, idle=10, waiting=0)
2025-08-30 10:17:40.666 [HikariPool-1 housekeeper] DEBUG com.zaxxer.hikari.pool.HikariPool:[fillPool:510] - HikariPool-1 - Fill pool skipped, pool has sufficient level or currently being filled.
2025-08-30 10:17:50.317 [SpringApplicationShutdownHook] INFO  o.s.c.n.e.serviceregistry.EurekaServiceRegistry:[deregister:91] - Unregistering application STORE-SERVICE with eureka with status DOWN
2025-08-30 10:17:50.317 [SpringApplicationShutdownHook] INFO  com.netflix.discovery.DiscoveryClient:[notify:1297] - Saw local status change event StatusChangeEvent [timestamp=1756520270317, current=DOWN, previous=UP]
2025-08-30 10:17:50.318 [DiscoveryClient-InstanceInfoReplicator-%d] INFO  com.netflix.discovery.DiscoveryClient:[register:825] - DiscoveryClient_STORE-SERVICE/SS11041203:store-service:8083: registering service...
2025-08-30 10:17:50.337 [DiscoveryClient-InstanceInfoReplicator-%d] INFO  com.netflix.discovery.DiscoveryClient:[register:834] - DiscoveryClient_STORE-SERVICE/SS11041203:store-service:8083 - registration status: 204
2025-08-30 10:17:50.339 [SpringApplicationShutdownHook] INFO  com.zaxxer.hikari.HikariDataSource:[close:349] - HikariPool-1 - Shutdown initiated...
2025-08-30 10:17:50.340 [SpringApplicationShutdownHook] DEBUG com.zaxxer.hikari.pool.HikariPool:[logPoolState:405] - HikariPool-1 - Before shutdown stats (total=10, active=0, idle=10, waiting=0)
2025-08-30 10:17:50.341 [HikariPool-1 connection closer] DEBUG com.zaxxer.hikari.pool.PoolBase:[quietlyCloseConnection:133] - HikariPool-1 - Closing connection com.mysql.cj.jdbc.ConnectionImpl@20b54cfe: (connection evicted)
2025-08-30 10:17:50.346 [HikariPool-1 connection closer] DEBUG com.zaxxer.hikari.pool.PoolBase:[quietlyCloseConnection:133] - HikariPool-1 - Closing connection com.mysql.cj.jdbc.ConnectionImpl@2416c949: (connection evicted)
2025-08-30 10:17:50.346 [HikariPool-1 connection closer] DEBUG com.zaxxer.hikari.pool.PoolBase:[quietlyCloseConnection:133] - HikariPool-1 - Closing connection com.mysql.cj.jdbc.ConnectionImpl@652bc372: (connection evicted)
2025-08-30 10:17:50.347 [HikariPool-1 connection closer] DEBUG com.zaxxer.hikari.pool.PoolBase:[quietlyCloseConnection:133] - HikariPool-1 - Closing connection com.mysql.cj.jdbc.ConnectionImpl@5484628f: (connection evicted)
2025-08-30 10:17:50.347 [HikariPool-1 connection closer] DEBUG com.zaxxer.hikari.pool.PoolBase:[quietlyCloseConnection:133] - HikariPool-1 - Closing connection com.mysql.cj.jdbc.ConnectionImpl@5043c3d: (connection evicted)
2025-08-30 10:17:50.347 [HikariPool-1 connection closer] DEBUG com.zaxxer.hikari.pool.PoolBase:[quietlyCloseConnection:133] - HikariPool-1 - Closing connection com.mysql.cj.jdbc.ConnectionImpl@6186851d: (connection evicted)
2025-08-30 10:17:50.347 [HikariPool-1 connection closer] DEBUG com.zaxxer.hikari.pool.PoolBase:[quietlyCloseConnection:133] - HikariPool-1 - Closing connection com.mysql.cj.jdbc.ConnectionImpl@14a4598: (connection evicted)
2025-08-30 10:17:50.348 [HikariPool-1 connection closer] DEBUG com.zaxxer.hikari.pool.PoolBase:[quietlyCloseConnection:133] - HikariPool-1 - Closing connection com.mysql.cj.jdbc.ConnectionImpl@4aa4a343: (connection evicted)
2025-08-30 10:17:50.348 [HikariPool-1 connection closer] DEBUG com.zaxxer.hikari.pool.PoolBase:[quietlyCloseConnection:133] - HikariPool-1 - Closing connection com.mysql.cj.jdbc.ConnectionImpl@6762b230: (connection evicted)
2025-08-30 10:17:50.348 [HikariPool-1 connection closer] DEBUG com.zaxxer.hikari.pool.PoolBase:[quietlyCloseConnection:133] - HikariPool-1 - Closing connection com.mysql.cj.jdbc.ConnectionImpl@6c96c937: (connection evicted)
2025-08-30 10:17:50.349 [SpringApplicationShutdownHook] DEBUG com.zaxxer.hikari.pool.HikariPool:[logPoolState:405] - HikariPool-1 - After shutdown stats (total=0, active=0, idle=0, waiting=0)
2025-08-30 10:17:50.349 [SpringApplicationShutdownHook] INFO  com.zaxxer.hikari.HikariDataSource:[close:351] - HikariPool-1 - Shutdown completed.
2025-08-30 10:17:50.349 [SpringApplicationShutdownHook] INFO  com.netflix.discovery.DiscoveryClient:[shutdown:887] - Shutting down DiscoveryClient ...
2025-08-30 10:17:52.997 [DiscoveryClient-HeartbeatExecutor-%d] INFO  c.n.d.s.t.decorator.RedirectingEurekaHttpClient:[execute:93] - Request execution error. endpoint=DefaultEndpoint{ serviceUrl='http://localhost:8761/eureka/} exception=I/O error on PUT request for "http://localhost:8761/eureka/apps/STORE-SERVICE/SS11041203:store-service:8083": Connect to http://localhost:8761 [localhost/127.0.0.1, localhost/0:0:0:0:0:0:0:1] failed: Connection refused: getsockopt stacktrace=org.springframework.web.client.ResourceAccessException: I/O error on PUT request for "http://localhost:8761/eureka/apps/STORE-SERVICE/SS11041203:store-service:8083": Connect to http://localhost:8761 [localhost/127.0.0.1, localhost/0:0:0:0:0:0:0:1] failed: Connection refused: getsockopt
	at org.springframework.web.client.RestTemplate.createResourceAccessException(RestTemplate.java:915)
	at org.springframework.web.client.RestTemplate.doExecute(RestTemplate.java:895)
	at org.springframework.web.client.RestTemplate.execute(RestTemplate.java:790)
	at org.springframework.web.client.RestTemplate.exchange(RestTemplate.java:672)
	at org.springframework.cloud.netflix.eureka.http.RestTemplateEurekaHttpClient.sendHeartBeat(RestTemplateEurekaHttpClient.java:99)
	at com.netflix.discovery.shared.transport.decorator.EurekaHttpClientDecorator$3.execute(EurekaHttpClientDecorator.java:92)
	at com.netflix.discovery.shared.transport.decorator.RedirectingEurekaHttpClient.execute(RedirectingEurekaHttpClient.java:91)
	at com.netflix.discovery.shared.transport.decorator.EurekaHttpClientDecorator.sendHeartBeat(EurekaHttpClientDecorator.java:89)
	at com.netflix.discovery.shared.transport.decorator.EurekaHttpClientDecorator$3.execute(EurekaHttpClientDecorator.java:92)
	at com.netflix.discovery.shared.transport.decorator.RetryableEurekaHttpClient.execute(RetryableEurekaHttpClient.java:120)
	at com.netflix.discovery.shared.transport.decorator.EurekaHttpClientDecorator.sendHeartBeat(EurekaHttpClientDecorator.java:89)
	at com.netflix.discovery.shared.transport.decorator.EurekaHttpClientDecorator$3.execute(EurekaHttpClientDecorator.java:92)
	at com.netflix.discovery.shared.transport.decorator.SessionedEurekaHttpClient.execute(SessionedEurekaHttpClient.java:76)
	at com.netflix.discovery.shared.transport.decorator.EurekaHttpClientDecorator.sendHeartBeat(EurekaHttpClientDecorator.java:89)
	at com.netflix.discovery.DiscoveryClient.renew(DiscoveryClient.java:845)
	at com.netflix.discovery.DiscoveryClient$HeartbeatThread.run(DiscoveryClient.java:1402)
	at java.base/java.util.concurrent.Executors$RunnableAdapter.call(Executors.java:572)
	at java.base/java.util.concurrent.FutureTask.run(FutureTask.java:317)
	at java.base/java.util.concurrent.ThreadPoolExecutor.runWorker(ThreadPoolExecutor.java:1144)
	at java.base/java.util.concurrent.ThreadPoolExecutor$Worker.run(ThreadPoolExecutor.java:642)
	at java.base/java.lang.Thread.run(Thread.java:1575)
Caused by: org.apache.hc.client5.http.HttpHostConnectException: Connect to http://localhost:8761 [localhost/127.0.0.1, localhost/0:0:0:0:0:0:0:1] failed: Connection refused: getsockopt
	at java.base/sun.nio.ch.Net.pollConnect(Native Method)
	at java.base/sun.nio.ch.Net.pollConnectNow(Net.java:682)
	at java.base/sun.nio.ch.NioSocketImpl.timedFinishConnect(NioSocketImpl.java:542)
	at java.base/sun.nio.ch.NioSocketImpl.connect(NioSocketImpl.java:592)
	at java.base/java.net.SocksSocketImpl.connect(SocksSocketImpl.java:327)
	at java.base/java.net.Socket.connect(Socket.java:760)
	at org.apache.hc.client5.http.socket.PlainConnectionSocketFactory.lambda$connectSocket$0(PlainConnectionSocketFactory.java:91)
	at java.base/java.security.AccessController.doPrivileged(AccessController.java:571)
	at org.apache.hc.client5.http.socket.PlainConnectionSocketFactory.connectSocket(PlainConnectionSocketFactory.java:90)
	at org.apache.hc.client5.http.socket.ConnectionSocketFactory.connectSocket(ConnectionSocketFactory.java:123)
	at org.apache.hc.client5.http.impl.io.DefaultHttpClientConnectionOperator.connect(DefaultHttpClientConnectionOperator.java:189)
	at org.apache.hc.client5.http.impl.io.PoolingHttpClientConnectionManager.connect(PoolingHttpClientConnectionManager.java:450)
	at org.apache.hc.client5.http.impl.classic.InternalExecRuntime.connectEndpoint(InternalExecRuntime.java:162)
	at org.apache.hc.client5.http.impl.classic.InternalExecRuntime.connectEndpoint(InternalExecRuntime.java:172)
	at org.apache.hc.client5.http.impl.classic.ConnectExec.execute(ConnectExec.java:142)
	at org.apache.hc.client5.http.impl.classic.ExecChainElement.execute(ExecChainElement.java:51)
	at org.apache.hc.client5.http.impl.classic.ProtocolExec.execute(ProtocolExec.java:192)
	at org.apache.hc.client5.http.impl.classic.ExecChainElement.execute(ExecChainElement.java:51)
	at org.apache.hc.client5.http.impl.classic.HttpRequestRetryExec.execute(HttpRequestRetryExec.java:113)
	at org.apache.hc.client5.http.impl.classic.ExecChainElement.execute(ExecChainElement.java:51)
	at org.apache.hc.client5.http.impl.classic.ContentCompressionExec.execute(ContentCompressionExec.java:152)
	at org.apache.hc.client5.http.impl.classic.ExecChainElement.execute(ExecChainElement.java:51)
	at org.apache.hc.client5.http.impl.classic.RedirectExec.execute(RedirectExec.java:116)
	at org.apache.hc.client5.http.impl.classic.ExecChainElement.execute(ExecChainElement.java:51)
	at org.apache.hc.client5.http.impl.classic.InternalHttpClient.doExecute(InternalHttpClient.java:170)
	at org.apache.hc.client5.http.impl.classic.CloseableHttpClient.execute(CloseableHttpClient.java:87)
	at org.apache.hc.client5.http.impl.classic.CloseableHttpClient.execute(CloseableHttpClient.java:55)
	at org.apache.hc.client5.http.classic.HttpClient.executeOpen(HttpClient.java:183)
	at org.springframework.http.client.HttpComponentsClientHttpRequest.executeInternal(HttpComponentsClientHttpRequest.java:99)
	at org.springframework.http.client.AbstractStreamingClientHttpRequest.executeInternal(AbstractStreamingClientHttpRequest.java:70)
	at org.springframework.http.client.AbstractClientHttpRequest.execute(AbstractClientHttpRequest.java:66)
	at org.springframework.http.client.InterceptingClientHttpRequest$InterceptingRequestExecution.execute(InterceptingClientHttpRequest.java:112)
	at org.springframework.cloud.netflix.eureka.http.RestTemplateTransportClientFactory.lambda$restTemplate$3(RestTemplateTransportClientFactory.java:170)
	at org.springframework.http.client.InterceptingClientHttpRequest$InterceptingRequestExecution.execute(InterceptingClientHttpRequest.java:88)
	at org.springframework.http.client.InterceptingClientHttpRequest.executeInternal(InterceptingClientHttpRequest.java:72)
	at org.springframework.http.client.AbstractBufferingClientHttpRequest.executeInternal(AbstractBufferingClientHttpRequest.java:48)
	at org.springframework.http.client.AbstractClientHttpRequest.execute(AbstractClientHttpRequest.java:66)
	at org.springframework.web.client.RestTemplate.doExecute(RestTemplate.java:889)
	... 19 more

2025-08-30 10:17:52.997 [DiscoveryClient-HeartbeatExecutor-%d] WARN  c.n.d.s.t.decorator.RetryableEurekaHttpClient:[execute:130] - Request execution failed with message: I/O error on PUT request for "http://localhost:8761/eureka/apps/STORE-SERVICE/SS11041203:store-service:8083": Connect to http://localhost:8761 [localhost/127.0.0.1, localhost/0:0:0:0:0:0:0:1] failed: Connection refused: getsockopt
2025-08-30 10:17:53.040 [DiscoveryClient-HeartbeatExecutor-%d] INFO  c.n.d.s.t.decorator.RedirectingEurekaHttpClient:[execute:84] - Request execution error. endpoint=DefaultEndpoint{ serviceUrl='http://localhost:8761/eureka/}, exception=I/O error on PUT request for "http://localhost:8761/eureka/apps/STORE-SERVICE/SS11041203:store-service:8083": Connect to http://localhost:8761 [localhost/127.0.0.1, localhost/0:0:0:0:0:0:0:1] failed: Connection refused: getsockopt stacktrace=org.springframework.web.client.ResourceAccessException: I/O error on PUT request for "http://localhost:8761/eureka/apps/STORE-SERVICE/SS11041203:store-service:8083": Connect to http://localhost:8761 [localhost/127.0.0.1, localhost/0:0:0:0:0:0:0:1] failed: Connection refused: getsockopt
	at org.springframework.web.client.RestTemplate.createResourceAccessException(RestTemplate.java:915)
	at org.springframework.web.client.RestTemplate.doExecute(RestTemplate.java:895)
	at org.springframework.web.client.RestTemplate.execute(RestTemplate.java:790)
	at org.springframework.web.client.RestTemplate.exchange(RestTemplate.java:672)
	at org.springframework.cloud.netflix.eureka.http.RestTemplateEurekaHttpClient.sendHeartBeat(RestTemplateEurekaHttpClient.java:99)
	at com.netflix.discovery.shared.transport.decorator.EurekaHttpClientDecorator$3.execute(EurekaHttpClientDecorator.java:92)
	at com.netflix.discovery.shared.transport.decorator.RedirectingEurekaHttpClient.executeOnNewServer(RedirectingEurekaHttpClient.java:121)
	at com.netflix.discovery.shared.transport.decorator.RedirectingEurekaHttpClient.execute(RedirectingEurekaHttpClient.java:80)
	at com.netflix.discovery.shared.transport.decorator.EurekaHttpClientDecorator.sendHeartBeat(EurekaHttpClientDecorator.java:89)
	at com.netflix.discovery.shared.transport.decorator.EurekaHttpClientDecorator$3.execute(EurekaHttpClientDecorator.java:92)
	at com.netflix.discovery.shared.transport.decorator.RetryableEurekaHttpClient.execute(RetryableEurekaHttpClient.java:120)
	at com.netflix.discovery.shared.transport.decorator.EurekaHttpClientDecorator.sendHeartBeat(EurekaHttpClientDecorator.java:89)
	at com.netflix.discovery.shared.transport.decorator.EurekaHttpClientDecorator$3.execute(EurekaHttpClientDecorator.java:92)
	at com.netflix.discovery.shared.transport.decorator.SessionedEurekaHttpClient.execute(SessionedEurekaHttpClient.java:76)
	at com.netflix.discovery.shared.transport.decorator.EurekaHttpClientDecorator.sendHeartBeat(EurekaHttpClientDecorator.java:89)
	at com.netflix.discovery.DiscoveryClient.renew(DiscoveryClient.java:845)
	at com.netflix.discovery.DiscoveryClient$HeartbeatThread.run(DiscoveryClient.java:1402)
	at java.base/java.util.concurrent.Executors$RunnableAdapter.call(Executors.java:572)
	at java.base/java.util.concurrent.FutureTask.run(FutureTask.java:317)
	at java.base/java.util.concurrent.ThreadPoolExecutor.runWorker(ThreadPoolExecutor.java:1144)
	at java.base/java.util.concurrent.ThreadPoolExecutor$Worker.run(ThreadPoolExecutor.java:642)
	at java.base/java.lang.Thread.run(Thread.java:1575)
Caused by: org.apache.hc.client5.http.HttpHostConnectException: Connect to http://localhost:8761 [localhost/127.0.0.1, localhost/0:0:0:0:0:0:0:1] failed: Connection refused: getsockopt
	at java.base/sun.nio.ch.Net.pollConnect(Native Method)
	at java.base/sun.nio.ch.Net.pollConnectNow(Net.java:682)
	at java.base/sun.nio.ch.NioSocketImpl.timedFinishConnect(NioSocketImpl.java:542)
	at java.base/sun.nio.ch.NioSocketImpl.connect(NioSocketImpl.java:592)
	at java.base/java.net.SocksSocketImpl.connect(SocksSocketImpl.java:327)
	at java.base/java.net.Socket.connect(Socket.java:760)
	at org.apache.hc.client5.http.socket.PlainConnectionSocketFactory.lambda$connectSocket$0(PlainConnectionSocketFactory.java:91)
	at java.base/java.security.AccessController.doPrivileged(AccessController.java:571)
	at org.apache.hc.client5.http.socket.PlainConnectionSocketFactory.connectSocket(PlainConnectionSocketFactory.java:90)
	at org.apache.hc.client5.http.socket.ConnectionSocketFactory.connectSocket(ConnectionSocketFactory.java:123)
	at org.apache.hc.client5.http.impl.io.DefaultHttpClientConnectionOperator.connect(DefaultHttpClientConnectionOperator.java:189)
	at org.apache.hc.client5.http.impl.io.PoolingHttpClientConnectionManager.connect(PoolingHttpClientConnectionManager.java:450)
	at org.apache.hc.client5.http.impl.classic.InternalExecRuntime.connectEndpoint(InternalExecRuntime.java:162)
	at org.apache.hc.client5.http.impl.classic.InternalExecRuntime.connectEndpoint(InternalExecRuntime.java:172)
	at org.apache.hc.client5.http.impl.classic.ConnectExec.execute(ConnectExec.java:142)
	at org.apache.hc.client5.http.impl.classic.ExecChainElement.execute(ExecChainElement.java:51)
	at org.apache.hc.client5.http.impl.classic.ProtocolExec.execute(ProtocolExec.java:192)
	at org.apache.hc.client5.http.impl.classic.ExecChainElement.execute(ExecChainElement.java:51)
	at org.apache.hc.client5.http.impl.classic.HttpRequestRetryExec.execute(HttpRequestRetryExec.java:113)
	at org.apache.hc.client5.http.impl.classic.ExecChainElement.execute(ExecChainElement.java:51)
	at org.apache.hc.client5.http.impl.classic.ContentCompressionExec.execute(ContentCompressionExec.java:152)
	at org.apache.hc.client5.http.impl.classic.ExecChainElement.execute(ExecChainElement.java:51)
	at org.apache.hc.client5.http.impl.classic.RedirectExec.execute(RedirectExec.java:116)
	at org.apache.hc.client5.http.impl.classic.ExecChainElement.execute(ExecChainElement.java:51)
	at org.apache.hc.client5.http.impl.classic.InternalHttpClient.doExecute(InternalHttpClient.java:170)
	at org.apache.hc.client5.http.impl.classic.CloseableHttpClient.execute(CloseableHttpClient.java:87)
	at org.apache.hc.client5.http.impl.classic.CloseableHttpClient.execute(CloseableHttpClient.java:55)
	at org.apache.hc.client5.http.classic.HttpClient.executeOpen(HttpClient.java:183)
	at org.springframework.http.client.HttpComponentsClientHttpRequest.executeInternal(HttpComponentsClientHttpRequest.java:99)
	at org.springframework.http.client.AbstractStreamingClientHttpRequest.executeInternal(AbstractStreamingClientHttpRequest.java:70)
	at org.springframework.http.client.AbstractClientHttpRequest.execute(AbstractClientHttpRequest.java:66)
	at org.springframework.http.client.InterceptingClientHttpRequest$InterceptingRequestExecution.execute(InterceptingClientHttpRequest.java:112)
	at org.springframework.cloud.netflix.eureka.http.RestTemplateTransportClientFactory.lambda$restTemplate$3(RestTemplateTransportClientFactory.java:170)
	at org.springframework.http.client.InterceptingClientHttpRequest$InterceptingRequestExecution.execute(InterceptingClientHttpRequest.java:88)
	at org.springframework.http.client.InterceptingClientHttpRequest.executeInternal(InterceptingClientHttpRequest.java:72)
	at org.springframework.http.client.AbstractBufferingClientHttpRequest.executeInternal(AbstractBufferingClientHttpRequest.java:48)
	at org.springframework.http.client.AbstractClientHttpRequest.execute(AbstractClientHttpRequest.java:66)
	at org.springframework.web.client.RestTemplate.doExecute(RestTemplate.java:889)
	... 20 more

2025-08-30 10:17:53.040 [DiscoveryClient-HeartbeatExecutor-%d] WARN  c.n.d.s.t.decorator.RetryableEurekaHttpClient:[execute:130] - Request execution failed with message: I/O error on PUT request for "http://localhost:8761/eureka/apps/STORE-SERVICE/SS11041203:store-service:8083": Connect to http://localhost:8761 [localhost/127.0.0.1, localhost/0:0:0:0:0:0:0:1] failed: Connection refused: getsockopt
2025-08-30 10:17:53.040 [DiscoveryClient-HeartbeatExecutor-%d] ERROR com.netflix.discovery.DiscoveryClient:[renew:859] - DiscoveryClient_STORE-SERVICE/SS11041203:store-service:8083 - was unable to send heartbeat!
com.netflix.discovery.shared.transport.TransportException: Cannot execute request on any known server
	at com.netflix.discovery.shared.transport.decorator.RetryableEurekaHttpClient.execute(RetryableEurekaHttpClient.java:112)
	at com.netflix.discovery.shared.transport.decorator.EurekaHttpClientDecorator.sendHeartBeat(EurekaHttpClientDecorator.java:89)
	at com.netflix.discovery.shared.transport.decorator.EurekaHttpClientDecorator$3.execute(EurekaHttpClientDecorator.java:92)
	at com.netflix.discovery.shared.transport.decorator.SessionedEurekaHttpClient.execute(SessionedEurekaHttpClient.java:76)
	at com.netflix.discovery.shared.transport.decorator.EurekaHttpClientDecorator.sendHeartBeat(EurekaHttpClientDecorator.java:89)
	at com.netflix.discovery.DiscoveryClient.renew(DiscoveryClient.java:845)
	at com.netflix.discovery.DiscoveryClient$HeartbeatThread.run(DiscoveryClient.java:1402)
	at java.base/java.util.concurrent.Executors$RunnableAdapter.call(Executors.java:572)
	at java.base/java.util.concurrent.FutureTask.run(FutureTask.java:317)
	at java.base/java.util.concurrent.ThreadPoolExecutor.runWorker(ThreadPoolExecutor.java:1144)
	at java.base/java.util.concurrent.ThreadPoolExecutor$Worker.run(ThreadPoolExecutor.java:642)
	at java.base/java.lang.Thread.run(Thread.java:1575)
2025-08-30 10:17:53.354 [SpringApplicationShutdownHook] INFO  com.netflix.discovery.DiscoveryClient:[unregister:918] - Unregistering ...
2025-08-30 10:17:53.359 [SpringApplicationShutdownHook] INFO  c.n.d.s.t.decorator.RedirectingEurekaHttpClient:[execute:84] - Request execution error. endpoint=DefaultEndpoint{ serviceUrl='http://localhost:8761/eureka/}, exception=I/O error on DELETE request for "http://localhost:8761/eureka/apps/STORE-SERVICE/SS11041203:store-service:8083": Connect to http://localhost:8761 [localhost/127.0.0.1, localhost/0:0:0:0:0:0:0:1] failed: Connection refused: getsockopt stacktrace=org.springframework.web.client.ResourceAccessException: I/O error on DELETE request for "http://localhost:8761/eureka/apps/STORE-SERVICE/SS11041203:store-service:8083": Connect to http://localhost:8761 [localhost/127.0.0.1, localhost/0:0:0:0:0:0:0:1] failed: Connection refused: getsockopt
	at org.springframework.web.client.RestTemplate.createResourceAccessException(RestTemplate.java:915)
	at org.springframework.web.client.RestTemplate.doExecute(RestTemplate.java:895)
	at org.springframework.web.client.RestTemplate.execute(RestTemplate.java:790)
	at org.springframework.web.client.RestTemplate.exchange(RestTemplate.java:672)
	at org.springframework.cloud.netflix.eureka.http.RestTemplateEurekaHttpClient.cancel(RestTemplateEurekaHttpClient.java:87)
	at com.netflix.discovery.shared.transport.decorator.EurekaHttpClientDecorator$2.execute(EurekaHttpClientDecorator.java:74)
	at com.netflix.discovery.shared.transport.decorator.RedirectingEurekaHttpClient.executeOnNewServer(RedirectingEurekaHttpClient.java:121)
	at com.netflix.discovery.shared.transport.decorator.RedirectingEurekaHttpClient.execute(RedirectingEurekaHttpClient.java:80)
	at com.netflix.discovery.shared.transport.decorator.EurekaHttpClientDecorator.cancel(EurekaHttpClientDecorator.java:71)
	at com.netflix.discovery.shared.transport.decorator.EurekaHttpClientDecorator$2.execute(EurekaHttpClientDecorator.java:74)
	at com.netflix.discovery.shared.transport.decorator.RetryableEurekaHttpClient.execute(RetryableEurekaHttpClient.java:120)
	at com.netflix.discovery.shared.transport.decorator.EurekaHttpClientDecorator.cancel(EurekaHttpClientDecorator.java:71)
	at com.netflix.discovery.shared.transport.decorator.EurekaHttpClientDecorator$2.execute(EurekaHttpClientDecorator.java:74)
	at com.netflix.discovery.shared.transport.decorator.SessionedEurekaHttpClient.execute(SessionedEurekaHttpClient.java:76)
	at com.netflix.discovery.shared.transport.decorator.EurekaHttpClientDecorator.cancel(EurekaHttpClientDecorator.java:71)
	at com.netflix.discovery.DiscoveryClient.unregister(DiscoveryClient.java:919)
	at com.netflix.discovery.DiscoveryClient.shutdown(DiscoveryClient.java:900)
	at java.base/jdk.internal.reflect.DirectMethodHandleAccessor.invoke(DirectMethodHandleAccessor.java:103)
	at java.base/java.lang.reflect.Method.invoke(Method.java:580)
	at org.springframework.beans.factory.annotation.InitDestroyAnnotationBeanPostProcessor$LifecycleMethod.invoke(InitDestroyAnnotationBeanPostProcessor.java:457)
	at org.springframework.beans.factory.annotation.InitDestroyAnnotationBeanPostProcessor$LifecycleMetadata.invokeDestroyMethods(InitDestroyAnnotationBeanPostProcessor.java:415)
	at org.springframework.beans.factory.annotation.InitDestroyAnnotationBeanPostProcessor.postProcessBeforeDestruction(InitDestroyAnnotationBeanPostProcessor.java:239)
	at org.springframework.beans.factory.support.DisposableBeanAdapter.destroy(DisposableBeanAdapter.java:202)
	at org.springframework.beans.factory.support.DisposableBeanAdapter.run(DisposableBeanAdapter.java:195)
	at org.springframework.cloud.context.scope.GenericScope$BeanLifecycleWrapper.destroy(GenericScope.java:389)
	at org.springframework.cloud.context.scope.GenericScope.destroy(GenericScope.java:136)
	at org.springframework.beans.factory.support.DisposableBeanAdapter.destroy(DisposableBeanAdapter.java:211)
	at org.springframework.beans.factory.support.DefaultSingletonBeanRegistry.destroyBean(DefaultSingletonBeanRegistry.java:587)
	at org.springframework.beans.factory.support.DefaultSingletonBeanRegistry.destroySingleton(DefaultSingletonBeanRegistry.java:559)
	at org.springframework.beans.factory.support.DefaultListableBeanFactory.destroySingleton(DefaultListableBeanFactory.java:1202)
	at org.springframework.beans.factory.support.DefaultSingletonBeanRegistry.destroySingletons(DefaultSingletonBeanRegistry.java:520)
	at org.springframework.beans.factory.support.DefaultListableBeanFactory.destroySingletons(DefaultListableBeanFactory.java:1195)
	at org.springframework.context.support.AbstractApplicationContext.destroyBeans(AbstractApplicationContext.java:1195)
	at org.springframework.context.support.AbstractApplicationContext.doClose(AbstractApplicationContext.java:1156)
	at org.springframework.boot.web.servlet.context.ServletWebServerApplicationContext.doClose(ServletWebServerApplicationContext.java:174)
	at org.springframework.context.support.AbstractApplicationContext.close(AbstractApplicationContext.java:1102)
	at org.springframework.boot.SpringApplicationShutdownHook.closeAndWait(SpringApplicationShutdownHook.java:145)
	at java.base/java.lang.Iterable.forEach(Iterable.java:75)
	at org.springframework.boot.SpringApplicationShutdownHook.run(SpringApplicationShutdownHook.java:114)
	at java.base/java.lang.Thread.run(Thread.java:1575)
Caused by: org.apache.hc.client5.http.HttpHostConnectException: Connect to http://localhost:8761 [localhost/127.0.0.1, localhost/0:0:0:0:0:0:0:1] failed: Connection refused: getsockopt
	at java.base/sun.nio.ch.Net.pollConnect(Native Method)
	at java.base/sun.nio.ch.Net.pollConnectNow(Net.java:682)
	at java.base/sun.nio.ch.NioSocketImpl.timedFinishConnect(NioSocketImpl.java:542)
	at java.base/sun.nio.ch.NioSocketImpl.connect(NioSocketImpl.java:592)
	at java.base/java.net.SocksSocketImpl.connect(SocksSocketImpl.java:327)
	at java.base/java.net.Socket.connect(Socket.java:760)
	at org.apache.hc.client5.http.socket.PlainConnectionSocketFactory.lambda$connectSocket$0(PlainConnectionSocketFactory.java:91)
	at java.base/java.security.AccessController.doPrivileged(AccessController.java:571)
	at org.apache.hc.client5.http.socket.PlainConnectionSocketFactory.connectSocket(PlainConnectionSocketFactory.java:90)
	at org.apache.hc.client5.http.socket.ConnectionSocketFactory.connectSocket(ConnectionSocketFactory.java:123)
	at org.apache.hc.client5.http.impl.io.DefaultHttpClientConnectionOperator.connect(DefaultHttpClientConnectionOperator.java:189)
	at org.apache.hc.client5.http.impl.io.PoolingHttpClientConnectionManager.connect(PoolingHttpClientConnectionManager.java:450)
	at org.apache.hc.client5.http.impl.classic.InternalExecRuntime.connectEndpoint(InternalExecRuntime.java:162)
	at org.apache.hc.client5.http.impl.classic.InternalExecRuntime.connectEndpoint(InternalExecRuntime.java:172)
	at org.apache.hc.client5.http.impl.classic.ConnectExec.execute(ConnectExec.java:142)
	at org.apache.hc.client5.http.impl.classic.ExecChainElement.execute(ExecChainElement.java:51)
	at org.apache.hc.client5.http.impl.classic.ProtocolExec.execute(ProtocolExec.java:192)
	at org.apache.hc.client5.http.impl.classic.ExecChainElement.execute(ExecChainElement.java:51)
	at org.apache.hc.client5.http.impl.classic.HttpRequestRetryExec.execute(HttpRequestRetryExec.java:113)
	at org.apache.hc.client5.http.impl.classic.ExecChainElement.execute(ExecChainElement.java:51)
	at org.apache.hc.client5.http.impl.classic.ContentCompressionExec.execute(ContentCompressionExec.java:152)
	at org.apache.hc.client5.http.impl.classic.ExecChainElement.execute(ExecChainElement.java:51)
	at org.apache.hc.client5.http.impl.classic.RedirectExec.execute(RedirectExec.java:116)
	at org.apache.hc.client5.http.impl.classic.ExecChainElement.execute(ExecChainElement.java:51)
	at org.apache.hc.client5.http.impl.classic.InternalHttpClient.doExecute(InternalHttpClient.java:170)
	at org.apache.hc.client5.http.impl.classic.CloseableHttpClient.execute(CloseableHttpClient.java:87)
	at org.apache.hc.client5.http.impl.classic.CloseableHttpClient.execute(CloseableHttpClient.java:55)
	at org.apache.hc.client5.http.classic.HttpClient.executeOpen(HttpClient.java:183)
	at org.springframework.http.client.HttpComponentsClientHttpRequest.executeInternal(HttpComponentsClientHttpRequest.java:99)
	at org.springframework.http.client.AbstractStreamingClientHttpRequest.executeInternal(AbstractStreamingClientHttpRequest.java:70)
	at org.springframework.http.client.AbstractClientHttpRequest.execute(AbstractClientHttpRequest.java:66)
	at org.springframework.http.client.InterceptingClientHttpRequest$InterceptingRequestExecution.execute(InterceptingClientHttpRequest.java:112)
	at org.springframework.cloud.netflix.eureka.http.RestTemplateTransportClientFactory.lambda$restTemplate$3(RestTemplateTransportClientFactory.java:170)
	at org.springframework.http.client.InterceptingClientHttpRequest$InterceptingRequestExecution.execute(InterceptingClientHttpRequest.java:88)
	at org.springframework.http.client.InterceptingClientHttpRequest.executeInternal(InterceptingClientHttpRequest.java:72)
	at org.springframework.http.client.AbstractBufferingClientHttpRequest.executeInternal(AbstractBufferingClientHttpRequest.java:48)
	at org.springframework.http.client.AbstractClientHttpRequest.execute(AbstractClientHttpRequest.java:66)
	at org.springframework.web.client.RestTemplate.doExecute(RestTemplate.java:889)
	... 38 more

2025-08-30 10:17:53.359 [SpringApplicationShutdownHook] WARN  c.n.d.s.t.decorator.RetryableEurekaHttpClient:[execute:130] - Request execution failed with message: I/O error on DELETE request for "http://localhost:8761/eureka/apps/STORE-SERVICE/SS11041203:store-service:8083": Connect to http://localhost:8761 [localhost/127.0.0.1, localhost/0:0:0:0:0:0:0:1] failed: Connection refused: getsockopt
2025-08-30 10:17:53.359 [SpringApplicationShutdownHook] ERROR com.netflix.discovery.DiscoveryClient:[unregister:922] - DiscoveryClient_STORE-SERVICE/SS11041203:store-service:8083 - de-registration failedCannot execute request on any known server
com.netflix.discovery.shared.transport.TransportException: Cannot execute request on any known server
	at com.netflix.discovery.shared.transport.decorator.RetryableEurekaHttpClient.execute(RetryableEurekaHttpClient.java:112)
	at com.netflix.discovery.shared.transport.decorator.EurekaHttpClientDecorator.cancel(EurekaHttpClientDecorator.java:71)
	at com.netflix.discovery.shared.transport.decorator.EurekaHttpClientDecorator$2.execute(EurekaHttpClientDecorator.java:74)
	at com.netflix.discovery.shared.transport.decorator.SessionedEurekaHttpClient.execute(SessionedEurekaHttpClient.java:76)
	at com.netflix.discovery.shared.transport.decorator.EurekaHttpClientDecorator.cancel(EurekaHttpClientDecorator.java:71)
	at com.netflix.discovery.DiscoveryClient.unregister(DiscoveryClient.java:919)
	at com.netflix.discovery.DiscoveryClient.shutdown(DiscoveryClient.java:900)
	at java.base/jdk.internal.reflect.DirectMethodHandleAccessor.invoke(DirectMethodHandleAccessor.java:103)
	at java.base/java.lang.reflect.Method.invoke(Method.java:580)
	at org.springframework.beans.factory.annotation.InitDestroyAnnotationBeanPostProcessor$LifecycleMethod.invoke(InitDestroyAnnotationBeanPostProcessor.java:457)
	at org.springframework.beans.factory.annotation.InitDestroyAnnotationBeanPostProcessor$LifecycleMetadata.invokeDestroyMethods(InitDestroyAnnotationBeanPostProcessor.java:415)
	at org.springframework.beans.factory.annotation.InitDestroyAnnotationBeanPostProcessor.postProcessBeforeDestruction(InitDestroyAnnotationBeanPostProcessor.java:239)
	at org.springframework.beans.factory.support.DisposableBeanAdapter.destroy(DisposableBeanAdapter.java:202)
	at org.springframework.beans.factory.support.DisposableBeanAdapter.run(DisposableBeanAdapter.java:195)
	at org.springframework.cloud.context.scope.GenericScope$BeanLifecycleWrapper.destroy(GenericScope.java:389)
	at org.springframework.cloud.context.scope.GenericScope.destroy(GenericScope.java:136)
	at org.springframework.beans.factory.support.DisposableBeanAdapter.destroy(DisposableBeanAdapter.java:211)
	at org.springframework.beans.factory.support.DefaultSingletonBeanRegistry.destroyBean(DefaultSingletonBeanRegistry.java:587)
	at org.springframework.beans.factory.support.DefaultSingletonBeanRegistry.destroySingleton(DefaultSingletonBeanRegistry.java:559)
	at org.springframework.beans.factory.support.DefaultListableBeanFactory.destroySingleton(DefaultListableBeanFactory.java:1202)
	at org.springframework.beans.factory.support.DefaultSingletonBeanRegistry.destroySingletons(DefaultSingletonBeanRegistry.java:520)
	at org.springframework.beans.factory.support.DefaultListableBeanFactory.destroySingletons(DefaultListableBeanFactory.java:1195)
	at org.springframework.context.support.AbstractApplicationContext.destroyBeans(AbstractApplicationContext.java:1195)
	at org.springframework.context.support.AbstractApplicationContext.doClose(AbstractApplicationContext.java:1156)
	at org.springframework.boot.web.servlet.context.ServletWebServerApplicationContext.doClose(ServletWebServerApplicationContext.java:174)
	at org.springframework.context.support.AbstractApplicationContext.close(AbstractApplicationContext.java:1102)
	at org.springframework.boot.SpringApplicationShutdownHook.closeAndWait(SpringApplicationShutdownHook.java:145)
	at java.base/java.lang.Iterable.forEach(Iterable.java:75)
	at org.springframework.boot.SpringApplicationShutdownHook.run(SpringApplicationShutdownHook.java:114)
	at java.base/java.lang.Thread.run(Thread.java:1575)
2025-08-30 10:17:53.360 [SpringApplicationShutdownHook] INFO  com.netflix.discovery.DiscoveryClient:[shutdown:907] - Completed shut down of DiscoveryClient
2025-08-30 10:20:00.811 [main] INFO  com.blm.store.StoreApplication:[logStarting:50] - Starting StoreApplication using Java 23.0.1 with PID 50916 (D:\BUAA\大二暑假\BLM\store-service\target\classes started by Lenovo in D:\BUAA\大二暑假\BLM)
2025-08-30 10:20:00.813 [main] DEBUG com.blm.store.StoreApplication:[logStarting:51] - Running with Spring Boot v3.3.3, Spring v6.1.12
2025-08-30 10:20:00.813 [main] INFO  com.blm.store.StoreApplication:[logStartupProfileInfo:660] - The following 1 profile is active: "dev"
2025-08-30 10:20:01.148 [main] DEBUG o.s.cloud.openfeign.FeignClientsRegistrar$1:[scanCandidateComponents:476] - Identified candidate component class: file [D:\BUAA\大二暑假\BLM\common\target\classes\com\blm\common\feign\OrderServiceClient.class]
2025-08-30 10:20:01.148 [main] DEBUG o.s.cloud.openfeign.FeignClientsRegistrar$1:[scanCandidateComponents:476] - Identified candidate component class: file [D:\BUAA\大二暑假\BLM\common\target\classes\com\blm\common\feign\RiderServiceClient.class]
2025-08-30 10:20:01.148 [main] DEBUG o.s.cloud.openfeign.FeignClientsRegistrar$1:[scanCandidateComponents:476] - Identified candidate component class: file [D:\BUAA\大二暑假\BLM\common\target\classes\com\blm\common\feign\StoreServiceClient.class]
2025-08-30 10:20:01.148 [main] DEBUG o.s.cloud.openfeign.FeignClientsRegistrar$1:[scanCandidateComponents:476] - Identified candidate component class: file [D:\BUAA\大二暑假\BLM\common\target\classes\com\blm\common\feign\UserServiceClient.class]
2025-08-30 10:20:01.218 [main] DEBUG o.m.s.boot.autoconfigure.MybatisAutoConfiguration:[registerBeanDefinitions:247] - Searching for mappers annotated with @Mapper
2025-08-30 10:20:01.218 [main] DEBUG o.m.s.boot.autoconfigure.MybatisAutoConfiguration:[lambda$registerBeanDefinitions$0:251] - Using auto-configuration base package 'com.blm.store'
2025-08-30 10:20:01.326 [main] DEBUG org.apache.ibatis.logging.LogFactory:[setImplementation:112] - Logging initialized using 'class org.apache.ibatis.logging.slf4j.Slf4jImpl' adapter.
2025-08-30 10:20:01.328 [main] DEBUG org.mybatis.spring.mapper.ClassPathMapperScanner:[scanCandidateComponents:476] - Identified candidate component class: file [D:\BUAA\大二暑假\BLM\store-service\target\classes\com\blm\store\repository\FoodCategoryRepository.class]
2025-08-30 10:20:01.328 [main] DEBUG org.mybatis.spring.mapper.ClassPathMapperScanner:[scanCandidateComponents:476] - Identified candidate component class: file [D:\BUAA\大二暑假\BLM\store-service\target\classes\com\blm\store\repository\FoodRepository.class]
2025-08-30 10:20:01.328 [main] DEBUG org.mybatis.spring.mapper.ClassPathMapperScanner:[scanCandidateComponents:476] - Identified candidate component class: file [D:\BUAA\大二暑假\BLM\store-service\target\classes\com\blm\store\repository\PromotionRepository.class]
2025-08-30 10:20:01.328 [main] DEBUG org.mybatis.spring.mapper.ClassPathMapperScanner:[scanCandidateComponents:476] - Identified candidate component class: file [D:\BUAA\大二暑假\BLM\store-service\target\classes\com\blm\store\repository\StoreCategoryRepository.class]
2025-08-30 10:20:01.329 [main] DEBUG org.mybatis.spring.mapper.ClassPathMapperScanner:[scanCandidateComponents:476] - Identified candidate component class: file [D:\BUAA\大二暑假\BLM\store-service\target\classes\com\blm\store\repository\StoreRepository.class]
2025-08-30 10:20:01.329 [main] DEBUG org.mybatis.spring.mapper.ClassPathMapperScanner:[debug:49] - Creating MapperFactoryBean with name 'foodCategoryRepository' and 'com.blm.store.repository.FoodCategoryRepository' mapperInterface
2025-08-30 10:20:01.330 [main] DEBUG org.mybatis.spring.mapper.ClassPathMapperScanner:[debug:49] - Creating MapperFactoryBean with name 'foodRepository' and 'com.blm.store.repository.FoodRepository' mapperInterface
2025-08-30 10:20:01.330 [main] DEBUG org.mybatis.spring.mapper.ClassPathMapperScanner:[debug:49] - Creating MapperFactoryBean with name 'promotionRepository' and 'com.blm.store.repository.PromotionRepository' mapperInterface
2025-08-30 10:20:01.330 [main] DEBUG org.mybatis.spring.mapper.ClassPathMapperScanner:[debug:49] - Creating MapperFactoryBean with name 'storeCategoryRepository' and 'com.blm.store.repository.StoreCategoryRepository' mapperInterface
2025-08-30 10:20:01.330 [main] DEBUG org.mybatis.spring.mapper.ClassPathMapperScanner:[debug:49] - Creating MapperFactoryBean with name 'storeRepository' and 'com.blm.store.repository.StoreRepository' mapperInterface
2025-08-30 10:20:01.373 [main] INFO  o.springframework.cloud.context.scope.GenericScope:[setSerializationId:282] - BeanFactory id=9af39289-17b3-3793-86a2-4e31d680bb05
2025-08-30 10:20:01.477 [main] WARN  o.s.c.s.PostProcessorRegistrationDelegate$BeanPostProcessorChecker:[postProcessAfterInitialization:429] - Bean 'org.springframework.cloud.client.loadbalancer.LoadBalancerAutoConfiguration$DeferringLoadBalancerInterceptorConfig' of type [org.springframework.cloud.client.loadbalancer.LoadBalancerAutoConfiguration$DeferringLoadBalancerInterceptorConfig] is not eligible for getting processed by all BeanPostProcessors (for example: not eligible for auto-proxying). The currently created BeanPostProcessor [lbRestClientPostProcessor] is declared through a non-static factory method on that class; consider declaring it as static instead.
2025-08-30 10:20:01.478 [main] WARN  o.s.c.s.PostProcessorRegistrationDelegate$BeanPostProcessorChecker:[postProcessAfterInitialization:437] - Bean 'deferringLoadBalancerInterceptor' of type [org.springframework.cloud.client.loadbalancer.DeferringLoadBalancerInterceptor] is not eligible for getting processed by all BeanPostProcessors (for example: not eligible for auto-proxying). Is this bean getting eagerly injected into a currently created BeanPostProcessor [lbRestClientPostProcessor]? Check the corresponding BeanPostProcessor declaration and its dependencies.
2025-08-30 10:20:01.599 [main] INFO  o.s.boot.web.embedded.tomcat.TomcatWebServer:[initialize:111] - Tomcat initialized with port 8083 (http)
2025-08-30 10:20:01.608 [main] INFO  org.apache.catalina.core.StandardService:[log:173] - Starting service [Tomcat]
2025-08-30 10:20:01.608 [main] INFO  org.apache.catalina.core.StandardEngine:[log:173] - Starting Servlet engine: [Apache Tomcat/10.1.28]
2025-08-30 10:20:01.657 [main] INFO  o.a.c.core.ContainerBase.[Tomcat].[localhost].[/]:[log:173] - Initializing Spring embedded WebApplicationContext
2025-08-30 10:20:01.658 [main] INFO  o.s.b.w.s.c.ServletWebServerApplicationContext:[prepareWebApplicationContext:296] - Root WebApplicationContext: initialization completed in 805 ms
2025-08-30 10:20:01.697 [main] DEBUG com.zaxxer.hikari.HikariConfig:[attemptFromContextLoader:974] - Driver class com.mysql.cj.jdbc.Driver found in Thread context class loader jdk.internal.loader.ClassLoaders$AppClassLoader@4617c264
2025-08-30 10:20:01.712 [main] DEBUG o.springframework.jdbc.datasource.DataSourceUtils:[doGetConnection:117] - Fetching JDBC Connection from DataSource
2025-08-30 10:20:01.713 [main] DEBUG com.zaxxer.hikari.HikariConfig:[logConfiguration:1106] - HikariPool-1 - configuration:
2025-08-30 10:20:01.714 [main] DEBUG com.zaxxer.hikari.HikariConfig:[logConfiguration:1138] - allowPoolSuspension.............false
2025-08-30 10:20:01.714 [main] DEBUG com.zaxxer.hikari.HikariConfig:[logConfiguration:1138] - autoCommit......................true
2025-08-30 10:20:01.714 [main] DEBUG com.zaxxer.hikari.HikariConfig:[logConfiguration:1138] - catalog.........................none
2025-08-30 10:20:01.715 [main] DEBUG com.zaxxer.hikari.HikariConfig:[logConfiguration:1138] - connectionInitSql...............none
2025-08-30 10:20:01.715 [main] DEBUG com.zaxxer.hikari.HikariConfig:[logConfiguration:1138] - connectionTestQuery.............none
2025-08-30 10:20:01.715 [main] DEBUG com.zaxxer.hikari.HikariConfig:[logConfiguration:1138] - connectionTimeout...............30000
2025-08-30 10:20:01.715 [main] DEBUG com.zaxxer.hikari.HikariConfig:[logConfiguration:1138] - dataSource......................none
2025-08-30 10:20:01.715 [main] DEBUG com.zaxxer.hikari.HikariConfig:[logConfiguration:1138] - dataSourceClassName.............none
2025-08-30 10:20:01.715 [main] DEBUG com.zaxxer.hikari.HikariConfig:[logConfiguration:1138] - dataSourceJNDI..................none
2025-08-30 10:20:01.716 [main] DEBUG com.zaxxer.hikari.HikariConfig:[logConfiguration:1138] - dataSourceProperties............{password=<masked>}
2025-08-30 10:20:01.716 [main] DEBUG com.zaxxer.hikari.HikariConfig:[logConfiguration:1138] - driverClassName................."com.mysql.cj.jdbc.Driver"
2025-08-30 10:20:01.716 [main] DEBUG com.zaxxer.hikari.HikariConfig:[logConfiguration:1138] - exceptionOverrideClassName......none
2025-08-30 10:20:01.716 [main] DEBUG com.zaxxer.hikari.HikariConfig:[logConfiguration:1138] - healthCheckProperties...........{}
2025-08-30 10:20:01.716 [main] DEBUG com.zaxxer.hikari.HikariConfig:[logConfiguration:1138] - healthCheckRegistry.............none
2025-08-30 10:20:01.716 [main] DEBUG com.zaxxer.hikari.HikariConfig:[logConfiguration:1138] - idleTimeout.....................600000
2025-08-30 10:20:01.716 [main] DEBUG com.zaxxer.hikari.HikariConfig:[logConfiguration:1138] - initializationFailTimeout.......1
2025-08-30 10:20:01.716 [main] DEBUG com.zaxxer.hikari.HikariConfig:[logConfiguration:1138] - isolateInternalQueries..........false
2025-08-30 10:20:01.717 [main] DEBUG com.zaxxer.hikari.HikariConfig:[logConfiguration:1138] - jdbcUrl.........................jdbc:mysql://localhost:3306/store_db?useUnicode=true&characterEncoding=utf-8&useSSL=false&serverTimezone=UTC
2025-08-30 10:20:01.717 [main] DEBUG com.zaxxer.hikari.HikariConfig:[logConfiguration:1138] - keepaliveTime...................0
2025-08-30 10:20:01.717 [main] DEBUG com.zaxxer.hikari.HikariConfig:[logConfiguration:1138] - leakDetectionThreshold..........0
2025-08-30 10:20:01.717 [main] DEBUG com.zaxxer.hikari.HikariConfig:[logConfiguration:1138] - maxLifetime.....................1800000
2025-08-30 10:20:01.717 [main] DEBUG com.zaxxer.hikari.HikariConfig:[logConfiguration:1138] - maximumPoolSize.................10
2025-08-30 10:20:01.717 [main] DEBUG com.zaxxer.hikari.HikariConfig:[logConfiguration:1138] - metricRegistry..................none
2025-08-30 10:20:01.717 [main] DEBUG com.zaxxer.hikari.HikariConfig:[logConfiguration:1138] - metricsTrackerFactory...........none
2025-08-30 10:20:01.717 [main] DEBUG com.zaxxer.hikari.HikariConfig:[logConfiguration:1138] - minimumIdle.....................10
2025-08-30 10:20:01.717 [main] DEBUG com.zaxxer.hikari.HikariConfig:[logConfiguration:1138] - password........................<masked>
2025-08-30 10:20:01.717 [main] DEBUG com.zaxxer.hikari.HikariConfig:[logConfiguration:1138] - poolName........................"HikariPool-1"
2025-08-30 10:20:01.718 [main] DEBUG com.zaxxer.hikari.HikariConfig:[logConfiguration:1138] - readOnly........................false
2025-08-30 10:20:01.718 [main] DEBUG com.zaxxer.hikari.HikariConfig:[logConfiguration:1138] - registerMbeans..................false
2025-08-30 10:20:01.718 [main] DEBUG com.zaxxer.hikari.HikariConfig:[logConfiguration:1138] - scheduledExecutor...............none
2025-08-30 10:20:01.718 [main] DEBUG com.zaxxer.hikari.HikariConfig:[logConfiguration:1138] - schema..........................none
2025-08-30 10:20:01.718 [main] DEBUG com.zaxxer.hikari.HikariConfig:[logConfiguration:1138] - threadFactory...................internal
2025-08-30 10:20:01.718 [main] DEBUG com.zaxxer.hikari.HikariConfig:[logConfiguration:1138] - transactionIsolation............default
2025-08-30 10:20:01.718 [main] DEBUG com.zaxxer.hikari.HikariConfig:[logConfiguration:1138] - username........................"root"
2025-08-30 10:20:01.718 [main] DEBUG com.zaxxer.hikari.HikariConfig:[logConfiguration:1138] - validationTimeout...............5000
2025-08-30 10:20:01.718 [main] INFO  com.zaxxer.hikari.HikariDataSource:[getConnection:109] - HikariPool-1 - Starting...
2025-08-30 10:20:01.805 [main] INFO  com.zaxxer.hikari.pool.HikariPool:[checkFailFast:554] - HikariPool-1 - Added connection com.mysql.cj.jdbc.ConnectionImpl@283a8ad6
2025-08-30 10:20:01.806 [main] INFO  com.zaxxer.hikari.HikariDataSource:[getConnection:122] - HikariPool-1 - Start completed.
2025-08-30 10:20:01.891 [main] DEBUG org.mybatis.spring.SqlSessionFactoryBean:[debug:49] - Parsed mapper file: 'file [D:\BUAA\大二暑假\BLM\store-service\target\classes\mapper\FoodMapper.xml]'
2025-08-30 10:20:01.897 [main] DEBUG org.mybatis.spring.SqlSessionFactoryBean:[debug:49] - Parsed mapper file: 'file [D:\BUAA\大二暑假\BLM\store-service\target\classes\mapper\PromotionMapper.xml]'
2025-08-30 10:20:01.907 [main] DEBUG org.mybatis.spring.SqlSessionFactoryBean:[debug:49] - Parsed mapper file: 'file [D:\BUAA\大二暑假\BLM\store-service\target\classes\mapper\StoreMapper.xml]'
2025-08-30 10:20:01.909 [HikariPool-1 housekeeper] DEBUG com.zaxxer.hikari.pool.HikariPool:[logPoolState:405] - HikariPool-1 - Pool stats (total=1, active=0, idle=1, waiting=0)
2025-08-30 10:20:01.912 [HikariPool-1 connection adder] DEBUG com.zaxxer.hikari.pool.HikariPool:[call:728] - HikariPool-1 - Added connection com.mysql.cj.jdbc.ConnectionImpl@2166ce0e
2025-08-30 10:20:01.915 [main] DEBUG o.s.cloud.openfeign.FeignClientFactoryBean:[<init>:125] - Creating a FeignClientFactoryBean.
2025-08-30 10:20:01.957 [HikariPool-1 connection adder] DEBUG com.zaxxer.hikari.pool.HikariPool:[logPoolState:405] - HikariPool-1 - After adding stats (total=2, active=0, idle=2, waiting=0)
2025-08-30 10:20:01.959 [HikariPool-1 connection adder] DEBUG com.zaxxer.hikari.pool.HikariPool:[call:728] - HikariPool-1 - Added connection com.mysql.cj.jdbc.ConnectionImpl@605bc435
2025-08-30 10:20:02.004 [HikariPool-1 connection adder] DEBUG com.zaxxer.hikari.pool.HikariPool:[logPoolState:405] - HikariPool-1 - After adding stats (total=3, active=0, idle=3, waiting=0)
2025-08-30 10:20:02.008 [HikariPool-1 connection adder] DEBUG com.zaxxer.hikari.pool.HikariPool:[call:728] - HikariPool-1 - Added connection com.mysql.cj.jdbc.ConnectionImpl@51f100af
2025-08-30 10:20:02.051 [HikariPool-1 connection adder] DEBUG com.zaxxer.hikari.pool.HikariPool:[logPoolState:405] - HikariPool-1 - After adding stats (total=4, active=0, idle=4, waiting=0)
2025-08-30 10:20:02.054 [HikariPool-1 connection adder] DEBUG com.zaxxer.hikari.pool.HikariPool:[call:728] - HikariPool-1 - Added connection com.mysql.cj.jdbc.ConnectionImpl@743b7a
2025-08-30 10:20:02.065 [main] INFO  o.s.cloud.openfeign.FeignClientFactoryBean:[getTarget:468] - For 'order-service' URL not provided. Will try picking an instance via load-balancing.
2025-08-30 10:20:02.098 [HikariPool-1 connection adder] DEBUG com.zaxxer.hikari.pool.HikariPool:[logPoolState:405] - HikariPool-1 - After adding stats (total=5, active=0, idle=5, waiting=0)
2025-08-30 10:20:02.100 [HikariPool-1 connection adder] DEBUG com.zaxxer.hikari.pool.HikariPool:[call:728] - HikariPool-1 - Added connection com.mysql.cj.jdbc.ConnectionImpl@1aec7132
2025-08-30 10:20:02.126 [main] DEBUG o.s.cloud.openfeign.FeignClientFactoryBean:[<init>:125] - Creating a FeignClientFactoryBean.
2025-08-30 10:20:02.131 [HikariPool-1 connection adder] DEBUG com.zaxxer.hikari.pool.HikariPool:[logPoolState:405] - HikariPool-1 - After adding stats (total=6, active=0, idle=6, waiting=0)
2025-08-30 10:20:02.132 [main] INFO  o.s.cloud.openfeign.FeignClientFactoryBean:[getTarget:468] - For 'user-service' URL not provided. Will try picking an instance via load-balancing.
2025-08-30 10:20:02.134 [HikariPool-1 connection adder] DEBUG com.zaxxer.hikari.pool.HikariPool:[call:728] - HikariPool-1 - Added connection com.mysql.cj.jdbc.ConnectionImpl@43a47bf
2025-08-30 10:20:02.148 [main] DEBUG o.s.cloud.openfeign.FeignClientFactoryBean:[<init>:125] - Creating a FeignClientFactoryBean.
2025-08-30 10:20:02.149 [main] DEBUG o.s.cloud.openfeign.FeignClientFactoryBean:[<init>:125] - Creating a FeignClientFactoryBean.
2025-08-30 10:20:02.177 [HikariPool-1 connection adder] DEBUG com.zaxxer.hikari.pool.HikariPool:[logPoolState:405] - HikariPool-1 - After adding stats (total=7, active=0, idle=7, waiting=0)
2025-08-30 10:20:02.179 [HikariPool-1 connection adder] DEBUG com.zaxxer.hikari.pool.HikariPool:[call:728] - HikariPool-1 - Added connection com.mysql.cj.jdbc.ConnectionImpl@3187ba68
2025-08-30 10:20:02.225 [HikariPool-1 connection adder] DEBUG com.zaxxer.hikari.pool.HikariPool:[logPoolState:405] - HikariPool-1 - After adding stats (total=8, active=0, idle=8, waiting=0)
2025-08-30 10:20:02.228 [HikariPool-1 connection adder] DEBUG com.zaxxer.hikari.pool.HikariPool:[call:728] - HikariPool-1 - Added connection com.mysql.cj.jdbc.ConnectionImpl@625b5d16
2025-08-30 10:20:02.273 [HikariPool-1 connection adder] DEBUG com.zaxxer.hikari.pool.HikariPool:[logPoolState:405] - HikariPool-1 - After adding stats (total=9, active=0, idle=9, waiting=0)
2025-08-30 10:20:02.276 [HikariPool-1 connection adder] DEBUG com.zaxxer.hikari.pool.HikariPool:[call:728] - HikariPool-1 - Added connection com.mysql.cj.jdbc.ConnectionImpl@7f3430fd
2025-08-30 10:20:02.301 [main] DEBUG o.m.s.boot.autoconfigure.MybatisAutoConfiguration:[afterPropertiesSet:319] - Not found configuration for registering mapper bean using @MapperScan, MapperFactoryBean and MapperScannerConfigurer.
2025-08-30 10:20:02.321 [HikariPool-1 connection adder] DEBUG com.zaxxer.hikari.pool.HikariPool:[logPoolState:405] - HikariPool-1 - After adding stats (total=10, active=0, idle=10, waiting=0)
2025-08-30 10:20:02.395 [main] INFO  o.s.c.n.e.c.DiscoveryClientOptionalArgsConfiguration:[restTemplateDiscoveryClientOptionalArgs:80] - Eureka HTTP Client uses RestTemplate.
2025-08-30 10:20:02.405 [main] WARN  o.s.c.l.c.LoadBalancerCacheAutoConfiguration$LoadBalancerCaffeineWarnLogger:[afterPropertiesSet:94] - Spring Cloud LoadBalancer is currently working with the default cache. While this cache implementation is useful for development and tests, it's recommended to use Caffeine cache in production.You can switch to using Caffeine cache, by adding it and org.springframework.cache.caffeine.CaffeineCacheManager to the classpath.
2025-08-30 10:20:02.430 [main] INFO  o.s.cloud.netflix.eureka.InstanceInfoFactory:[create:67] - Setting initial instance status as: STARTING
2025-08-30 10:20:02.447 [main] INFO  com.netflix.discovery.DiscoveryClient:[<init>:329] - Initializing Eureka in region us-east-1
2025-08-30 10:20:02.449 [main] INFO  c.n.d.shared.resolver.aws.ConfigClusterResolver:[getClusterEndpoints:43] - Resolving eureka endpoints via configuration
2025-08-30 10:20:02.453 [main] INFO  com.netflix.discovery.DiscoveryClient:[fetchRegistry:954] - Disable delta property : false
2025-08-30 10:20:02.453 [main] INFO  com.netflix.discovery.DiscoveryClient:[fetchRegistry:955] - Single vip registry refresh property : null
2025-08-30 10:20:02.453 [main] INFO  com.netflix.discovery.DiscoveryClient:[fetchRegistry:956] - Force full registry fetch : false
2025-08-30 10:20:02.453 [main] INFO  com.netflix.discovery.DiscoveryClient:[fetchRegistry:957] - Application is null : false
2025-08-30 10:20:02.453 [main] INFO  com.netflix.discovery.DiscoveryClient:[fetchRegistry:958] - Registered Applications size is zero : true
2025-08-30 10:20:02.453 [main] INFO  com.netflix.discovery.DiscoveryClient:[fetchRegistry:960] - Application version is -1: true
2025-08-30 10:20:02.453 [main] INFO  com.netflix.discovery.DiscoveryClient:[getAndStoreFullRegistry:1042] - Getting all instance registry info from the eureka server
2025-08-30 10:20:02.638 [main] INFO  com.netflix.discovery.DiscoveryClient:[getAndStoreFullRegistry:1051] - The response status is 200
2025-08-30 10:20:02.639 [main] INFO  com.netflix.discovery.DiscoveryClient:[initScheduledTasks:1266] - Starting heartbeat executor: renew interval is: 10
2025-08-30 10:20:02.640 [main] INFO  com.netflix.discovery.InstanceInfoReplicator:[<init>:64] - InstanceInfoReplicator onDemand update allowed rate per min is 4
2025-08-30 10:20:02.641 [main] INFO  com.netflix.discovery.DiscoveryClient:[<init>:455] - Discovery Client initialized at timestamp 1756520402641 with initial instances count: 1
2025-08-30 10:20:02.643 [main] INFO  o.s.c.n.e.serviceregistry.EurekaServiceRegistry:[register:70] - Registering application STORE-SERVICE with eureka with status UP
2025-08-30 10:20:02.644 [main] INFO  com.netflix.discovery.DiscoveryClient:[notify:1297] - Saw local status change event StatusChangeEvent [timestamp=1756520402644, current=UP, previous=STARTING]
2025-08-30 10:20:02.644 [DiscoveryClient-InstanceInfoReplicator-%d] INFO  com.netflix.discovery.DiscoveryClient:[register:825] - DiscoveryClient_STORE-SERVICE/SS11041203:store-service:8083: registering service...
2025-08-30 10:20:02.656 [main] INFO  o.s.boot.web.embedded.tomcat.TomcatWebServer:[start:243] - Tomcat started on port 8083 (http) with context path '/'
2025-08-30 10:20:02.656 [main] INFO  o.s.c.n.e.s.EurekaAutoServiceRegistration:[onApplicationEvent:150] - Updating port to 8083
2025-08-30 10:20:02.664 [DiscoveryClient-InstanceInfoReplicator-%d] INFO  com.netflix.discovery.DiscoveryClient:[register:834] - DiscoveryClient_STORE-SERVICE/SS11041203:store-service:8083 - registration status: 204
2025-08-30 10:20:02.665 [main] INFO  com.blm.store.StoreApplication:[logStarted:56] - Started StoreApplication in 2.107 seconds (process running for 2.498)
2025-08-30 10:20:31.913 [HikariPool-1 housekeeper] DEBUG com.zaxxer.hikari.pool.HikariPool:[logPoolState:405] - HikariPool-1 - Pool stats (total=10, active=0, idle=10, waiting=0)
2025-08-30 10:20:31.913 [HikariPool-1 housekeeper] DEBUG com.zaxxer.hikari.pool.HikariPool:[fillPool:510] - HikariPool-1 - Fill pool skipped, pool has sufficient level or currently being filled.
2025-08-30 10:21:01.915 [HikariPool-1 housekeeper] DEBUG com.zaxxer.hikari.pool.HikariPool:[logPoolState:405] - HikariPool-1 - Pool stats (total=10, active=0, idle=10, waiting=0)
2025-08-30 10:21:01.915 [HikariPool-1 housekeeper] DEBUG com.zaxxer.hikari.pool.HikariPool:[fillPool:510] - HikariPool-1 - Fill pool skipped, pool has sufficient level or currently being filled.
2025-08-30 10:21:31.918 [HikariPool-1 housekeeper] DEBUG com.zaxxer.hikari.pool.HikariPool:[logPoolState:405] - HikariPool-1 - Pool stats (total=10, active=0, idle=10, waiting=0)
2025-08-30 10:21:31.918 [HikariPool-1 housekeeper] DEBUG com.zaxxer.hikari.pool.HikariPool:[fillPool:510] - HikariPool-1 - Fill pool skipped, pool has sufficient level or currently being filled.
2025-08-30 10:22:01.927 [HikariPool-1 housekeeper] DEBUG com.zaxxer.hikari.pool.HikariPool:[logPoolState:405] - HikariPool-1 - Pool stats (total=10, active=0, idle=10, waiting=0)
2025-08-30 10:22:01.927 [HikariPool-1 housekeeper] DEBUG com.zaxxer.hikari.pool.HikariPool:[fillPool:510] - HikariPool-1 - Fill pool skipped, pool has sufficient level or currently being filled.
2025-08-30 10:22:31.930 [HikariPool-1 housekeeper] DEBUG com.zaxxer.hikari.pool.HikariPool:[logPoolState:405] - HikariPool-1 - Pool stats (total=10, active=0, idle=10, waiting=0)
2025-08-30 10:22:31.930 [HikariPool-1 housekeeper] DEBUG com.zaxxer.hikari.pool.HikariPool:[fillPool:510] - HikariPool-1 - Fill pool skipped, pool has sufficient level or currently being filled.
2025-08-30 10:23:01.939 [HikariPool-1 housekeeper] DEBUG com.zaxxer.hikari.pool.HikariPool:[logPoolState:405] - HikariPool-1 - Pool stats (total=10, active=0, idle=10, waiting=0)
2025-08-30 10:23:01.939 [HikariPool-1 housekeeper] DEBUG com.zaxxer.hikari.pool.HikariPool:[fillPool:510] - HikariPool-1 - Fill pool skipped, pool has sufficient level or currently being filled.
2025-08-30 10:23:10.998 [SpringApplicationShutdownHook] INFO  o.s.c.n.e.serviceregistry.EurekaServiceRegistry:[deregister:91] - Unregistering application STORE-SERVICE with eureka with status DOWN
2025-08-30 10:23:10.998 [SpringApplicationShutdownHook] INFO  com.netflix.discovery.DiscoveryClient:[notify:1297] - Saw local status change event StatusChangeEvent [timestamp=1756520590998, current=DOWN, previous=UP]
2025-08-30 10:23:10.998 [DiscoveryClient-InstanceInfoReplicator-%d] INFO  com.netflix.discovery.DiscoveryClient:[register:825] - DiscoveryClient_STORE-SERVICE/SS11041203:store-service:8083: registering service...
2025-08-30 10:23:11.010 [SpringApplicationShutdownHook] INFO  com.zaxxer.hikari.HikariDataSource:[close:349] - HikariPool-1 - Shutdown initiated...
2025-08-30 10:23:11.011 [SpringApplicationShutdownHook] DEBUG com.zaxxer.hikari.pool.HikariPool:[logPoolState:405] - HikariPool-1 - Before shutdown stats (total=10, active=0, idle=10, waiting=0)
2025-08-30 10:23:11.011 [HikariPool-1 connection closer] DEBUG com.zaxxer.hikari.pool.PoolBase:[quietlyCloseConnection:133] - HikariPool-1 - Closing connection com.mysql.cj.jdbc.ConnectionImpl@283a8ad6: (connection evicted)
2025-08-30 10:23:11.014 [HikariPool-1 connection closer] DEBUG com.zaxxer.hikari.pool.PoolBase:[quietlyCloseConnection:133] - HikariPool-1 - Closing connection com.mysql.cj.jdbc.ConnectionImpl@2166ce0e: (connection evicted)
2025-08-30 10:23:11.014 [HikariPool-1 connection closer] DEBUG com.zaxxer.hikari.pool.PoolBase:[quietlyCloseConnection:133] - HikariPool-1 - Closing connection com.mysql.cj.jdbc.ConnectionImpl@605bc435: (connection evicted)
2025-08-30 10:23:11.015 [HikariPool-1 connection closer] DEBUG com.zaxxer.hikari.pool.PoolBase:[quietlyCloseConnection:133] - HikariPool-1 - Closing connection com.mysql.cj.jdbc.ConnectionImpl@51f100af: (connection evicted)
2025-08-30 10:23:11.015 [HikariPool-1 connection closer] DEBUG com.zaxxer.hikari.pool.PoolBase:[quietlyCloseConnection:133] - HikariPool-1 - Closing connection com.mysql.cj.jdbc.ConnectionImpl@743b7a: (connection evicted)
2025-08-30 10:23:11.015 [HikariPool-1 connection closer] DEBUG com.zaxxer.hikari.pool.PoolBase:[quietlyCloseConnection:133] - HikariPool-1 - Closing connection com.mysql.cj.jdbc.ConnectionImpl@1aec7132: (connection evicted)
2025-08-30 10:23:11.015 [HikariPool-1 connection closer] DEBUG com.zaxxer.hikari.pool.PoolBase:[quietlyCloseConnection:133] - HikariPool-1 - Closing connection com.mysql.cj.jdbc.ConnectionImpl@43a47bf: (connection evicted)
2025-08-30 10:23:11.015 [HikariPool-1 connection closer] DEBUG com.zaxxer.hikari.pool.PoolBase:[quietlyCloseConnection:133] - HikariPool-1 - Closing connection com.mysql.cj.jdbc.ConnectionImpl@3187ba68: (connection evicted)
2025-08-30 10:23:11.015 [HikariPool-1 connection closer] DEBUG com.zaxxer.hikari.pool.PoolBase:[quietlyCloseConnection:133] - HikariPool-1 - Closing connection com.mysql.cj.jdbc.ConnectionImpl@625b5d16: (connection evicted)
2025-08-30 10:23:11.015 [HikariPool-1 connection closer] DEBUG com.zaxxer.hikari.pool.PoolBase:[quietlyCloseConnection:133] - HikariPool-1 - Closing connection com.mysql.cj.jdbc.ConnectionImpl@7f3430fd: (connection evicted)
2025-08-30 10:23:11.016 [SpringApplicationShutdownHook] DEBUG com.zaxxer.hikari.pool.HikariPool:[logPoolState:405] - HikariPool-1 - After shutdown stats (total=0, active=0, idle=0, waiting=0)
2025-08-30 10:23:11.016 [SpringApplicationShutdownHook] INFO  com.zaxxer.hikari.HikariDataSource:[close:351] - HikariPool-1 - Shutdown completed.
2025-08-30 10:23:11.016 [SpringApplicationShutdownHook] INFO  com.netflix.discovery.DiscoveryClient:[shutdown:887] - Shutting down DiscoveryClient ...
2025-08-30 10:23:11.042 [DiscoveryClient-InstanceInfoReplicator-%d] INFO  c.n.d.s.t.decorator.RedirectingEurekaHttpClient:[execute:93] - Request execution error. endpoint=DefaultEndpoint{ serviceUrl='http://localhost:8761/eureka/} exception=I/O error on POST request for "http://localhost:8761/eureka/apps/STORE-SERVICE": Connect to http://localhost:8761 [localhost/127.0.0.1, localhost/0:0:0:0:0:0:0:1] failed: Connection refused: getsockopt stacktrace=org.springframework.web.client.ResourceAccessException: I/O error on POST request for "http://localhost:8761/eureka/apps/STORE-SERVICE": Connect to http://localhost:8761 [localhost/127.0.0.1, localhost/0:0:0:0:0:0:0:1] failed: Connection refused: getsockopt
	at org.springframework.web.client.RestTemplate.createResourceAccessException(RestTemplate.java:915)
	at org.springframework.web.client.RestTemplate.doExecute(RestTemplate.java:895)
	at org.springframework.web.client.RestTemplate.execute(RestTemplate.java:790)
	at org.springframework.web.client.RestTemplate.exchange(RestTemplate.java:672)
	at org.springframework.cloud.netflix.eureka.http.RestTemplateEurekaHttpClient.register(RestTemplateEurekaHttpClient.java:77)
	at com.netflix.discovery.shared.transport.decorator.EurekaHttpClientDecorator$1.execute(EurekaHttpClientDecorator.java:59)
	at com.netflix.discovery.shared.transport.decorator.RedirectingEurekaHttpClient.execute(RedirectingEurekaHttpClient.java:91)
	at com.netflix.discovery.shared.transport.decorator.EurekaHttpClientDecorator.register(EurekaHttpClientDecorator.java:56)
	at com.netflix.discovery.shared.transport.decorator.EurekaHttpClientDecorator$1.execute(EurekaHttpClientDecorator.java:59)
	at com.netflix.discovery.shared.transport.decorator.RetryableEurekaHttpClient.execute(RetryableEurekaHttpClient.java:120)
	at com.netflix.discovery.shared.transport.decorator.EurekaHttpClientDecorator.register(EurekaHttpClientDecorator.java:56)
	at com.netflix.discovery.shared.transport.decorator.EurekaHttpClientDecorator$1.execute(EurekaHttpClientDecorator.java:59)
	at com.netflix.discovery.shared.transport.decorator.SessionedEurekaHttpClient.execute(SessionedEurekaHttpClient.java:76)
	at com.netflix.discovery.shared.transport.decorator.EurekaHttpClientDecorator.register(EurekaHttpClientDecorator.java:56)
	at com.netflix.discovery.DiscoveryClient.register(DiscoveryClient.java:828)
	at com.netflix.discovery.InstanceInfoReplicator.run(InstanceInfoReplicator.java:125)
	at com.netflix.discovery.InstanceInfoReplicator$2.run(InstanceInfoReplicator.java:105)
	at java.base/java.util.concurrent.Executors$RunnableAdapter.call(Executors.java:572)
	at java.base/java.util.concurrent.FutureTask.run(FutureTask.java:317)
	at java.base/java.util.concurrent.ScheduledThreadPoolExecutor$ScheduledFutureTask.run(ScheduledThreadPoolExecutor.java:304)
	at java.base/java.util.concurrent.ThreadPoolExecutor.runWorker(ThreadPoolExecutor.java:1144)
	at java.base/java.util.concurrent.ThreadPoolExecutor$Worker.run(ThreadPoolExecutor.java:642)
	at java.base/java.lang.Thread.run(Thread.java:1575)
Caused by: org.apache.hc.client5.http.HttpHostConnectException: Connect to http://localhost:8761 [localhost/127.0.0.1, localhost/0:0:0:0:0:0:0:1] failed: Connection refused: getsockopt
	at java.base/sun.nio.ch.Net.pollConnect(Native Method)
	at java.base/sun.nio.ch.Net.pollConnectNow(Net.java:682)
	at java.base/sun.nio.ch.NioSocketImpl.timedFinishConnect(NioSocketImpl.java:542)
	at java.base/sun.nio.ch.NioSocketImpl.connect(NioSocketImpl.java:592)
	at java.base/java.net.SocksSocketImpl.connect(SocksSocketImpl.java:327)
	at java.base/java.net.Socket.connect(Socket.java:760)
	at org.apache.hc.client5.http.socket.PlainConnectionSocketFactory.lambda$connectSocket$0(PlainConnectionSocketFactory.java:91)
	at java.base/java.security.AccessController.doPrivileged(AccessController.java:571)
	at org.apache.hc.client5.http.socket.PlainConnectionSocketFactory.connectSocket(PlainConnectionSocketFactory.java:90)
	at org.apache.hc.client5.http.socket.ConnectionSocketFactory.connectSocket(ConnectionSocketFactory.java:123)
	at org.apache.hc.client5.http.impl.io.DefaultHttpClientConnectionOperator.connect(DefaultHttpClientConnectionOperator.java:189)
	at org.apache.hc.client5.http.impl.io.PoolingHttpClientConnectionManager.connect(PoolingHttpClientConnectionManager.java:450)
	at org.apache.hc.client5.http.impl.classic.InternalExecRuntime.connectEndpoint(InternalExecRuntime.java:162)
	at org.apache.hc.client5.http.impl.classic.InternalExecRuntime.connectEndpoint(InternalExecRuntime.java:172)
	at org.apache.hc.client5.http.impl.classic.ConnectExec.execute(ConnectExec.java:142)
	at org.apache.hc.client5.http.impl.classic.ExecChainElement.execute(ExecChainElement.java:51)
	at org.apache.hc.client5.http.impl.classic.ProtocolExec.execute(ProtocolExec.java:192)
	at org.apache.hc.client5.http.impl.classic.ExecChainElement.execute(ExecChainElement.java:51)
	at org.apache.hc.client5.http.impl.classic.HttpRequestRetryExec.execute(HttpRequestRetryExec.java:113)
	at org.apache.hc.client5.http.impl.classic.ExecChainElement.execute(ExecChainElement.java:51)
	at org.apache.hc.client5.http.impl.classic.ContentCompressionExec.execute(ContentCompressionExec.java:152)
	at org.apache.hc.client5.http.impl.classic.ExecChainElement.execute(ExecChainElement.java:51)
	at org.apache.hc.client5.http.impl.classic.RedirectExec.execute(RedirectExec.java:116)
	at org.apache.hc.client5.http.impl.classic.ExecChainElement.execute(ExecChainElement.java:51)
	at org.apache.hc.client5.http.impl.classic.InternalHttpClient.doExecute(InternalHttpClient.java:170)
	at org.apache.hc.client5.http.impl.classic.CloseableHttpClient.execute(CloseableHttpClient.java:87)
	at org.apache.hc.client5.http.impl.classic.CloseableHttpClient.execute(CloseableHttpClient.java:55)
	at org.apache.hc.client5.http.classic.HttpClient.executeOpen(HttpClient.java:183)
	at org.springframework.http.client.HttpComponentsClientHttpRequest.executeInternal(HttpComponentsClientHttpRequest.java:99)
	at org.springframework.http.client.AbstractStreamingClientHttpRequest.executeInternal(AbstractStreamingClientHttpRequest.java:70)
	at org.springframework.http.client.AbstractClientHttpRequest.execute(AbstractClientHttpRequest.java:66)
	at org.springframework.http.client.InterceptingClientHttpRequest$InterceptingRequestExecution.execute(InterceptingClientHttpRequest.java:112)
	at org.springframework.cloud.netflix.eureka.http.RestTemplateTransportClientFactory.lambda$restTemplate$3(RestTemplateTransportClientFactory.java:170)
	at org.springframework.http.client.InterceptingClientHttpRequest$InterceptingRequestExecution.execute(InterceptingClientHttpRequest.java:88)
	at org.springframework.http.client.InterceptingClientHttpRequest.executeInternal(InterceptingClientHttpRequest.java:72)
	at org.springframework.http.client.AbstractBufferingClientHttpRequest.executeInternal(AbstractBufferingClientHttpRequest.java:48)
	at org.springframework.http.client.AbstractClientHttpRequest.execute(AbstractClientHttpRequest.java:66)
	at org.springframework.web.client.RestTemplate.doExecute(RestTemplate.java:889)
	... 21 more

2025-08-30 10:23:11.043 [DiscoveryClient-InstanceInfoReplicator-%d] WARN  c.n.d.s.t.decorator.RetryableEurekaHttpClient:[execute:130] - Request execution failed with message: I/O error on POST request for "http://localhost:8761/eureka/apps/STORE-SERVICE": Connect to http://localhost:8761 [localhost/127.0.0.1, localhost/0:0:0:0:0:0:0:1] failed: Connection refused: getsockopt
2025-08-30 10:23:11.087 [DiscoveryClient-InstanceInfoReplicator-%d] INFO  c.n.d.s.t.decorator.RedirectingEurekaHttpClient:[execute:84] - Request execution error. endpoint=DefaultEndpoint{ serviceUrl='http://localhost:8761/eureka/}, exception=I/O error on POST request for "http://localhost:8761/eureka/apps/STORE-SERVICE": Connect to http://localhost:8761 [localhost/127.0.0.1, localhost/0:0:0:0:0:0:0:1] failed: Connection refused: getsockopt stacktrace=org.springframework.web.client.ResourceAccessException: I/O error on POST request for "http://localhost:8761/eureka/apps/STORE-SERVICE": Connect to http://localhost:8761 [localhost/127.0.0.1, localhost/0:0:0:0:0:0:0:1] failed: Connection refused: getsockopt
	at org.springframework.web.client.RestTemplate.createResourceAccessException(RestTemplate.java:915)
	at org.springframework.web.client.RestTemplate.doExecute(RestTemplate.java:895)
	at org.springframework.web.client.RestTemplate.execute(RestTemplate.java:790)
	at org.springframework.web.client.RestTemplate.exchange(RestTemplate.java:672)
	at org.springframework.cloud.netflix.eureka.http.RestTemplateEurekaHttpClient.register(RestTemplateEurekaHttpClient.java:77)
	at com.netflix.discovery.shared.transport.decorator.EurekaHttpClientDecorator$1.execute(EurekaHttpClientDecorator.java:59)
	at com.netflix.discovery.shared.transport.decorator.RedirectingEurekaHttpClient.executeOnNewServer(RedirectingEurekaHttpClient.java:121)
	at com.netflix.discovery.shared.transport.decorator.RedirectingEurekaHttpClient.execute(RedirectingEurekaHttpClient.java:80)
	at com.netflix.discovery.shared.transport.decorator.EurekaHttpClientDecorator.register(EurekaHttpClientDecorator.java:56)
	at com.netflix.discovery.shared.transport.decorator.EurekaHttpClientDecorator$1.execute(EurekaHttpClientDecorator.java:59)
	at com.netflix.discovery.shared.transport.decorator.RetryableEurekaHttpClient.execute(RetryableEurekaHttpClient.java:120)
	at com.netflix.discovery.shared.transport.decorator.EurekaHttpClientDecorator.register(EurekaHttpClientDecorator.java:56)
	at com.netflix.discovery.shared.transport.decorator.EurekaHttpClientDecorator$1.execute(EurekaHttpClientDecorator.java:59)
	at com.netflix.discovery.shared.transport.decorator.SessionedEurekaHttpClient.execute(SessionedEurekaHttpClient.java:76)
	at com.netflix.discovery.shared.transport.decorator.EurekaHttpClientDecorator.register(EurekaHttpClientDecorator.java:56)
	at com.netflix.discovery.DiscoveryClient.register(DiscoveryClient.java:828)
	at com.netflix.discovery.InstanceInfoReplicator.run(InstanceInfoReplicator.java:125)
	at com.netflix.discovery.InstanceInfoReplicator$2.run(InstanceInfoReplicator.java:105)
	at java.base/java.util.concurrent.Executors$RunnableAdapter.call(Executors.java:572)
	at java.base/java.util.concurrent.FutureTask.run(FutureTask.java:317)
	at java.base/java.util.concurrent.ScheduledThreadPoolExecutor$ScheduledFutureTask.run(ScheduledThreadPoolExecutor.java:304)
	at java.base/java.util.concurrent.ThreadPoolExecutor.runWorker(ThreadPoolExecutor.java:1144)
	at java.base/java.util.concurrent.ThreadPoolExecutor$Worker.run(ThreadPoolExecutor.java:642)
	at java.base/java.lang.Thread.run(Thread.java:1575)
Caused by: org.apache.hc.client5.http.HttpHostConnectException: Connect to http://localhost:8761 [localhost/127.0.0.1, localhost/0:0:0:0:0:0:0:1] failed: Connection refused: getsockopt
	at java.base/sun.nio.ch.Net.pollConnect(Native Method)
	at java.base/sun.nio.ch.Net.pollConnectNow(Net.java:682)
	at java.base/sun.nio.ch.NioSocketImpl.timedFinishConnect(NioSocketImpl.java:542)
	at java.base/sun.nio.ch.NioSocketImpl.connect(NioSocketImpl.java:592)
	at java.base/java.net.SocksSocketImpl.connect(SocksSocketImpl.java:327)
	at java.base/java.net.Socket.connect(Socket.java:760)
	at org.apache.hc.client5.http.socket.PlainConnectionSocketFactory.lambda$connectSocket$0(PlainConnectionSocketFactory.java:91)
	at java.base/java.security.AccessController.doPrivileged(AccessController.java:571)
	at org.apache.hc.client5.http.socket.PlainConnectionSocketFactory.connectSocket(PlainConnectionSocketFactory.java:90)
	at org.apache.hc.client5.http.socket.ConnectionSocketFactory.connectSocket(ConnectionSocketFactory.java:123)
	at org.apache.hc.client5.http.impl.io.DefaultHttpClientConnectionOperator.connect(DefaultHttpClientConnectionOperator.java:189)
	at org.apache.hc.client5.http.impl.io.PoolingHttpClientConnectionManager.connect(PoolingHttpClientConnectionManager.java:450)
	at org.apache.hc.client5.http.impl.classic.InternalExecRuntime.connectEndpoint(InternalExecRuntime.java:162)
	at org.apache.hc.client5.http.impl.classic.InternalExecRuntime.connectEndpoint(InternalExecRuntime.java:172)
	at org.apache.hc.client5.http.impl.classic.ConnectExec.execute(ConnectExec.java:142)
	at org.apache.hc.client5.http.impl.classic.ExecChainElement.execute(ExecChainElement.java:51)
	at org.apache.hc.client5.http.impl.classic.ProtocolExec.execute(ProtocolExec.java:192)
	at org.apache.hc.client5.http.impl.classic.ExecChainElement.execute(ExecChainElement.java:51)
	at org.apache.hc.client5.http.impl.classic.HttpRequestRetryExec.execute(HttpRequestRetryExec.java:113)
	at org.apache.hc.client5.http.impl.classic.ExecChainElement.execute(ExecChainElement.java:51)
	at org.apache.hc.client5.http.impl.classic.ContentCompressionExec.execute(ContentCompressionExec.java:152)
	at org.apache.hc.client5.http.impl.classic.ExecChainElement.execute(ExecChainElement.java:51)
	at org.apache.hc.client5.http.impl.classic.RedirectExec.execute(RedirectExec.java:116)
	at org.apache.hc.client5.http.impl.classic.ExecChainElement.execute(ExecChainElement.java:51)
	at org.apache.hc.client5.http.impl.classic.InternalHttpClient.doExecute(InternalHttpClient.java:170)
	at org.apache.hc.client5.http.impl.classic.CloseableHttpClient.execute(CloseableHttpClient.java:87)
	at org.apache.hc.client5.http.impl.classic.CloseableHttpClient.execute(CloseableHttpClient.java:55)
	at org.apache.hc.client5.http.classic.HttpClient.executeOpen(HttpClient.java:183)
	at org.springframework.http.client.HttpComponentsClientHttpRequest.executeInternal(HttpComponentsClientHttpRequest.java:99)
	at org.springframework.http.client.AbstractStreamingClientHttpRequest.executeInternal(AbstractStreamingClientHttpRequest.java:70)
	at org.springframework.http.client.AbstractClientHttpRequest.execute(AbstractClientHttpRequest.java:66)
	at org.springframework.http.client.InterceptingClientHttpRequest$InterceptingRequestExecution.execute(InterceptingClientHttpRequest.java:112)
	at org.springframework.cloud.netflix.eureka.http.RestTemplateTransportClientFactory.lambda$restTemplate$3(RestTemplateTransportClientFactory.java:170)
	at org.springframework.http.client.InterceptingClientHttpRequest$InterceptingRequestExecution.execute(InterceptingClientHttpRequest.java:88)
	at org.springframework.http.client.InterceptingClientHttpRequest.executeInternal(InterceptingClientHttpRequest.java:72)
	at org.springframework.http.client.AbstractBufferingClientHttpRequest.executeInternal(AbstractBufferingClientHttpRequest.java:48)
	at org.springframework.http.client.AbstractClientHttpRequest.execute(AbstractClientHttpRequest.java:66)
	at org.springframework.web.client.RestTemplate.doExecute(RestTemplate.java:889)
	... 22 more

2025-08-30 10:23:11.088 [DiscoveryClient-InstanceInfoReplicator-%d] WARN  c.n.d.s.t.decorator.RetryableEurekaHttpClient:[execute:130] - Request execution failed with message: I/O error on POST request for "http://localhost:8761/eureka/apps/STORE-SERVICE": Connect to http://localhost:8761 [localhost/127.0.0.1, localhost/0:0:0:0:0:0:0:1] failed: Connection refused: getsockopt
2025-08-30 10:23:11.088 [DiscoveryClient-InstanceInfoReplicator-%d] WARN  com.netflix.discovery.DiscoveryClient:[register:830] - DiscoveryClient_STORE-SERVICE/SS11041203:store-service:8083 - registration failed Cannot execute request on any known server
com.netflix.discovery.shared.transport.TransportException: Cannot execute request on any known server
	at com.netflix.discovery.shared.transport.decorator.RetryableEurekaHttpClient.execute(RetryableEurekaHttpClient.java:112)
	at com.netflix.discovery.shared.transport.decorator.EurekaHttpClientDecorator.register(EurekaHttpClientDecorator.java:56)
	at com.netflix.discovery.shared.transport.decorator.EurekaHttpClientDecorator$1.execute(EurekaHttpClientDecorator.java:59)
	at com.netflix.discovery.shared.transport.decorator.SessionedEurekaHttpClient.execute(SessionedEurekaHttpClient.java:76)
	at com.netflix.discovery.shared.transport.decorator.EurekaHttpClientDecorator.register(EurekaHttpClientDecorator.java:56)
	at com.netflix.discovery.DiscoveryClient.register(DiscoveryClient.java:828)
	at com.netflix.discovery.InstanceInfoReplicator.run(InstanceInfoReplicator.java:125)
	at com.netflix.discovery.InstanceInfoReplicator$2.run(InstanceInfoReplicator.java:105)
	at java.base/java.util.concurrent.Executors$RunnableAdapter.call(Executors.java:572)
	at java.base/java.util.concurrent.FutureTask.run(FutureTask.java:317)
	at java.base/java.util.concurrent.ScheduledThreadPoolExecutor$ScheduledFutureTask.run(ScheduledThreadPoolExecutor.java:304)
	at java.base/java.util.concurrent.ThreadPoolExecutor.runWorker(ThreadPoolExecutor.java:1144)
	at java.base/java.util.concurrent.ThreadPoolExecutor$Worker.run(ThreadPoolExecutor.java:642)
	at java.base/java.lang.Thread.run(Thread.java:1575)
2025-08-30 10:23:11.090 [DiscoveryClient-InstanceInfoReplicator-%d] WARN  com.netflix.discovery.InstanceInfoReplicator:[run:129] - There was a problem with the instance info replicator
com.netflix.discovery.shared.transport.TransportException: Cannot execute request on any known server
	at com.netflix.discovery.shared.transport.decorator.RetryableEurekaHttpClient.execute(RetryableEurekaHttpClient.java:112)
	at com.netflix.discovery.shared.transport.decorator.EurekaHttpClientDecorator.register(EurekaHttpClientDecorator.java:56)
	at com.netflix.discovery.shared.transport.decorator.EurekaHttpClientDecorator$1.execute(EurekaHttpClientDecorator.java:59)
	at com.netflix.discovery.shared.transport.decorator.SessionedEurekaHttpClient.execute(SessionedEurekaHttpClient.java:76)
	at com.netflix.discovery.shared.transport.decorator.EurekaHttpClientDecorator.register(EurekaHttpClientDecorator.java:56)
	at com.netflix.discovery.DiscoveryClient.register(DiscoveryClient.java:828)
	at com.netflix.discovery.InstanceInfoReplicator.run(InstanceInfoReplicator.java:125)
	at com.netflix.discovery.InstanceInfoReplicator$2.run(InstanceInfoReplicator.java:105)
	at java.base/java.util.concurrent.Executors$RunnableAdapter.call(Executors.java:572)
	at java.base/java.util.concurrent.FutureTask.run(FutureTask.java:317)
	at java.base/java.util.concurrent.ScheduledThreadPoolExecutor$ScheduledFutureTask.run(ScheduledThreadPoolExecutor.java:304)
	at java.base/java.util.concurrent.ThreadPoolExecutor.runWorker(ThreadPoolExecutor.java:1144)
	at java.base/java.util.concurrent.ThreadPoolExecutor$Worker.run(ThreadPoolExecutor.java:642)
	at java.base/java.lang.Thread.run(Thread.java:1575)
2025-08-30 10:23:11.090 [SpringApplicationShutdownHook] INFO  com.netflix.discovery.DiscoveryClient:[unregister:918] - Unregistering ...
2025-08-30 10:23:11.118 [SpringApplicationShutdownHook] INFO  c.n.d.s.t.decorator.RedirectingEurekaHttpClient:[execute:84] - Request execution error. endpoint=DefaultEndpoint{ serviceUrl='http://localhost:8761/eureka/}, exception=I/O error on DELETE request for "http://localhost:8761/eureka/apps/STORE-SERVICE/SS11041203:store-service:8083": Connect to http://localhost:8761 [localhost/127.0.0.1, localhost/0:0:0:0:0:0:0:1] failed: Connection refused: getsockopt stacktrace=org.springframework.web.client.ResourceAccessException: I/O error on DELETE request for "http://localhost:8761/eureka/apps/STORE-SERVICE/SS11041203:store-service:8083": Connect to http://localhost:8761 [localhost/127.0.0.1, localhost/0:0:0:0:0:0:0:1] failed: Connection refused: getsockopt
	at org.springframework.web.client.RestTemplate.createResourceAccessException(RestTemplate.java:915)
	at org.springframework.web.client.RestTemplate.doExecute(RestTemplate.java:895)
	at org.springframework.web.client.RestTemplate.execute(RestTemplate.java:790)
	at org.springframework.web.client.RestTemplate.exchange(RestTemplate.java:672)
	at org.springframework.cloud.netflix.eureka.http.RestTemplateEurekaHttpClient.cancel(RestTemplateEurekaHttpClient.java:87)
	at com.netflix.discovery.shared.transport.decorator.EurekaHttpClientDecorator$2.execute(EurekaHttpClientDecorator.java:74)
	at com.netflix.discovery.shared.transport.decorator.RedirectingEurekaHttpClient.executeOnNewServer(RedirectingEurekaHttpClient.java:121)
	at com.netflix.discovery.shared.transport.decorator.RedirectingEurekaHttpClient.execute(RedirectingEurekaHttpClient.java:80)
	at com.netflix.discovery.shared.transport.decorator.EurekaHttpClientDecorator.cancel(EurekaHttpClientDecorator.java:71)
	at com.netflix.discovery.shared.transport.decorator.EurekaHttpClientDecorator$2.execute(EurekaHttpClientDecorator.java:74)
	at com.netflix.discovery.shared.transport.decorator.RetryableEurekaHttpClient.execute(RetryableEurekaHttpClient.java:120)
	at com.netflix.discovery.shared.transport.decorator.EurekaHttpClientDecorator.cancel(EurekaHttpClientDecorator.java:71)
	at com.netflix.discovery.shared.transport.decorator.EurekaHttpClientDecorator$2.execute(EurekaHttpClientDecorator.java:74)
	at com.netflix.discovery.shared.transport.decorator.SessionedEurekaHttpClient.execute(SessionedEurekaHttpClient.java:76)
	at com.netflix.discovery.shared.transport.decorator.EurekaHttpClientDecorator.cancel(EurekaHttpClientDecorator.java:71)
	at com.netflix.discovery.DiscoveryClient.unregister(DiscoveryClient.java:919)
	at com.netflix.discovery.DiscoveryClient.shutdown(DiscoveryClient.java:900)
	at java.base/jdk.internal.reflect.DirectMethodHandleAccessor.invoke(DirectMethodHandleAccessor.java:103)
	at java.base/java.lang.reflect.Method.invoke(Method.java:580)
	at org.springframework.beans.factory.annotation.InitDestroyAnnotationBeanPostProcessor$LifecycleMethod.invoke(InitDestroyAnnotationBeanPostProcessor.java:457)
	at org.springframework.beans.factory.annotation.InitDestroyAnnotationBeanPostProcessor$LifecycleMetadata.invokeDestroyMethods(InitDestroyAnnotationBeanPostProcessor.java:415)
	at org.springframework.beans.factory.annotation.InitDestroyAnnotationBeanPostProcessor.postProcessBeforeDestruction(InitDestroyAnnotationBeanPostProcessor.java:239)
	at org.springframework.beans.factory.support.DisposableBeanAdapter.destroy(DisposableBeanAdapter.java:202)
	at org.springframework.beans.factory.support.DisposableBeanAdapter.run(DisposableBeanAdapter.java:195)
	at org.springframework.cloud.context.scope.GenericScope$BeanLifecycleWrapper.destroy(GenericScope.java:389)
	at org.springframework.cloud.context.scope.GenericScope.destroy(GenericScope.java:136)
	at org.springframework.beans.factory.support.DisposableBeanAdapter.destroy(DisposableBeanAdapter.java:211)
	at org.springframework.beans.factory.support.DefaultSingletonBeanRegistry.destroyBean(DefaultSingletonBeanRegistry.java:587)
	at org.springframework.beans.factory.support.DefaultSingletonBeanRegistry.destroySingleton(DefaultSingletonBeanRegistry.java:559)
	at org.springframework.beans.factory.support.DefaultListableBeanFactory.destroySingleton(DefaultListableBeanFactory.java:1202)
	at org.springframework.beans.factory.support.DefaultSingletonBeanRegistry.destroySingletons(DefaultSingletonBeanRegistry.java:520)
	at org.springframework.beans.factory.support.DefaultListableBeanFactory.destroySingletons(DefaultListableBeanFactory.java:1195)
	at org.springframework.context.support.AbstractApplicationContext.destroyBeans(AbstractApplicationContext.java:1195)
	at org.springframework.context.support.AbstractApplicationContext.doClose(AbstractApplicationContext.java:1156)
	at org.springframework.boot.web.servlet.context.ServletWebServerApplicationContext.doClose(ServletWebServerApplicationContext.java:174)
	at org.springframework.context.support.AbstractApplicationContext.close(AbstractApplicationContext.java:1102)
	at org.springframework.boot.SpringApplicationShutdownHook.closeAndWait(SpringApplicationShutdownHook.java:145)
	at java.base/java.lang.Iterable.forEach(Iterable.java:75)
	at org.springframework.boot.SpringApplicationShutdownHook.run(SpringApplicationShutdownHook.java:114)
	at java.base/java.lang.Thread.run(Thread.java:1575)
Caused by: org.apache.hc.client5.http.HttpHostConnectException: Connect to http://localhost:8761 [localhost/127.0.0.1, localhost/0:0:0:0:0:0:0:1] failed: Connection refused: getsockopt
	at java.base/sun.nio.ch.Net.pollConnect(Native Method)
	at java.base/sun.nio.ch.Net.pollConnectNow(Net.java:682)
	at java.base/sun.nio.ch.NioSocketImpl.timedFinishConnect(NioSocketImpl.java:542)
	at java.base/sun.nio.ch.NioSocketImpl.connect(NioSocketImpl.java:592)
	at java.base/java.net.SocksSocketImpl.connect(SocksSocketImpl.java:327)
	at java.base/java.net.Socket.connect(Socket.java:760)
	at org.apache.hc.client5.http.socket.PlainConnectionSocketFactory.lambda$connectSocket$0(PlainConnectionSocketFactory.java:91)
	at java.base/java.security.AccessController.doPrivileged(AccessController.java:571)
	at org.apache.hc.client5.http.socket.PlainConnectionSocketFactory.connectSocket(PlainConnectionSocketFactory.java:90)
	at org.apache.hc.client5.http.socket.ConnectionSocketFactory.connectSocket(ConnectionSocketFactory.java:123)
	at org.apache.hc.client5.http.impl.io.DefaultHttpClientConnectionOperator.connect(DefaultHttpClientConnectionOperator.java:189)
	at org.apache.hc.client5.http.impl.io.PoolingHttpClientConnectionManager.connect(PoolingHttpClientConnectionManager.java:450)
	at org.apache.hc.client5.http.impl.classic.InternalExecRuntime.connectEndpoint(InternalExecRuntime.java:162)
	at org.apache.hc.client5.http.impl.classic.InternalExecRuntime.connectEndpoint(InternalExecRuntime.java:172)
	at org.apache.hc.client5.http.impl.classic.ConnectExec.execute(ConnectExec.java:142)
	at org.apache.hc.client5.http.impl.classic.ExecChainElement.execute(ExecChainElement.java:51)
	at org.apache.hc.client5.http.impl.classic.ProtocolExec.execute(ProtocolExec.java:192)
	at org.apache.hc.client5.http.impl.classic.ExecChainElement.execute(ExecChainElement.java:51)
	at org.apache.hc.client5.http.impl.classic.HttpRequestRetryExec.execute(HttpRequestRetryExec.java:113)
	at org.apache.hc.client5.http.impl.classic.ExecChainElement.execute(ExecChainElement.java:51)
	at org.apache.hc.client5.http.impl.classic.ContentCompressionExec.execute(ContentCompressionExec.java:152)
	at org.apache.hc.client5.http.impl.classic.ExecChainElement.execute(ExecChainElement.java:51)
	at org.apache.hc.client5.http.impl.classic.RedirectExec.execute(RedirectExec.java:116)
	at org.apache.hc.client5.http.impl.classic.ExecChainElement.execute(ExecChainElement.java:51)
	at org.apache.hc.client5.http.impl.classic.InternalHttpClient.doExecute(InternalHttpClient.java:170)
	at org.apache.hc.client5.http.impl.classic.CloseableHttpClient.execute(CloseableHttpClient.java:87)
	at org.apache.hc.client5.http.impl.classic.CloseableHttpClient.execute(CloseableHttpClient.java:55)
	at org.apache.hc.client5.http.classic.HttpClient.executeOpen(HttpClient.java:183)
	at org.springframework.http.client.HttpComponentsClientHttpRequest.executeInternal(HttpComponentsClientHttpRequest.java:99)
	at org.springframework.http.client.AbstractStreamingClientHttpRequest.executeInternal(AbstractStreamingClientHttpRequest.java:70)
	at org.springframework.http.client.AbstractClientHttpRequest.execute(AbstractClientHttpRequest.java:66)
	at org.springframework.http.client.InterceptingClientHttpRequest$InterceptingRequestExecution.execute(InterceptingClientHttpRequest.java:112)
	at org.springframework.cloud.netflix.eureka.http.RestTemplateTransportClientFactory.lambda$restTemplate$3(RestTemplateTransportClientFactory.java:170)
	at org.springframework.http.client.InterceptingClientHttpRequest$InterceptingRequestExecution.execute(InterceptingClientHttpRequest.java:88)
	at org.springframework.http.client.InterceptingClientHttpRequest.executeInternal(InterceptingClientHttpRequest.java:72)
	at org.springframework.http.client.AbstractBufferingClientHttpRequest.executeInternal(AbstractBufferingClientHttpRequest.java:48)
	at org.springframework.http.client.AbstractClientHttpRequest.execute(AbstractClientHttpRequest.java:66)
	at org.springframework.web.client.RestTemplate.doExecute(RestTemplate.java:889)
	... 38 more

2025-08-30 10:23:11.119 [SpringApplicationShutdownHook] WARN  c.n.d.s.t.decorator.RetryableEurekaHttpClient:[execute:130] - Request execution failed with message: I/O error on DELETE request for "http://localhost:8761/eureka/apps/STORE-SERVICE/SS11041203:store-service:8083": Connect to http://localhost:8761 [localhost/127.0.0.1, localhost/0:0:0:0:0:0:0:1] failed: Connection refused: getsockopt
2025-08-30 10:23:11.119 [SpringApplicationShutdownHook] ERROR com.netflix.discovery.DiscoveryClient:[unregister:922] - DiscoveryClient_STORE-SERVICE/SS11041203:store-service:8083 - de-registration failedCannot execute request on any known server
com.netflix.discovery.shared.transport.TransportException: Cannot execute request on any known server
	at com.netflix.discovery.shared.transport.decorator.RetryableEurekaHttpClient.execute(RetryableEurekaHttpClient.java:112)
	at com.netflix.discovery.shared.transport.decorator.EurekaHttpClientDecorator.cancel(EurekaHttpClientDecorator.java:71)
	at com.netflix.discovery.shared.transport.decorator.EurekaHttpClientDecorator$2.execute(EurekaHttpClientDecorator.java:74)
	at com.netflix.discovery.shared.transport.decorator.SessionedEurekaHttpClient.execute(SessionedEurekaHttpClient.java:76)
	at com.netflix.discovery.shared.transport.decorator.EurekaHttpClientDecorator.cancel(EurekaHttpClientDecorator.java:71)
	at com.netflix.discovery.DiscoveryClient.unregister(DiscoveryClient.java:919)
	at com.netflix.discovery.DiscoveryClient.shutdown(DiscoveryClient.java:900)
	at java.base/jdk.internal.reflect.DirectMethodHandleAccessor.invoke(DirectMethodHandleAccessor.java:103)
	at java.base/java.lang.reflect.Method.invoke(Method.java:580)
	at org.springframework.beans.factory.annotation.InitDestroyAnnotationBeanPostProcessor$LifecycleMethod.invoke(InitDestroyAnnotationBeanPostProcessor.java:457)
	at org.springframework.beans.factory.annotation.InitDestroyAnnotationBeanPostProcessor$LifecycleMetadata.invokeDestroyMethods(InitDestroyAnnotationBeanPostProcessor.java:415)
	at org.springframework.beans.factory.annotation.InitDestroyAnnotationBeanPostProcessor.postProcessBeforeDestruction(InitDestroyAnnotationBeanPostProcessor.java:239)
	at org.springframework.beans.factory.support.DisposableBeanAdapter.destroy(DisposableBeanAdapter.java:202)
	at org.springframework.beans.factory.support.DisposableBeanAdapter.run(DisposableBeanAdapter.java:195)
	at org.springframework.cloud.context.scope.GenericScope$BeanLifecycleWrapper.destroy(GenericScope.java:389)
	at org.springframework.cloud.context.scope.GenericScope.destroy(GenericScope.java:136)
	at org.springframework.beans.factory.support.DisposableBeanAdapter.destroy(DisposableBeanAdapter.java:211)
	at org.springframework.beans.factory.support.DefaultSingletonBeanRegistry.destroyBean(DefaultSingletonBeanRegistry.java:587)
	at org.springframework.beans.factory.support.DefaultSingletonBeanRegistry.destroySingleton(DefaultSingletonBeanRegistry.java:559)
	at org.springframework.beans.factory.support.DefaultListableBeanFactory.destroySingleton(DefaultListableBeanFactory.java:1202)
	at org.springframework.beans.factory.support.DefaultSingletonBeanRegistry.destroySingletons(DefaultSingletonBeanRegistry.java:520)
	at org.springframework.beans.factory.support.DefaultListableBeanFactory.destroySingletons(DefaultListableBeanFactory.java:1195)
	at org.springframework.context.support.AbstractApplicationContext.destroyBeans(AbstractApplicationContext.java:1195)
	at org.springframework.context.support.AbstractApplicationContext.doClose(AbstractApplicationContext.java:1156)
	at org.springframework.boot.web.servlet.context.ServletWebServerApplicationContext.doClose(ServletWebServerApplicationContext.java:174)
	at org.springframework.context.support.AbstractApplicationContext.close(AbstractApplicationContext.java:1102)
	at org.springframework.boot.SpringApplicationShutdownHook.closeAndWait(SpringApplicationShutdownHook.java:145)
	at java.base/java.lang.Iterable.forEach(Iterable.java:75)
	at org.springframework.boot.SpringApplicationShutdownHook.run(SpringApplicationShutdownHook.java:114)
	at java.base/java.lang.Thread.run(Thread.java:1575)
2025-08-30 10:23:11.119 [SpringApplicationShutdownHook] INFO  com.netflix.discovery.DiscoveryClient:[shutdown:907] - Completed shut down of DiscoveryClient
2025-08-30 10:23:34.378 [main] INFO  com.blm.store.StoreApplication:[logStarting:50] - Starting StoreApplication using Java 23.0.1 with PID 46440 (D:\BUAA\大二暑假\BLM\store-service\target\classes started by Lenovo in D:\BUAA\大二暑假\BLM)
2025-08-30 10:23:34.380 [main] DEBUG com.blm.store.StoreApplication:[logStarting:51] - Running with Spring Boot v3.3.3, Spring v6.1.12
2025-08-30 10:23:34.380 [main] INFO  com.blm.store.StoreApplication:[logStartupProfileInfo:660] - The following 1 profile is active: "dev"
2025-08-30 10:23:34.712 [main] DEBUG o.s.cloud.openfeign.FeignClientsRegistrar$1:[scanCandidateComponents:476] - Identified candidate component class: file [D:\BUAA\大二暑假\BLM\common\target\classes\com\blm\common\feign\OrderServiceClient.class]
2025-08-30 10:23:34.712 [main] DEBUG o.s.cloud.openfeign.FeignClientsRegistrar$1:[scanCandidateComponents:476] - Identified candidate component class: file [D:\BUAA\大二暑假\BLM\common\target\classes\com\blm\common\feign\RiderServiceClient.class]
2025-08-30 10:23:34.712 [main] DEBUG o.s.cloud.openfeign.FeignClientsRegistrar$1:[scanCandidateComponents:476] - Identified candidate component class: file [D:\BUAA\大二暑假\BLM\common\target\classes\com\blm\common\feign\StoreServiceClient.class]
2025-08-30 10:23:34.712 [main] DEBUG o.s.cloud.openfeign.FeignClientsRegistrar$1:[scanCandidateComponents:476] - Identified candidate component class: file [D:\BUAA\大二暑假\BLM\common\target\classes\com\blm\common\feign\UserServiceClient.class]
2025-08-30 10:23:34.777 [main] DEBUG o.m.s.boot.autoconfigure.MybatisAutoConfiguration:[registerBeanDefinitions:247] - Searching for mappers annotated with @Mapper
2025-08-30 10:23:34.777 [main] DEBUG o.m.s.boot.autoconfigure.MybatisAutoConfiguration:[lambda$registerBeanDefinitions$0:251] - Using auto-configuration base package 'com.blm.store'
2025-08-30 10:23:34.889 [main] DEBUG org.apache.ibatis.logging.LogFactory:[setImplementation:112] - Logging initialized using 'class org.apache.ibatis.logging.slf4j.Slf4jImpl' adapter.
2025-08-30 10:23:34.891 [main] DEBUG org.mybatis.spring.mapper.ClassPathMapperScanner:[scanCandidateComponents:476] - Identified candidate component class: file [D:\BUAA\大二暑假\BLM\store-service\target\classes\com\blm\store\repository\FoodCategoryRepository.class]
2025-08-30 10:23:34.892 [main] DEBUG org.mybatis.spring.mapper.ClassPathMapperScanner:[scanCandidateComponents:476] - Identified candidate component class: file [D:\BUAA\大二暑假\BLM\store-service\target\classes\com\blm\store\repository\FoodRepository.class]
2025-08-30 10:23:34.892 [main] DEBUG org.mybatis.spring.mapper.ClassPathMapperScanner:[scanCandidateComponents:476] - Identified candidate component class: file [D:\BUAA\大二暑假\BLM\store-service\target\classes\com\blm\store\repository\PromotionRepository.class]
2025-08-30 10:23:34.892 [main] DEBUG org.mybatis.spring.mapper.ClassPathMapperScanner:[scanCandidateComponents:476] - Identified candidate component class: file [D:\BUAA\大二暑假\BLM\store-service\target\classes\com\blm\store\repository\StoreCategoryRepository.class]
2025-08-30 10:23:34.892 [main] DEBUG org.mybatis.spring.mapper.ClassPathMapperScanner:[scanCandidateComponents:476] - Identified candidate component class: file [D:\BUAA\大二暑假\BLM\store-service\target\classes\com\blm\store\repository\StoreRepository.class]
2025-08-30 10:23:34.892 [main] DEBUG org.mybatis.spring.mapper.ClassPathMapperScanner:[debug:49] - Creating MapperFactoryBean with name 'foodCategoryRepository' and 'com.blm.store.repository.FoodCategoryRepository' mapperInterface
2025-08-30 10:23:34.893 [main] DEBUG org.mybatis.spring.mapper.ClassPathMapperScanner:[debug:49] - Creating MapperFactoryBean with name 'foodRepository' and 'com.blm.store.repository.FoodRepository' mapperInterface
2025-08-30 10:23:34.893 [main] DEBUG org.mybatis.spring.mapper.ClassPathMapperScanner:[debug:49] - Creating MapperFactoryBean with name 'promotionRepository' and 'com.blm.store.repository.PromotionRepository' mapperInterface
2025-08-30 10:23:34.894 [main] DEBUG org.mybatis.spring.mapper.ClassPathMapperScanner:[debug:49] - Creating MapperFactoryBean with name 'storeCategoryRepository' and 'com.blm.store.repository.StoreCategoryRepository' mapperInterface
2025-08-30 10:23:34.894 [main] DEBUG org.mybatis.spring.mapper.ClassPathMapperScanner:[debug:49] - Creating MapperFactoryBean with name 'storeRepository' and 'com.blm.store.repository.StoreRepository' mapperInterface
2025-08-30 10:23:34.959 [main] INFO  o.springframework.cloud.context.scope.GenericScope:[setSerializationId:282] - BeanFactory id=9af39289-17b3-3793-86a2-4e31d680bb05
2025-08-30 10:23:35.065 [main] WARN  o.s.c.s.PostProcessorRegistrationDelegate$BeanPostProcessorChecker:[postProcessAfterInitialization:429] - Bean 'org.springframework.cloud.client.loadbalancer.LoadBalancerAutoConfiguration$DeferringLoadBalancerInterceptorConfig' of type [org.springframework.cloud.client.loadbalancer.LoadBalancerAutoConfiguration$DeferringLoadBalancerInterceptorConfig] is not eligible for getting processed by all BeanPostProcessors (for example: not eligible for auto-proxying). The currently created BeanPostProcessor [lbRestClientPostProcessor] is declared through a non-static factory method on that class; consider declaring it as static instead.
2025-08-30 10:23:35.066 [main] WARN  o.s.c.s.PostProcessorRegistrationDelegate$BeanPostProcessorChecker:[postProcessAfterInitialization:437] - Bean 'deferringLoadBalancerInterceptor' of type [org.springframework.cloud.client.loadbalancer.DeferringLoadBalancerInterceptor] is not eligible for getting processed by all BeanPostProcessors (for example: not eligible for auto-proxying). Is this bean getting eagerly injected into a currently created BeanPostProcessor [lbRestClientPostProcessor]? Check the corresponding BeanPostProcessor declaration and its dependencies.
2025-08-30 10:23:35.200 [main] INFO  o.s.boot.web.embedded.tomcat.TomcatWebServer:[initialize:111] - Tomcat initialized with port 8083 (http)
2025-08-30 10:23:35.207 [main] INFO  org.apache.catalina.core.StandardService:[log:173] - Starting service [Tomcat]
2025-08-30 10:23:35.208 [main] INFO  org.apache.catalina.core.StandardEngine:[log:173] - Starting Servlet engine: [Apache Tomcat/10.1.28]
2025-08-30 10:23:35.255 [main] INFO  o.a.c.core.ContainerBase.[Tomcat].[localhost].[/]:[log:173] - Initializing Spring embedded WebApplicationContext
2025-08-30 10:23:35.255 [main] INFO  o.s.b.w.s.c.ServletWebServerApplicationContext:[prepareWebApplicationContext:296] - Root WebApplicationContext: initialization completed in 840 ms
2025-08-30 10:23:35.303 [main] DEBUG com.zaxxer.hikari.HikariConfig:[attemptFromContextLoader:974] - Driver class com.mysql.cj.jdbc.Driver found in Thread context class loader jdk.internal.loader.ClassLoaders$AppClassLoader@4617c264
2025-08-30 10:23:35.316 [main] DEBUG o.springframework.jdbc.datasource.DataSourceUtils:[doGetConnection:117] - Fetching JDBC Connection from DataSource
2025-08-30 10:23:35.316 [main] DEBUG com.zaxxer.hikari.HikariConfig:[logConfiguration:1106] - HikariPool-1 - configuration:
2025-08-30 10:23:35.317 [main] DEBUG com.zaxxer.hikari.HikariConfig:[logConfiguration:1138] - allowPoolSuspension.............false
2025-08-30 10:23:35.318 [main] DEBUG com.zaxxer.hikari.HikariConfig:[logConfiguration:1138] - autoCommit......................true
2025-08-30 10:23:35.319 [main] DEBUG com.zaxxer.hikari.HikariConfig:[logConfiguration:1138] - catalog.........................none
2025-08-30 10:23:35.319 [main] DEBUG com.zaxxer.hikari.HikariConfig:[logConfiguration:1138] - connectionInitSql...............none
2025-08-30 10:23:35.320 [main] DEBUG com.zaxxer.hikari.HikariConfig:[logConfiguration:1138] - connectionTestQuery.............none
2025-08-30 10:23:35.320 [main] DEBUG com.zaxxer.hikari.HikariConfig:[logConfiguration:1138] - connectionTimeout...............30000
2025-08-30 10:23:35.320 [main] DEBUG com.zaxxer.hikari.HikariConfig:[logConfiguration:1138] - dataSource......................none
2025-08-30 10:23:35.320 [main] DEBUG com.zaxxer.hikari.HikariConfig:[logConfiguration:1138] - dataSourceClassName.............none
2025-08-30 10:23:35.320 [main] DEBUG com.zaxxer.hikari.HikariConfig:[logConfiguration:1138] - dataSourceJNDI..................none
2025-08-30 10:23:35.321 [main] DEBUG com.zaxxer.hikari.HikariConfig:[logConfiguration:1138] - dataSourceProperties............{password=<masked>}
2025-08-30 10:23:35.321 [main] DEBUG com.zaxxer.hikari.HikariConfig:[logConfiguration:1138] - driverClassName................."com.mysql.cj.jdbc.Driver"
2025-08-30 10:23:35.321 [main] DEBUG com.zaxxer.hikari.HikariConfig:[logConfiguration:1138] - exceptionOverrideClassName......none
2025-08-30 10:23:35.321 [main] DEBUG com.zaxxer.hikari.HikariConfig:[logConfiguration:1138] - healthCheckProperties...........{}
2025-08-30 10:23:35.321 [main] DEBUG com.zaxxer.hikari.HikariConfig:[logConfiguration:1138] - healthCheckRegistry.............none
2025-08-30 10:23:35.321 [main] DEBUG com.zaxxer.hikari.HikariConfig:[logConfiguration:1138] - idleTimeout.....................600000
2025-08-30 10:23:35.321 [main] DEBUG com.zaxxer.hikari.HikariConfig:[logConfiguration:1138] - initializationFailTimeout.......1
2025-08-30 10:23:35.321 [main] DEBUG com.zaxxer.hikari.HikariConfig:[logConfiguration:1138] - isolateInternalQueries..........false
2025-08-30 10:23:35.322 [main] DEBUG com.zaxxer.hikari.HikariConfig:[logConfiguration:1138] - jdbcUrl.........................jdbc:mysql://localhost:3306/store_db?useUnicode=true&characterEncoding=utf-8&useSSL=false&serverTimezone=UTC
2025-08-30 10:23:35.322 [main] DEBUG com.zaxxer.hikari.HikariConfig:[logConfiguration:1138] - keepaliveTime...................0
2025-08-30 10:23:35.322 [main] DEBUG com.zaxxer.hikari.HikariConfig:[logConfiguration:1138] - leakDetectionThreshold..........0
2025-08-30 10:23:35.322 [main] DEBUG com.zaxxer.hikari.HikariConfig:[logConfiguration:1138] - maxLifetime.....................1800000
2025-08-30 10:23:35.323 [main] DEBUG com.zaxxer.hikari.HikariConfig:[logConfiguration:1138] - maximumPoolSize.................10
2025-08-30 10:23:35.323 [main] DEBUG com.zaxxer.hikari.HikariConfig:[logConfiguration:1138] - metricRegistry..................none
2025-08-30 10:23:35.323 [main] DEBUG com.zaxxer.hikari.HikariConfig:[logConfiguration:1138] - metricsTrackerFactory...........none
2025-08-30 10:23:35.323 [main] DEBUG com.zaxxer.hikari.HikariConfig:[logConfiguration:1138] - minimumIdle.....................10
2025-08-30 10:23:35.323 [main] DEBUG com.zaxxer.hikari.HikariConfig:[logConfiguration:1138] - password........................<masked>
2025-08-30 10:23:35.323 [main] DEBUG com.zaxxer.hikari.HikariConfig:[logConfiguration:1138] - poolName........................"HikariPool-1"
2025-08-30 10:23:35.323 [main] DEBUG com.zaxxer.hikari.HikariConfig:[logConfiguration:1138] - readOnly........................false
2025-08-30 10:23:35.323 [main] DEBUG com.zaxxer.hikari.HikariConfig:[logConfiguration:1138] - registerMbeans..................false
2025-08-30 10:23:35.324 [main] DEBUG com.zaxxer.hikari.HikariConfig:[logConfiguration:1138] - scheduledExecutor...............none
2025-08-30 10:23:35.324 [main] DEBUG com.zaxxer.hikari.HikariConfig:[logConfiguration:1138] - schema..........................none
2025-08-30 10:23:35.324 [main] DEBUG com.zaxxer.hikari.HikariConfig:[logConfiguration:1138] - threadFactory...................internal
2025-08-30 10:23:35.324 [main] DEBUG com.zaxxer.hikari.HikariConfig:[logConfiguration:1138] - transactionIsolation............default
2025-08-30 10:23:35.324 [main] DEBUG com.zaxxer.hikari.HikariConfig:[logConfiguration:1138] - username........................"root"
2025-08-30 10:23:35.324 [main] DEBUG com.zaxxer.hikari.HikariConfig:[logConfiguration:1138] - validationTimeout...............5000
2025-08-30 10:23:35.324 [main] INFO  com.zaxxer.hikari.HikariDataSource:[getConnection:109] - HikariPool-1 - Starting...
2025-08-30 10:23:35.402 [main] INFO  com.zaxxer.hikari.pool.HikariPool:[checkFailFast:554] - HikariPool-1 - Added connection com.mysql.cj.jdbc.ConnectionImpl@1c2d63f0
2025-08-30 10:23:35.403 [main] INFO  com.zaxxer.hikari.HikariDataSource:[getConnection:122] - HikariPool-1 - Start completed.
2025-08-30 10:23:35.493 [main] DEBUG org.mybatis.spring.SqlSessionFactoryBean:[debug:49] - Parsed mapper file: 'file [D:\BUAA\大二暑假\BLM\store-service\target\classes\mapper\FoodMapper.xml]'
2025-08-30 10:23:35.499 [main] DEBUG org.mybatis.spring.SqlSessionFactoryBean:[debug:49] - Parsed mapper file: 'file [D:\BUAA\大二暑假\BLM\store-service\target\classes\mapper\PromotionMapper.xml]'
2025-08-30 10:23:35.507 [main] DEBUG org.mybatis.spring.SqlSessionFactoryBean:[debug:49] - Parsed mapper file: 'file [D:\BUAA\大二暑假\BLM\store-service\target\classes\mapper\StoreMapper.xml]'
2025-08-30 10:23:35.514 [HikariPool-1 housekeeper] DEBUG com.zaxxer.hikari.pool.HikariPool:[logPoolState:405] - HikariPool-1 - Pool stats (total=1, active=0, idle=1, waiting=0)
2025-08-30 10:23:35.516 [main] DEBUG o.s.cloud.openfeign.FeignClientFactoryBean:[<init>:125] - Creating a FeignClientFactoryBean.
2025-08-30 10:23:35.518 [HikariPool-1 connection adder] DEBUG com.zaxxer.hikari.pool.HikariPool:[call:728] - HikariPool-1 - Added connection com.mysql.cj.jdbc.ConnectionImpl@39f25976
2025-08-30 10:23:35.562 [HikariPool-1 connection adder] DEBUG com.zaxxer.hikari.pool.HikariPool:[logPoolState:405] - HikariPool-1 - After adding stats (total=2, active=0, idle=2, waiting=0)
2025-08-30 10:23:35.565 [HikariPool-1 connection adder] DEBUG com.zaxxer.hikari.pool.HikariPool:[call:728] - HikariPool-1 - Added connection com.mysql.cj.jdbc.ConnectionImpl@78cf534d
2025-08-30 10:23:35.608 [HikariPool-1 connection adder] DEBUG com.zaxxer.hikari.pool.HikariPool:[logPoolState:405] - HikariPool-1 - After adding stats (total=3, active=0, idle=3, waiting=0)
2025-08-30 10:23:35.616 [HikariPool-1 connection adder] DEBUG com.zaxxer.hikari.pool.HikariPool:[call:728] - HikariPool-1 - Added connection com.mysql.cj.jdbc.ConnectionImpl@497d0bc7
2025-08-30 10:23:35.655 [HikariPool-1 connection adder] DEBUG com.zaxxer.hikari.pool.HikariPool:[logPoolState:405] - HikariPool-1 - After adding stats (total=4, active=0, idle=4, waiting=0)
2025-08-30 10:23:35.658 [HikariPool-1 connection adder] DEBUG com.zaxxer.hikari.pool.HikariPool:[call:728] - HikariPool-1 - Added connection com.mysql.cj.jdbc.ConnectionImpl@18e0ac02
2025-08-30 10:23:35.669 [main] INFO  o.s.cloud.openfeign.FeignClientFactoryBean:[getTarget:468] - For 'order-service' URL not provided. Will try picking an instance via load-balancing.
2025-08-30 10:23:35.702 [HikariPool-1 connection adder] DEBUG com.zaxxer.hikari.pool.HikariPool:[logPoolState:405] - HikariPool-1 - After adding stats (total=5, active=0, idle=5, waiting=0)
2025-08-30 10:23:35.704 [HikariPool-1 connection adder] DEBUG com.zaxxer.hikari.pool.HikariPool:[call:728] - HikariPool-1 - Added connection com.mysql.cj.jdbc.ConnectionImpl@25a91705
2025-08-30 10:23:35.723 [main] DEBUG o.s.cloud.openfeign.FeignClientFactoryBean:[<init>:125] - Creating a FeignClientFactoryBean.
2025-08-30 10:23:35.730 [main] INFO  o.s.cloud.openfeign.FeignClientFactoryBean:[getTarget:468] - For 'user-service' URL not provided. Will try picking an instance via load-balancing.
2025-08-30 10:23:35.746 [main] DEBUG o.s.cloud.openfeign.FeignClientFactoryBean:[<init>:125] - Creating a FeignClientFactoryBean.
2025-08-30 10:23:35.747 [main] DEBUG o.s.cloud.openfeign.FeignClientFactoryBean:[<init>:125] - Creating a FeignClientFactoryBean.
2025-08-30 10:23:35.748 [HikariPool-1 connection adder] DEBUG com.zaxxer.hikari.pool.HikariPool:[logPoolState:405] - HikariPool-1 - After adding stats (total=6, active=0, idle=6, waiting=0)
2025-08-30 10:23:35.750 [HikariPool-1 connection adder] DEBUG com.zaxxer.hikari.pool.HikariPool:[call:728] - HikariPool-1 - Added connection com.mysql.cj.jdbc.ConnectionImpl@1caed05b
2025-08-30 10:23:35.796 [HikariPool-1 connection adder] DEBUG com.zaxxer.hikari.pool.HikariPool:[logPoolState:405] - HikariPool-1 - After adding stats (total=7, active=0, idle=7, waiting=0)
2025-08-30 10:23:35.798 [HikariPool-1 connection adder] DEBUG com.zaxxer.hikari.pool.HikariPool:[call:728] - HikariPool-1 - Added connection com.mysql.cj.jdbc.ConnectionImpl@2d1e423b
2025-08-30 10:23:35.844 [HikariPool-1 connection adder] DEBUG com.zaxxer.hikari.pool.HikariPool:[logPoolState:405] - HikariPool-1 - After adding stats (total=8, active=0, idle=8, waiting=0)
2025-08-30 10:23:35.847 [HikariPool-1 connection adder] DEBUG com.zaxxer.hikari.pool.HikariPool:[call:728] - HikariPool-1 - Added connection com.mysql.cj.jdbc.ConnectionImpl@59135496
2025-08-30 10:23:35.892 [HikariPool-1 connection adder] DEBUG com.zaxxer.hikari.pool.HikariPool:[logPoolState:405] - HikariPool-1 - After adding stats (total=9, active=0, idle=9, waiting=0)
2025-08-30 10:23:35.895 [HikariPool-1 connection adder] DEBUG com.zaxxer.hikari.pool.HikariPool:[call:728] - HikariPool-1 - Added connection com.mysql.cj.jdbc.ConnectionImpl@555205c4
2025-08-30 10:23:35.898 [main] DEBUG o.m.s.boot.autoconfigure.MybatisAutoConfiguration:[afterPropertiesSet:319] - Not found configuration for registering mapper bean using @MapperScan, MapperFactoryBean and MapperScannerConfigurer.
2025-08-30 10:23:35.939 [HikariPool-1 connection adder] DEBUG com.zaxxer.hikari.pool.HikariPool:[logPoolState:405] - HikariPool-1 - After adding stats (total=10, active=0, idle=10, waiting=0)
2025-08-30 10:23:36.004 [main] INFO  o.s.c.n.e.c.DiscoveryClientOptionalArgsConfiguration:[restTemplateDiscoveryClientOptionalArgs:80] - Eureka HTTP Client uses RestTemplate.
2025-08-30 10:23:36.014 [main] WARN  o.s.c.l.c.LoadBalancerCacheAutoConfiguration$LoadBalancerCaffeineWarnLogger:[afterPropertiesSet:94] - Spring Cloud LoadBalancer is currently working with the default cache. While this cache implementation is useful for development and tests, it's recommended to use Caffeine cache in production.You can switch to using Caffeine cache, by adding it and org.springframework.cache.caffeine.CaffeineCacheManager to the classpath.
2025-08-30 10:23:36.040 [main] INFO  o.s.cloud.netflix.eureka.InstanceInfoFactory:[create:67] - Setting initial instance status as: STARTING
2025-08-30 10:23:36.052 [main] INFO  com.netflix.discovery.DiscoveryClient:[<init>:329] - Initializing Eureka in region us-east-1
2025-08-30 10:23:36.054 [main] INFO  c.n.d.shared.resolver.aws.ConfigClusterResolver:[getClusterEndpoints:43] - Resolving eureka endpoints via configuration
2025-08-30 10:23:36.059 [main] INFO  com.netflix.discovery.DiscoveryClient:[fetchRegistry:954] - Disable delta property : false
2025-08-30 10:23:36.059 [main] INFO  com.netflix.discovery.DiscoveryClient:[fetchRegistry:955] - Single vip registry refresh property : null
2025-08-30 10:23:36.059 [main] INFO  com.netflix.discovery.DiscoveryClient:[fetchRegistry:956] - Force full registry fetch : false
2025-08-30 10:23:36.059 [main] INFO  com.netflix.discovery.DiscoveryClient:[fetchRegistry:957] - Application is null : false
2025-08-30 10:23:36.059 [main] INFO  com.netflix.discovery.DiscoveryClient:[fetchRegistry:958] - Registered Applications size is zero : true
2025-08-30 10:23:36.059 [main] INFO  com.netflix.discovery.DiscoveryClient:[fetchRegistry:960] - Application version is -1: true
2025-08-30 10:23:36.059 [main] INFO  com.netflix.discovery.DiscoveryClient:[getAndStoreFullRegistry:1042] - Getting all instance registry info from the eureka server
2025-08-30 10:23:36.318 [main] INFO  com.netflix.discovery.DiscoveryClient:[getAndStoreFullRegistry:1051] - The response status is 200
2025-08-30 10:23:36.319 [main] INFO  com.netflix.discovery.DiscoveryClient:[initScheduledTasks:1266] - Starting heartbeat executor: renew interval is: 10
2025-08-30 10:23:36.320 [main] INFO  com.netflix.discovery.InstanceInfoReplicator:[<init>:64] - InstanceInfoReplicator onDemand update allowed rate per min is 4
2025-08-30 10:23:36.321 [main] INFO  com.netflix.discovery.DiscoveryClient:[<init>:455] - Discovery Client initialized at timestamp 1756520616321 with initial instances count: 0
2025-08-30 10:23:36.323 [main] INFO  o.s.c.n.e.serviceregistry.EurekaServiceRegistry:[register:70] - Registering application STORE-SERVICE with eureka with status UP
2025-08-30 10:23:36.324 [main] INFO  com.netflix.discovery.DiscoveryClient:[notify:1297] - Saw local status change event StatusChangeEvent [timestamp=1756520616324, current=UP, previous=STARTING]
2025-08-30 10:23:36.325 [DiscoveryClient-InstanceInfoReplicator-%d] INFO  com.netflix.discovery.DiscoveryClient:[register:825] - DiscoveryClient_STORE-SERVICE/SS11041203:store-service:8083: registering service...
2025-08-30 10:23:36.338 [main] INFO  o.s.boot.web.embedded.tomcat.TomcatWebServer:[start:243] - Tomcat started on port 8083 (http) with context path '/'
2025-08-30 10:23:36.339 [main] INFO  o.s.c.n.e.s.EurekaAutoServiceRegistration:[onApplicationEvent:150] - Updating port to 8083
2025-08-30 10:23:36.352 [main] INFO  com.blm.store.StoreApplication:[logStarted:56] - Started StoreApplication in 2.243 seconds (process running for 2.633)
2025-08-30 10:23:36.388 [DiscoveryClient-InstanceInfoReplicator-%d] INFO  com.netflix.discovery.DiscoveryClient:[register:834] - DiscoveryClient_STORE-SERVICE/SS11041203:store-service:8083 - registration status: 204
2025-08-30 10:24:05.522 [HikariPool-1 housekeeper] DEBUG com.zaxxer.hikari.pool.HikariPool:[logPoolState:405] - HikariPool-1 - Pool stats (total=10, active=0, idle=10, waiting=0)
2025-08-30 10:24:05.522 [HikariPool-1 housekeeper] DEBUG com.zaxxer.hikari.pool.HikariPool:[fillPool:510] - HikariPool-1 - Fill pool skipped, pool has sufficient level or currently being filled.
2025-08-30 10:24:06.324 [DiscoveryClient-CacheRefreshExecutor-%d] INFO  com.netflix.discovery.DiscoveryClient:[fetchRegistry:954] - Disable delta property : false
2025-08-30 10:24:06.324 [DiscoveryClient-CacheRefreshExecutor-%d] INFO  com.netflix.discovery.DiscoveryClient:[fetchRegistry:955] - Single vip registry refresh property : null
2025-08-30 10:24:06.324 [DiscoveryClient-CacheRefreshExecutor-%d] INFO  com.netflix.discovery.DiscoveryClient:[fetchRegistry:956] - Force full registry fetch : false
2025-08-30 10:24:06.325 [DiscoveryClient-CacheRefreshExecutor-%d] INFO  com.netflix.discovery.DiscoveryClient:[fetchRegistry:957] - Application is null : false
2025-08-30 10:24:06.325 [DiscoveryClient-CacheRefreshExecutor-%d] INFO  com.netflix.discovery.DiscoveryClient:[fetchRegistry:958] - Registered Applications size is zero : true
2025-08-30 10:24:06.326 [DiscoveryClient-CacheRefreshExecutor-%d] INFO  com.netflix.discovery.DiscoveryClient:[fetchRegistry:960] - Application version is -1: false
2025-08-30 10:24:06.326 [DiscoveryClient-CacheRefreshExecutor-%d] INFO  com.netflix.discovery.DiscoveryClient:[getAndStoreFullRegistry:1042] - Getting all instance registry info from the eureka server
2025-08-30 10:24:06.373 [DiscoveryClient-CacheRefreshExecutor-%d] INFO  com.netflix.discovery.DiscoveryClient:[getAndStoreFullRegistry:1051] - The response status is 200
2025-08-30 10:24:35.530 [HikariPool-1 housekeeper] DEBUG com.zaxxer.hikari.pool.HikariPool:[logPoolState:405] - HikariPool-1 - Pool stats (total=10, active=0, idle=10, waiting=0)
2025-08-30 10:24:35.530 [HikariPool-1 housekeeper] DEBUG com.zaxxer.hikari.pool.HikariPool:[fillPool:510] - HikariPool-1 - Fill pool skipped, pool has sufficient level or currently being filled.
2025-08-30 10:25:05.539 [HikariPool-1 housekeeper] DEBUG com.zaxxer.hikari.pool.HikariPool:[logPoolState:405] - HikariPool-1 - Pool stats (total=10, active=0, idle=10, waiting=0)
2025-08-30 10:25:05.540 [HikariPool-1 housekeeper] DEBUG com.zaxxer.hikari.pool.HikariPool:[fillPool:510] - HikariPool-1 - Fill pool skipped, pool has sufficient level or currently being filled.
2025-08-30 10:25:35.540 [HikariPool-1 housekeeper] DEBUG com.zaxxer.hikari.pool.HikariPool:[logPoolState:405] - HikariPool-1 - Pool stats (total=10, active=0, idle=10, waiting=0)
2025-08-30 10:25:35.540 [HikariPool-1 housekeeper] DEBUG com.zaxxer.hikari.pool.HikariPool:[fillPool:510] - HikariPool-1 - Fill pool skipped, pool has sufficient level or currently being filled.
2025-08-30 10:26:05.546 [HikariPool-1 housekeeper] DEBUG com.zaxxer.hikari.pool.HikariPool:[logPoolState:405] - HikariPool-1 - Pool stats (total=10, active=0, idle=10, waiting=0)
2025-08-30 10:26:05.547 [HikariPool-1 housekeeper] DEBUG com.zaxxer.hikari.pool.HikariPool:[fillPool:510] - HikariPool-1 - Fill pool skipped, pool has sufficient level or currently being filled.
2025-08-30 10:26:35.559 [HikariPool-1 housekeeper] DEBUG com.zaxxer.hikari.pool.HikariPool:[logPoolState:405] - HikariPool-1 - Pool stats (total=10, active=0, idle=10, waiting=0)
2025-08-30 10:26:35.559 [HikariPool-1 housekeeper] DEBUG com.zaxxer.hikari.pool.HikariPool:[fillPool:510] - HikariPool-1 - Fill pool skipped, pool has sufficient level or currently being filled.
2025-08-30 10:27:05.559 [HikariPool-1 housekeeper] DEBUG com.zaxxer.hikari.pool.HikariPool:[logPoolState:405] - HikariPool-1 - Pool stats (total=10, active=0, idle=10, waiting=0)
2025-08-30 10:27:05.560 [HikariPool-1 housekeeper] DEBUG com.zaxxer.hikari.pool.HikariPool:[fillPool:510] - HikariPool-1 - Fill pool skipped, pool has sufficient level or currently being filled.
2025-08-30 10:27:35.572 [HikariPool-1 housekeeper] DEBUG com.zaxxer.hikari.pool.HikariPool:[logPoolState:405] - HikariPool-1 - Pool stats (total=10, active=0, idle=10, waiting=0)
2025-08-30 10:27:35.572 [HikariPool-1 housekeeper] DEBUG com.zaxxer.hikari.pool.HikariPool:[fillPool:510] - HikariPool-1 - Fill pool skipped, pool has sufficient level or currently being filled.
2025-08-30 10:28:05.580 [HikariPool-1 housekeeper] DEBUG com.zaxxer.hikari.pool.HikariPool:[logPoolState:405] - HikariPool-1 - Pool stats (total=10, active=0, idle=10, waiting=0)
2025-08-30 10:28:05.581 [HikariPool-1 housekeeper] DEBUG com.zaxxer.hikari.pool.HikariPool:[fillPool:510] - HikariPool-1 - Fill pool skipped, pool has sufficient level or currently being filled.
2025-08-30 10:28:35.589 [HikariPool-1 housekeeper] DEBUG com.zaxxer.hikari.pool.HikariPool:[logPoolState:405] - HikariPool-1 - Pool stats (total=10, active=0, idle=10, waiting=0)
2025-08-30 10:28:35.589 [HikariPool-1 housekeeper] DEBUG com.zaxxer.hikari.pool.HikariPool:[fillPool:510] - HikariPool-1 - Fill pool skipped, pool has sufficient level or currently being filled.
2025-08-30 10:28:36.075 [AsyncResolver-bootstrap-executor-%d] INFO  c.n.d.shared.resolver.aws.ConfigClusterResolver:[getClusterEndpoints:43] - Resolving eureka endpoints via configuration
2025-08-30 10:29:05.598 [HikariPool-1 housekeeper] DEBUG com.zaxxer.hikari.pool.HikariPool:[logPoolState:405] - HikariPool-1 - Pool stats (total=10, active=0, idle=10, waiting=0)
2025-08-30 10:29:05.598 [HikariPool-1 housekeeper] DEBUG com.zaxxer.hikari.pool.HikariPool:[fillPool:510] - HikariPool-1 - Fill pool skipped, pool has sufficient level or currently being filled.
2025-08-30 10:29:35.602 [HikariPool-1 housekeeper] DEBUG com.zaxxer.hikari.pool.HikariPool:[logPoolState:405] - HikariPool-1 - Pool stats (total=10, active=0, idle=10, waiting=0)
2025-08-30 10:29:35.604 [HikariPool-1 housekeeper] DEBUG com.zaxxer.hikari.pool.HikariPool:[fillPool:510] - HikariPool-1 - Fill pool skipped, pool has sufficient level or currently being filled.
2025-08-30 10:30:05.619 [HikariPool-1 housekeeper] DEBUG com.zaxxer.hikari.pool.HikariPool:[logPoolState:405] - HikariPool-1 - Pool stats (total=10, active=0, idle=10, waiting=0)
2025-08-30 10:30:05.619 [HikariPool-1 housekeeper] DEBUG com.zaxxer.hikari.pool.HikariPool:[fillPool:510] - HikariPool-1 - Fill pool skipped, pool has sufficient level or currently being filled.
2025-08-30 10:30:35.634 [HikariPool-1 housekeeper] DEBUG com.zaxxer.hikari.pool.HikariPool:[logPoolState:405] - HikariPool-1 - Pool stats (total=10, active=0, idle=10, waiting=0)
2025-08-30 10:30:35.635 [HikariPool-1 housekeeper] DEBUG com.zaxxer.hikari.pool.HikariPool:[fillPool:510] - HikariPool-1 - Fill pool skipped, pool has sufficient level or currently being filled.
2025-08-30 10:31:05.639 [HikariPool-1 housekeeper] DEBUG com.zaxxer.hikari.pool.HikariPool:[logPoolState:405] - HikariPool-1 - Pool stats (total=10, active=0, idle=10, waiting=0)
2025-08-30 10:31:05.640 [HikariPool-1 housekeeper] DEBUG com.zaxxer.hikari.pool.HikariPool:[fillPool:510] - HikariPool-1 - Fill pool skipped, pool has sufficient level or currently being filled.
2025-08-30 10:31:35.654 [HikariPool-1 housekeeper] DEBUG com.zaxxer.hikari.pool.HikariPool:[logPoolState:405] - HikariPool-1 - Pool stats (total=10, active=0, idle=10, waiting=0)
2025-08-30 10:31:35.655 [HikariPool-1 housekeeper] DEBUG com.zaxxer.hikari.pool.HikariPool:[fillPool:510] - HikariPool-1 - Fill pool skipped, pool has sufficient level or currently being filled.
2025-08-30 10:32:05.658 [HikariPool-1 housekeeper] DEBUG com.zaxxer.hikari.pool.HikariPool:[logPoolState:405] - HikariPool-1 - Pool stats (total=10, active=0, idle=10, waiting=0)
2025-08-30 10:32:05.658 [HikariPool-1 housekeeper] DEBUG com.zaxxer.hikari.pool.HikariPool:[fillPool:510] - HikariPool-1 - Fill pool skipped, pool has sufficient level or currently being filled.
2025-08-30 10:32:35.668 [HikariPool-1 housekeeper] DEBUG com.zaxxer.hikari.pool.HikariPool:[logPoolState:405] - HikariPool-1 - Pool stats (total=10, active=0, idle=10, waiting=0)
2025-08-30 10:32:35.669 [HikariPool-1 housekeeper] DEBUG com.zaxxer.hikari.pool.HikariPool:[fillPool:510] - HikariPool-1 - Fill pool skipped, pool has sufficient level or currently being filled.
2025-08-30 10:33:05.683 [HikariPool-1 housekeeper] DEBUG com.zaxxer.hikari.pool.HikariPool:[logPoolState:405] - HikariPool-1 - Pool stats (total=10, active=0, idle=10, waiting=0)
2025-08-30 10:33:05.683 [HikariPool-1 housekeeper] DEBUG com.zaxxer.hikari.pool.HikariPool:[fillPool:510] - HikariPool-1 - Fill pool skipped, pool has sufficient level or currently being filled.
2025-08-30 10:33:35.691 [HikariPool-1 housekeeper] DEBUG com.zaxxer.hikari.pool.HikariPool:[logPoolState:405] - HikariPool-1 - Pool stats (total=10, active=0, idle=10, waiting=0)
2025-08-30 10:33:35.692 [HikariPool-1 housekeeper] DEBUG com.zaxxer.hikari.pool.HikariPool:[fillPool:510] - HikariPool-1 - Fill pool skipped, pool has sufficient level or currently being filled.
2025-08-30 10:33:36.087 [AsyncResolver-bootstrap-executor-%d] INFO  c.n.d.shared.resolver.aws.ConfigClusterResolver:[getClusterEndpoints:43] - Resolving eureka endpoints via configuration
2025-08-30 10:34:05.698 [HikariPool-1 housekeeper] DEBUG com.zaxxer.hikari.pool.HikariPool:[logPoolState:405] - HikariPool-1 - Pool stats (total=10, active=0, idle=10, waiting=0)
2025-08-30 10:34:05.699 [HikariPool-1 housekeeper] DEBUG com.zaxxer.hikari.pool.HikariPool:[fillPool:510] - HikariPool-1 - Fill pool skipped, pool has sufficient level or currently being filled.
2025-08-30 10:34:35.701 [HikariPool-1 housekeeper] DEBUG com.zaxxer.hikari.pool.HikariPool:[logPoolState:405] - HikariPool-1 - Pool stats (total=10, active=0, idle=10, waiting=0)
2025-08-30 10:34:35.702 [HikariPool-1 housekeeper] DEBUG com.zaxxer.hikari.pool.HikariPool:[fillPool:510] - HikariPool-1 - Fill pool skipped, pool has sufficient level or currently being filled.
2025-08-30 10:35:05.716 [HikariPool-1 housekeeper] DEBUG com.zaxxer.hikari.pool.HikariPool:[logPoolState:405] - HikariPool-1 - Pool stats (total=10, active=0, idle=10, waiting=0)
2025-08-30 10:35:05.716 [HikariPool-1 housekeeper] DEBUG com.zaxxer.hikari.pool.HikariPool:[fillPool:510] - HikariPool-1 - Fill pool skipped, pool has sufficient level or currently being filled.
2025-08-30 10:35:35.723 [HikariPool-1 housekeeper] DEBUG com.zaxxer.hikari.pool.HikariPool:[logPoolState:405] - HikariPool-1 - Pool stats (total=10, active=0, idle=10, waiting=0)
2025-08-30 10:35:35.724 [HikariPool-1 housekeeper] DEBUG com.zaxxer.hikari.pool.HikariPool:[fillPool:510] - HikariPool-1 - Fill pool skipped, pool has sufficient level or currently being filled.
2025-08-30 10:36:05.738 [HikariPool-1 housekeeper] DEBUG com.zaxxer.hikari.pool.HikariPool:[logPoolState:405] - HikariPool-1 - Pool stats (total=10, active=0, idle=10, waiting=0)
2025-08-30 10:36:05.738 [HikariPool-1 housekeeper] DEBUG com.zaxxer.hikari.pool.HikariPool:[fillPool:510] - HikariPool-1 - Fill pool skipped, pool has sufficient level or currently being filled.
2025-08-30 10:36:35.743 [HikariPool-1 housekeeper] DEBUG com.zaxxer.hikari.pool.HikariPool:[logPoolState:405] - HikariPool-1 - Pool stats (total=10, active=0, idle=10, waiting=0)
2025-08-30 10:36:35.743 [HikariPool-1 housekeeper] DEBUG com.zaxxer.hikari.pool.HikariPool:[fillPool:510] - HikariPool-1 - Fill pool skipped, pool has sufficient level or currently being filled.
2025-08-30 10:37:05.750 [HikariPool-1 housekeeper] DEBUG com.zaxxer.hikari.pool.HikariPool:[logPoolState:405] - HikariPool-1 - Pool stats (total=10, active=0, idle=10, waiting=0)
2025-08-30 10:37:05.751 [HikariPool-1 housekeeper] DEBUG com.zaxxer.hikari.pool.HikariPool:[fillPool:510] - HikariPool-1 - Fill pool skipped, pool has sufficient level or currently being filled.
2025-08-30 10:37:35.759 [HikariPool-1 housekeeper] DEBUG com.zaxxer.hikari.pool.HikariPool:[logPoolState:405] - HikariPool-1 - Pool stats (total=10, active=0, idle=10, waiting=0)
2025-08-30 10:37:35.759 [HikariPool-1 housekeeper] DEBUG com.zaxxer.hikari.pool.HikariPool:[fillPool:510] - HikariPool-1 - Fill pool skipped, pool has sufficient level or currently being filled.
2025-08-30 10:38:05.766 [HikariPool-1 housekeeper] DEBUG com.zaxxer.hikari.pool.HikariPool:[logPoolState:405] - HikariPool-1 - Pool stats (total=10, active=0, idle=10, waiting=0)
2025-08-30 10:38:05.767 [HikariPool-1 housekeeper] DEBUG com.zaxxer.hikari.pool.HikariPool:[fillPool:510] - HikariPool-1 - Fill pool skipped, pool has sufficient level or currently being filled.
2025-08-30 10:38:35.777 [HikariPool-1 housekeeper] DEBUG com.zaxxer.hikari.pool.HikariPool:[logPoolState:405] - HikariPool-1 - Pool stats (total=10, active=0, idle=10, waiting=0)
2025-08-30 10:38:35.777 [HikariPool-1 housekeeper] DEBUG com.zaxxer.hikari.pool.HikariPool:[fillPool:510] - HikariPool-1 - Fill pool skipped, pool has sufficient level or currently being filled.
2025-08-30 10:38:36.092 [AsyncResolver-bootstrap-executor-%d] INFO  c.n.d.shared.resolver.aws.ConfigClusterResolver:[getClusterEndpoints:43] - Resolving eureka endpoints via configuration
2025-08-30 10:39:05.779 [HikariPool-1 housekeeper] DEBUG com.zaxxer.hikari.pool.HikariPool:[logPoolState:405] - HikariPool-1 - Pool stats (total=10, active=0, idle=10, waiting=0)
2025-08-30 10:39:05.780 [HikariPool-1 housekeeper] DEBUG com.zaxxer.hikari.pool.HikariPool:[fillPool:510] - HikariPool-1 - Fill pool skipped, pool has sufficient level or currently being filled.
2025-08-30 10:39:35.785 [HikariPool-1 housekeeper] DEBUG com.zaxxer.hikari.pool.HikariPool:[logPoolState:405] - HikariPool-1 - Pool stats (total=10, active=0, idle=10, waiting=0)
2025-08-30 10:39:35.785 [HikariPool-1 housekeeper] DEBUG com.zaxxer.hikari.pool.HikariPool:[fillPool:510] - HikariPool-1 - Fill pool skipped, pool has sufficient level or currently being filled.
2025-08-30 10:40:05.796 [HikariPool-1 housekeeper] DEBUG com.zaxxer.hikari.pool.HikariPool:[logPoolState:405] - HikariPool-1 - Pool stats (total=10, active=0, idle=10, waiting=0)
2025-08-30 10:40:05.796 [HikariPool-1 housekeeper] DEBUG com.zaxxer.hikari.pool.HikariPool:[fillPool:510] - HikariPool-1 - Fill pool skipped, pool has sufficient level or currently being filled.
2025-08-30 10:40:35.797 [HikariPool-1 housekeeper] DEBUG com.zaxxer.hikari.pool.HikariPool:[logPoolState:405] - HikariPool-1 - Pool stats (total=10, active=0, idle=10, waiting=0)
2025-08-30 10:40:35.797 [HikariPool-1 housekeeper] DEBUG com.zaxxer.hikari.pool.HikariPool:[fillPool:510] - HikariPool-1 - Fill pool skipped, pool has sufficient level or currently being filled.
2025-08-30 10:41:05.808 [HikariPool-1 housekeeper] DEBUG com.zaxxer.hikari.pool.HikariPool:[logPoolState:405] - HikariPool-1 - Pool stats (total=10, active=0, idle=10, waiting=0)
2025-08-30 10:41:05.809 [HikariPool-1 housekeeper] DEBUG com.zaxxer.hikari.pool.HikariPool:[fillPool:510] - HikariPool-1 - Fill pool skipped, pool has sufficient level or currently being filled.
2025-08-30 10:41:35.822 [HikariPool-1 housekeeper] DEBUG com.zaxxer.hikari.pool.HikariPool:[logPoolState:405] - HikariPool-1 - Pool stats (total=10, active=0, idle=10, waiting=0)
2025-08-30 10:41:35.824 [HikariPool-1 housekeeper] DEBUG com.zaxxer.hikari.pool.HikariPool:[fillPool:510] - HikariPool-1 - Fill pool skipped, pool has sufficient level or currently being filled.
2025-08-30 10:42:05.837 [HikariPool-1 housekeeper] DEBUG com.zaxxer.hikari.pool.HikariPool:[logPoolState:405] - HikariPool-1 - Pool stats (total=10, active=0, idle=10, waiting=0)
2025-08-30 10:42:05.837 [HikariPool-1 housekeeper] DEBUG com.zaxxer.hikari.pool.HikariPool:[fillPool:510] - HikariPool-1 - Fill pool skipped, pool has sufficient level or currently being filled.
2025-08-30 10:42:35.841 [HikariPool-1 housekeeper] DEBUG com.zaxxer.hikari.pool.HikariPool:[logPoolState:405] - HikariPool-1 - Pool stats (total=10, active=0, idle=10, waiting=0)
2025-08-30 10:42:35.841 [HikariPool-1 housekeeper] DEBUG com.zaxxer.hikari.pool.HikariPool:[fillPool:510] - HikariPool-1 - Fill pool skipped, pool has sufficient level or currently being filled.
2025-08-30 10:43:05.849 [HikariPool-1 housekeeper] DEBUG com.zaxxer.hikari.pool.HikariPool:[logPoolState:405] - HikariPool-1 - Pool stats (total=10, active=0, idle=10, waiting=0)
2025-08-30 10:43:05.849 [HikariPool-1 housekeeper] DEBUG com.zaxxer.hikari.pool.HikariPool:[fillPool:510] - HikariPool-1 - Fill pool skipped, pool has sufficient level or currently being filled.
2025-08-30 10:43:35.865 [HikariPool-1 housekeeper] DEBUG com.zaxxer.hikari.pool.HikariPool:[logPoolState:405] - HikariPool-1 - Pool stats (total=10, active=0, idle=10, waiting=0)
2025-08-30 10:43:35.865 [HikariPool-1 housekeeper] DEBUG com.zaxxer.hikari.pool.HikariPool:[fillPool:510] - HikariPool-1 - Fill pool skipped, pool has sufficient level or currently being filled.
2025-08-30 10:43:36.101 [AsyncResolver-bootstrap-executor-%d] INFO  c.n.d.shared.resolver.aws.ConfigClusterResolver:[getClusterEndpoints:43] - Resolving eureka endpoints via configuration
2025-08-30 10:43:44.152 [http-nio-8083-exec-2] INFO  o.a.c.core.ContainerBase.[Tomcat].[localhost].[/]:[log:173] - Initializing Spring DispatcherServlet 'dispatcherServlet'
2025-08-30 10:43:44.152 [http-nio-8083-exec-2] INFO  org.springframework.web.servlet.DispatcherServlet:[initServletBean:532] - Initializing Servlet 'dispatcherServlet'
2025-08-30 10:43:44.153 [http-nio-8083-exec-2] INFO  org.springframework.web.servlet.DispatcherServlet:[initServletBean:554] - Completed initialization in 1 ms
2025-08-30 10:43:44.181 [http-nio-8083-exec-2] DEBUG o.s.jdbc.support.JdbcTransactionManager:[getTransaction:402] - Creating new transaction with name [com.blm.store.service.impl.MerchantStoreServiceImpl.createStore]: PROPAGATION_REQUIRED,ISOLATION_DEFAULT
2025-08-30 10:43:44.183 [http-nio-8083-exec-2] DEBUG o.s.jdbc.support.JdbcTransactionManager:[doBegin:271] - Acquired Connection [HikariProxyConnection@1746497426 wrapping com.mysql.cj.jdbc.ConnectionImpl@1c2d63f0] for JDBC transaction
2025-08-30 10:43:44.184 [http-nio-8083-exec-2] DEBUG o.s.jdbc.support.JdbcTransactionManager:[doBegin:289] - Switching JDBC Connection [HikariProxyConnection@1746497426 wrapping com.mysql.cj.jdbc.ConnectionImpl@1c2d63f0] to manual commit
2025-08-30 10:43:44.233 [http-nio-8083-exec-2] DEBUG o.s.jdbc.support.JdbcTransactionManager:[processCommit:790] - Initiating transaction commit
2025-08-30 10:43:44.233 [http-nio-8083-exec-2] DEBUG o.s.jdbc.support.JdbcTransactionManager:[doCommit:334] - Committing JDBC transaction on Connection [HikariProxyConnection@1746497426 wrapping com.mysql.cj.jdbc.ConnectionImpl@1c2d63f0]
2025-08-30 10:43:44.239 [http-nio-8083-exec-2] DEBUG o.s.jdbc.support.JdbcTransactionManager:[doCleanupAfterCompletion:393] - Releasing JDBC Connection [HikariProxyConnection@1746497426 wrapping com.mysql.cj.jdbc.ConnectionImpl@1c2d63f0] after transaction
2025-08-30 10:44:05.879 [HikariPool-1 housekeeper] DEBUG com.zaxxer.hikari.pool.HikariPool:[logPoolState:405] - HikariPool-1 - Pool stats (total=10, active=0, idle=10, waiting=0)
2025-08-30 10:44:05.879 [HikariPool-1 housekeeper] DEBUG com.zaxxer.hikari.pool.HikariPool:[fillPool:510] - HikariPool-1 - Fill pool skipped, pool has sufficient level or currently being filled.
2025-08-30 10:44:35.889 [HikariPool-1 housekeeper] DEBUG com.zaxxer.hikari.pool.HikariPool:[logPoolState:405] - HikariPool-1 - Pool stats (total=10, active=0, idle=10, waiting=0)
2025-08-30 10:44:35.889 [HikariPool-1 housekeeper] DEBUG com.zaxxer.hikari.pool.HikariPool:[fillPool:510] - HikariPool-1 - Fill pool skipped, pool has sufficient level or currently being filled.
2025-08-30 10:45:05.890 [HikariPool-1 housekeeper] DEBUG com.zaxxer.hikari.pool.HikariPool:[logPoolState:405] - HikariPool-1 - Pool stats (total=10, active=0, idle=10, waiting=0)
2025-08-30 10:45:05.890 [HikariPool-1 housekeeper] DEBUG com.zaxxer.hikari.pool.HikariPool:[fillPool:510] - HikariPool-1 - Fill pool skipped, pool has sufficient level or currently being filled.
2025-08-30 10:45:35.900 [HikariPool-1 housekeeper] DEBUG com.zaxxer.hikari.pool.HikariPool:[logPoolState:405] - HikariPool-1 - Pool stats (total=10, active=0, idle=10, waiting=0)
2025-08-30 10:45:35.900 [HikariPool-1 housekeeper] DEBUG com.zaxxer.hikari.pool.HikariPool:[fillPool:510] - HikariPool-1 - Fill pool skipped, pool has sufficient level or currently being filled.
2025-08-30 10:46:05.914 [HikariPool-1 housekeeper] DEBUG com.zaxxer.hikari.pool.HikariPool:[logPoolState:405] - HikariPool-1 - Pool stats (total=10, active=0, idle=10, waiting=0)
2025-08-30 10:46:05.914 [HikariPool-1 housekeeper] DEBUG com.zaxxer.hikari.pool.HikariPool:[fillPool:510] - HikariPool-1 - Fill pool skipped, pool has sufficient level or currently being filled.
2025-08-30 10:46:35.916 [HikariPool-1 housekeeper] DEBUG com.zaxxer.hikari.pool.HikariPool:[logPoolState:405] - HikariPool-1 - Pool stats (total=10, active=0, idle=10, waiting=0)
2025-08-30 10:46:35.917 [HikariPool-1 housekeeper] DEBUG com.zaxxer.hikari.pool.HikariPool:[fillPool:510] - HikariPool-1 - Fill pool skipped, pool has sufficient level or currently being filled.
2025-08-30 10:47:05.928 [HikariPool-1 housekeeper] DEBUG com.zaxxer.hikari.pool.HikariPool:[logPoolState:405] - HikariPool-1 - Pool stats (total=10, active=0, idle=10, waiting=0)
2025-08-30 10:47:05.929 [HikariPool-1 housekeeper] DEBUG com.zaxxer.hikari.pool.HikariPool:[fillPool:510] - HikariPool-1 - Fill pool skipped, pool has sufficient level or currently being filled.
2025-08-30 10:47:35.931 [HikariPool-1 housekeeper] DEBUG com.zaxxer.hikari.pool.HikariPool:[logPoolState:405] - HikariPool-1 - Pool stats (total=10, active=0, idle=10, waiting=0)
2025-08-30 10:47:35.931 [HikariPool-1 housekeeper] DEBUG com.zaxxer.hikari.pool.HikariPool:[fillPool:510] - HikariPool-1 - Fill pool skipped, pool has sufficient level or currently being filled.
2025-08-30 10:48:05.937 [HikariPool-1 housekeeper] DEBUG com.zaxxer.hikari.pool.HikariPool:[logPoolState:405] - HikariPool-1 - Pool stats (total=10, active=0, idle=10, waiting=0)
2025-08-30 10:48:05.938 [HikariPool-1 housekeeper] DEBUG com.zaxxer.hikari.pool.HikariPool:[fillPool:510] - HikariPool-1 - Fill pool skipped, pool has sufficient level or currently being filled.
2025-08-30 10:48:35.950 [HikariPool-1 housekeeper] DEBUG com.zaxxer.hikari.pool.HikariPool:[logPoolState:405] - HikariPool-1 - Pool stats (total=10, active=0, idle=10, waiting=0)
2025-08-30 10:48:35.950 [HikariPool-1 housekeeper] DEBUG com.zaxxer.hikari.pool.HikariPool:[fillPool:510] - HikariPool-1 - Fill pool skipped, pool has sufficient level or currently being filled.
2025-08-30 10:48:36.106 [AsyncResolver-bootstrap-executor-%d] INFO  c.n.d.shared.resolver.aws.ConfigClusterResolver:[getClusterEndpoints:43] - Resolving eureka endpoints via configuration
2025-08-30 10:49:05.960 [HikariPool-1 housekeeper] DEBUG com.zaxxer.hikari.pool.HikariPool:[logPoolState:405] - HikariPool-1 - Pool stats (total=10, active=0, idle=10, waiting=0)
2025-08-30 10:49:05.961 [HikariPool-1 housekeeper] DEBUG com.zaxxer.hikari.pool.HikariPool:[fillPool:510] - HikariPool-1 - Fill pool skipped, pool has sufficient level or currently being filled.
2025-08-30 10:49:35.976 [HikariPool-1 housekeeper] DEBUG com.zaxxer.hikari.pool.HikariPool:[logPoolState:405] - HikariPool-1 - Pool stats (total=10, active=0, idle=10, waiting=0)
2025-08-30 10:49:35.976 [HikariPool-1 housekeeper] DEBUG com.zaxxer.hikari.pool.HikariPool:[fillPool:510] - HikariPool-1 - Fill pool skipped, pool has sufficient level or currently being filled.
2025-08-30 10:50:05.978 [HikariPool-1 housekeeper] DEBUG com.zaxxer.hikari.pool.HikariPool:[logPoolState:405] - HikariPool-1 - Pool stats (total=10, active=0, idle=10, waiting=0)
2025-08-30 10:50:05.978 [HikariPool-1 housekeeper] DEBUG com.zaxxer.hikari.pool.HikariPool:[fillPool:510] - HikariPool-1 - Fill pool skipped, pool has sufficient level or currently being filled.
2025-08-30 10:50:35.980 [HikariPool-1 housekeeper] DEBUG com.zaxxer.hikari.pool.HikariPool:[logPoolState:405] - HikariPool-1 - Pool stats (total=10, active=0, idle=10, waiting=0)
2025-08-30 10:50:35.980 [HikariPool-1 housekeeper] DEBUG com.zaxxer.hikari.pool.HikariPool:[fillPool:510] - HikariPool-1 - Fill pool skipped, pool has sufficient level or currently being filled.
2025-08-30 10:51:05.989 [HikariPool-1 housekeeper] DEBUG com.zaxxer.hikari.pool.HikariPool:[logPoolState:405] - HikariPool-1 - Pool stats (total=10, active=0, idle=10, waiting=0)
2025-08-30 10:51:05.989 [HikariPool-1 housekeeper] DEBUG com.zaxxer.hikari.pool.HikariPool:[fillPool:510] - HikariPool-1 - Fill pool skipped, pool has sufficient level or currently being filled.
2025-08-30 10:51:32.537 [http-nio-8083-exec-5] DEBUG o.springframework.jdbc.datasource.DataSourceUtils:[doGetConnection:117] - Fetching JDBC Connection from DataSource
2025-08-30 10:51:36.002 [HikariPool-1 housekeeper] DEBUG com.zaxxer.hikari.pool.HikariPool:[logPoolState:405] - HikariPool-1 - Pool stats (total=10, active=0, idle=10, waiting=0)
2025-08-30 10:51:36.002 [HikariPool-1 housekeeper] DEBUG com.zaxxer.hikari.pool.HikariPool:[fillPool:510] - HikariPool-1 - Fill pool skipped, pool has sufficient level or currently being filled.
2025-08-30 10:52:06.002 [HikariPool-1 housekeeper] DEBUG com.zaxxer.hikari.pool.HikariPool:[logPoolState:405] - HikariPool-1 - Pool stats (total=10, active=0, idle=10, waiting=0)
2025-08-30 10:52:06.002 [HikariPool-1 housekeeper] DEBUG com.zaxxer.hikari.pool.HikariPool:[fillPool:510] - HikariPool-1 - Fill pool skipped, pool has sufficient level or currently being filled.
2025-08-30 10:52:18.107 [http-nio-8083-exec-6] DEBUG o.s.jdbc.support.JdbcTransactionManager:[getTransaction:402] - Creating new transaction with name [com.blm.store.service.impl.MerchantStoreServiceImpl.createStore]: PROPAGATION_REQUIRED,ISOLATION_DEFAULT
2025-08-30 10:52:18.108 [http-nio-8083-exec-6] DEBUG o.s.jdbc.support.JdbcTransactionManager:[doBegin:271] - Acquired Connection [HikariProxyConnection@2038435012 wrapping com.mysql.cj.jdbc.ConnectionImpl@1c2d63f0] for JDBC transaction
2025-08-30 10:52:18.108 [http-nio-8083-exec-6] DEBUG o.s.jdbc.support.JdbcTransactionManager:[doBegin:289] - Switching JDBC Connection [HikariProxyConnection@2038435012 wrapping com.mysql.cj.jdbc.ConnectionImpl@1c2d63f0] to manual commit
2025-08-30 10:52:18.113 [http-nio-8083-exec-6] DEBUG o.s.jdbc.support.JdbcTransactionManager:[processCommit:790] - Initiating transaction commit
2025-08-30 10:52:18.114 [http-nio-8083-exec-6] DEBUG o.s.jdbc.support.JdbcTransactionManager:[doCommit:334] - Committing JDBC transaction on Connection [HikariProxyConnection@2038435012 wrapping com.mysql.cj.jdbc.ConnectionImpl@1c2d63f0]
2025-08-30 10:52:18.121 [http-nio-8083-exec-6] DEBUG o.s.jdbc.support.JdbcTransactionManager:[doCleanupAfterCompletion:393] - Releasing JDBC Connection [HikariProxyConnection@2038435012 wrapping com.mysql.cj.jdbc.ConnectionImpl@1c2d63f0] after transaction
2025-08-30 10:52:36.017 [HikariPool-1 housekeeper] DEBUG com.zaxxer.hikari.pool.HikariPool:[logPoolState:405] - HikariPool-1 - Pool stats (total=10, active=0, idle=10, waiting=0)
2025-08-30 10:52:36.017 [HikariPool-1 housekeeper] DEBUG com.zaxxer.hikari.pool.HikariPool:[fillPool:510] - HikariPool-1 - Fill pool skipped, pool has sufficient level or currently being filled.
2025-08-30 10:52:54.630 [http-nio-8083-exec-7] DEBUG o.springframework.jdbc.datasource.DataSourceUtils:[doGetConnection:117] - Fetching JDBC Connection from DataSource
2025-08-30 10:52:55.209 [HikariPool-1 connection closer] DEBUG com.zaxxer.hikari.pool.PoolBase:[quietlyCloseConnection:133] - HikariPool-1 - Closing connection com.mysql.cj.jdbc.ConnectionImpl@18e0ac02: (connection has passed maxLifetime)
2025-08-30 10:52:55.217 [HikariPool-1 connection adder] DEBUG com.zaxxer.hikari.pool.HikariPool:[call:728] - HikariPool-1 - Added connection com.mysql.cj.jdbc.ConnectionImpl@1def15fc
2025-08-30 10:52:55.255 [HikariPool-1 connection adder] DEBUG com.zaxxer.hikari.pool.HikariPool:[logPoolState:405] - HikariPool-1 - Connection not added, stats (total=10, active=0, idle=10, waiting=0)
2025-08-30 10:52:56.675 [HikariPool-1 connection closer] DEBUG com.zaxxer.hikari.pool.PoolBase:[quietlyCloseConnection:133] - HikariPool-1 - Closing connection com.mysql.cj.jdbc.ConnectionImpl@555205c4: (connection has passed maxLifetime)
2025-08-30 10:52:56.678 [HikariPool-1 connection adder] DEBUG com.zaxxer.hikari.pool.HikariPool:[call:728] - HikariPool-1 - Added connection com.mysql.cj.jdbc.ConnectionImpl@5cd21fc7
2025-08-30 10:52:56.722 [HikariPool-1 connection adder] DEBUG com.zaxxer.hikari.pool.HikariPool:[logPoolState:405] - HikariPool-1 - Connection not added, stats (total=10, active=0, idle=10, waiting=0)
2025-08-30 10:52:59.121 [HikariPool-1 connection closer] DEBUG com.zaxxer.hikari.pool.PoolBase:[quietlyCloseConnection:133] - HikariPool-1 - Closing connection com.mysql.cj.jdbc.ConnectionImpl@2d1e423b: (connection has passed maxLifetime)
2025-08-30 10:52:59.128 [HikariPool-1 connection adder] DEBUG com.zaxxer.hikari.pool.HikariPool:[call:728] - HikariPool-1 - Added connection com.mysql.cj.jdbc.ConnectionImpl@6dc4e610
2025-08-30 10:52:59.169 [HikariPool-1 connection adder] DEBUG com.zaxxer.hikari.pool.HikariPool:[logPoolState:405] - HikariPool-1 - Connection not added, stats (total=10, active=0, idle=10, waiting=0)
2025-08-30 10:53:05.884 [HikariPool-1 connection closer] DEBUG com.zaxxer.hikari.pool.PoolBase:[quietlyCloseConnection:133] - HikariPool-1 - Closing connection com.mysql.cj.jdbc.ConnectionImpl@59135496: (connection has passed maxLifetime)
2025-08-30 10:53:05.901 [HikariPool-1 connection adder] DEBUG com.zaxxer.hikari.pool.HikariPool:[call:728] - HikariPool-1 - Added connection com.mysql.cj.jdbc.ConnectionImpl@ed91e5c
2025-08-30 10:53:05.944 [HikariPool-1 connection adder] DEBUG com.zaxxer.hikari.pool.HikariPool:[logPoolState:405] - HikariPool-1 - Connection not added, stats (total=10, active=0, idle=10, waiting=0)
2025-08-30 10:53:06.022 [HikariPool-1 housekeeper] DEBUG com.zaxxer.hikari.pool.HikariPool:[logPoolState:405] - HikariPool-1 - Pool stats (total=10, active=0, idle=10, waiting=0)
2025-08-30 10:53:06.022 [HikariPool-1 housekeeper] DEBUG com.zaxxer.hikari.pool.HikariPool:[fillPool:510] - HikariPool-1 - Fill pool skipped, pool has sufficient level or currently being filled.
2025-08-30 10:53:18.393 [HikariPool-1 connection closer] DEBUG com.zaxxer.hikari.pool.PoolBase:[quietlyCloseConnection:133] - HikariPool-1 - Closing connection com.mysql.cj.jdbc.ConnectionImpl@1c2d63f0: (connection has passed maxLifetime)
2025-08-30 10:53:18.401 [HikariPool-1 connection adder] DEBUG com.zaxxer.hikari.pool.HikariPool:[call:728] - HikariPool-1 - Added connection com.mysql.cj.jdbc.ConnectionImpl@5f816b09
2025-08-30 10:53:18.440 [HikariPool-1 connection adder] DEBUG com.zaxxer.hikari.pool.HikariPool:[logPoolState:405] - HikariPool-1 - Connection not added, stats (total=10, active=0, idle=10, waiting=0)
2025-08-30 10:53:21.900 [HikariPool-1 connection closer] DEBUG com.zaxxer.hikari.pool.PoolBase:[quietlyCloseConnection:133] - HikariPool-1 - Closing connection com.mysql.cj.jdbc.ConnectionImpl@78cf534d: (connection has passed maxLifetime)
2025-08-30 10:53:21.909 [HikariPool-1 connection adder] DEBUG com.zaxxer.hikari.pool.HikariPool:[call:728] - HikariPool-1 - Added connection com.mysql.cj.jdbc.ConnectionImpl@1ebc6132
2025-08-30 10:53:21.947 [HikariPool-1 connection adder] DEBUG com.zaxxer.hikari.pool.HikariPool:[logPoolState:405] - HikariPool-1 - Connection not added, stats (total=10, active=0, idle=10, waiting=0)
2025-08-30 10:53:23.984 [HikariPool-1 connection closer] DEBUG com.zaxxer.hikari.pool.PoolBase:[quietlyCloseConnection:133] - HikariPool-1 - Closing connection com.mysql.cj.jdbc.ConnectionImpl@1caed05b: (connection has passed maxLifetime)
2025-08-30 10:53:23.990 [HikariPool-1 connection adder] DEBUG com.zaxxer.hikari.pool.HikariPool:[call:728] - HikariPool-1 - Added connection com.mysql.cj.jdbc.ConnectionImpl@2f683ce5
2025-08-30 10:53:24.031 [HikariPool-1 connection adder] DEBUG com.zaxxer.hikari.pool.HikariPool:[logPoolState:405] - HikariPool-1 - Connection not added, stats (total=10, active=0, idle=10, waiting=0)
2025-08-30 10:53:24.126 [HikariPool-1 connection closer] DEBUG com.zaxxer.hikari.pool.PoolBase:[quietlyCloseConnection:133] - HikariPool-1 - Closing connection com.mysql.cj.jdbc.ConnectionImpl@39f25976: (connection has passed maxLifetime)
2025-08-30 10:53:24.143 [HikariPool-1 connection adder] DEBUG com.zaxxer.hikari.pool.HikariPool:[call:728] - HikariPool-1 - Added connection com.mysql.cj.jdbc.ConnectionImpl@7e939e7d
2025-08-30 10:53:24.188 [HikariPool-1 connection adder] DEBUG com.zaxxer.hikari.pool.HikariPool:[logPoolState:405] - HikariPool-1 - Connection not added, stats (total=10, active=0, idle=10, waiting=0)
2025-08-30 10:53:30.591 [HikariPool-1 connection closer] DEBUG com.zaxxer.hikari.pool.PoolBase:[quietlyCloseConnection:133] - HikariPool-1 - Closing connection com.mysql.cj.jdbc.ConnectionImpl@25a91705: (connection has passed maxLifetime)
2025-08-30 10:53:30.598 [HikariPool-1 connection adder] DEBUG com.zaxxer.hikari.pool.HikariPool:[call:728] - HikariPool-1 - Added connection com.mysql.cj.jdbc.ConnectionImpl@31aa9373
2025-08-30 10:53:30.638 [HikariPool-1 connection adder] DEBUG com.zaxxer.hikari.pool.HikariPool:[logPoolState:405] - HikariPool-1 - Connection not added, stats (total=10, active=0, idle=10, waiting=0)
2025-08-30 10:53:32.481 [HikariPool-1 connection closer] DEBUG com.zaxxer.hikari.pool.PoolBase:[quietlyCloseConnection:133] - HikariPool-1 - Closing connection com.mysql.cj.jdbc.ConnectionImpl@497d0bc7: (connection has passed maxLifetime)
2025-08-30 10:53:32.486 [HikariPool-1 connection adder] DEBUG com.zaxxer.hikari.pool.HikariPool:[call:728] - HikariPool-1 - Added connection com.mysql.cj.jdbc.ConnectionImpl@70979948
2025-08-30 10:53:32.529 [HikariPool-1 connection adder] DEBUG com.zaxxer.hikari.pool.HikariPool:[logPoolState:405] - HikariPool-1 - Connection not added, stats (total=10, active=0, idle=10, waiting=0)
2025-08-30 10:53:36.031 [HikariPool-1 housekeeper] DEBUG com.zaxxer.hikari.pool.HikariPool:[logPoolState:405] - HikariPool-1 - Pool stats (total=10, active=0, idle=10, waiting=0)
2025-08-30 10:53:36.031 [HikariPool-1 housekeeper] DEBUG com.zaxxer.hikari.pool.HikariPool:[fillPool:510] - HikariPool-1 - Fill pool skipped, pool has sufficient level or currently being filled.
2025-08-30 10:53:36.110 [AsyncResolver-bootstrap-executor-%d] INFO  c.n.d.shared.resolver.aws.ConfigClusterResolver:[getClusterEndpoints:43] - Resolving eureka endpoints via configuration
2025-08-30 10:54:06.035 [HikariPool-1 housekeeper] DEBUG com.zaxxer.hikari.pool.HikariPool:[logPoolState:405] - HikariPool-1 - Pool stats (total=10, active=0, idle=10, waiting=0)
2025-08-30 10:54:06.035 [HikariPool-1 housekeeper] DEBUG com.zaxxer.hikari.pool.HikariPool:[fillPool:510] - HikariPool-1 - Fill pool skipped, pool has sufficient level or currently being filled.
2025-08-30 10:54:36.042 [HikariPool-1 housekeeper] DEBUG com.zaxxer.hikari.pool.HikariPool:[logPoolState:405] - HikariPool-1 - Pool stats (total=10, active=0, idle=10, waiting=0)
2025-08-30 10:54:36.042 [HikariPool-1 housekeeper] DEBUG com.zaxxer.hikari.pool.HikariPool:[fillPool:510] - HikariPool-1 - Fill pool skipped, pool has sufficient level or currently being filled.
2025-08-30 10:55:06.056 [HikariPool-1 housekeeper] DEBUG com.zaxxer.hikari.pool.HikariPool:[logPoolState:405] - HikariPool-1 - Pool stats (total=10, active=0, idle=10, waiting=0)
2025-08-30 10:55:06.056 [HikariPool-1 housekeeper] DEBUG com.zaxxer.hikari.pool.HikariPool:[fillPool:510] - HikariPool-1 - Fill pool skipped, pool has sufficient level or currently being filled.
2025-08-30 10:55:13.214 [http-nio-8083-exec-10] DEBUG o.springframework.jdbc.datasource.DataSourceUtils:[doGetConnection:117] - Fetching JDBC Connection from DataSource
2025-08-30 10:55:26.009 [http-nio-8083-exec-1] DEBUG o.springframework.jdbc.datasource.DataSourceUtils:[doGetConnection:117] - Fetching JDBC Connection from DataSource
2025-08-30 10:55:36.069 [HikariPool-1 housekeeper] DEBUG com.zaxxer.hikari.pool.HikariPool:[logPoolState:405] - HikariPool-1 - Pool stats (total=10, active=0, idle=10, waiting=0)
2025-08-30 10:55:36.070 [HikariPool-1 housekeeper] DEBUG com.zaxxer.hikari.pool.HikariPool:[fillPool:510] - HikariPool-1 - Fill pool skipped, pool has sufficient level or currently being filled.
2025-08-30 10:56:06.073 [HikariPool-1 housekeeper] DEBUG com.zaxxer.hikari.pool.HikariPool:[logPoolState:405] - HikariPool-1 - Pool stats (total=10, active=0, idle=10, waiting=0)
2025-08-30 10:56:06.073 [HikariPool-1 housekeeper] DEBUG com.zaxxer.hikari.pool.HikariPool:[fillPool:510] - HikariPool-1 - Fill pool skipped, pool has sufficient level or currently being filled.
2025-08-30 10:56:36.079 [HikariPool-1 housekeeper] DEBUG com.zaxxer.hikari.pool.HikariPool:[logPoolState:405] - HikariPool-1 - Pool stats (total=10, active=0, idle=10, waiting=0)
2025-08-30 10:56:36.079 [HikariPool-1 housekeeper] DEBUG com.zaxxer.hikari.pool.HikariPool:[fillPool:510] - HikariPool-1 - Fill pool skipped, pool has sufficient level or currently being filled.
2025-08-30 10:57:06.089 [HikariPool-1 housekeeper] DEBUG com.zaxxer.hikari.pool.HikariPool:[logPoolState:405] - HikariPool-1 - Pool stats (total=10, active=0, idle=10, waiting=0)
2025-08-30 10:57:06.089 [HikariPool-1 housekeeper] DEBUG com.zaxxer.hikari.pool.HikariPool:[fillPool:510] - HikariPool-1 - Fill pool skipped, pool has sufficient level or currently being filled.
2025-08-30 10:57:36.096 [HikariPool-1 housekeeper] DEBUG com.zaxxer.hikari.pool.HikariPool:[logPoolState:405] - HikariPool-1 - Pool stats (total=10, active=0, idle=10, waiting=0)
2025-08-30 10:57:36.096 [HikariPool-1 housekeeper] DEBUG com.zaxxer.hikari.pool.HikariPool:[fillPool:510] - HikariPool-1 - Fill pool skipped, pool has sufficient level or currently being filled.
2025-08-30 10:58:06.098 [HikariPool-1 housekeeper] DEBUG com.zaxxer.hikari.pool.HikariPool:[logPoolState:405] - HikariPool-1 - Pool stats (total=10, active=0, idle=10, waiting=0)
2025-08-30 10:58:06.098 [HikariPool-1 housekeeper] DEBUG com.zaxxer.hikari.pool.HikariPool:[fillPool:510] - HikariPool-1 - Fill pool skipped, pool has sufficient level or currently being filled.
2025-08-30 10:58:36.113 [AsyncResolver-bootstrap-executor-%d] INFO  c.n.d.shared.resolver.aws.ConfigClusterResolver:[getClusterEndpoints:43] - Resolving eureka endpoints via configuration
2025-08-30 10:58:36.113 [HikariPool-1 housekeeper] DEBUG com.zaxxer.hikari.pool.HikariPool:[logPoolState:405] - HikariPool-1 - Pool stats (total=10, active=0, idle=10, waiting=0)
2025-08-30 10:58:36.113 [HikariPool-1 housekeeper] DEBUG com.zaxxer.hikari.pool.HikariPool:[fillPool:510] - HikariPool-1 - Fill pool skipped, pool has sufficient level or currently being filled.
2025-08-30 10:59:06.120 [HikariPool-1 housekeeper] DEBUG com.zaxxer.hikari.pool.HikariPool:[logPoolState:405] - HikariPool-1 - Pool stats (total=10, active=0, idle=10, waiting=0)
2025-08-30 10:59:06.120 [HikariPool-1 housekeeper] DEBUG com.zaxxer.hikari.pool.HikariPool:[fillPool:510] - HikariPool-1 - Fill pool skipped, pool has sufficient level or currently being filled.
2025-08-30 10:59:36.130 [HikariPool-1 housekeeper] DEBUG com.zaxxer.hikari.pool.HikariPool:[logPoolState:405] - HikariPool-1 - Pool stats (total=10, active=0, idle=10, waiting=0)
2025-08-30 10:59:36.130 [HikariPool-1 housekeeper] DEBUG com.zaxxer.hikari.pool.HikariPool:[fillPool:510] - HikariPool-1 - Fill pool skipped, pool has sufficient level or currently being filled.
2025-08-30 11:00:06.143 [HikariPool-1 housekeeper] DEBUG com.zaxxer.hikari.pool.HikariPool:[logPoolState:405] - HikariPool-1 - Pool stats (total=10, active=0, idle=10, waiting=0)
2025-08-30 11:00:06.143 [HikariPool-1 housekeeper] DEBUG com.zaxxer.hikari.pool.HikariPool:[fillPool:510] - HikariPool-1 - Fill pool skipped, pool has sufficient level or currently being filled.
2025-08-30 11:00:36.149 [HikariPool-1 housekeeper] DEBUG com.zaxxer.hikari.pool.HikariPool:[logPoolState:405] - HikariPool-1 - Pool stats (total=10, active=0, idle=10, waiting=0)
2025-08-30 11:00:36.149 [HikariPool-1 housekeeper] DEBUG com.zaxxer.hikari.pool.HikariPool:[fillPool:510] - HikariPool-1 - Fill pool skipped, pool has sufficient level or currently being filled.
2025-08-30 11:01:06.153 [HikariPool-1 housekeeper] DEBUG com.zaxxer.hikari.pool.HikariPool:[logPoolState:405] - HikariPool-1 - Pool stats (total=10, active=0, idle=10, waiting=0)
2025-08-30 11:01:06.153 [HikariPool-1 housekeeper] DEBUG com.zaxxer.hikari.pool.HikariPool:[fillPool:510] - HikariPool-1 - Fill pool skipped, pool has sufficient level or currently being filled.
2025-08-30 11:01:36.158 [HikariPool-1 housekeeper] DEBUG com.zaxxer.hikari.pool.HikariPool:[logPoolState:405] - HikariPool-1 - Pool stats (total=10, active=0, idle=10, waiting=0)
2025-08-30 11:01:36.158 [HikariPool-1 housekeeper] DEBUG com.zaxxer.hikari.pool.HikariPool:[fillPool:510] - HikariPool-1 - Fill pool skipped, pool has sufficient level or currently being filled.
2025-08-30 11:02:06.173 [HikariPool-1 housekeeper] DEBUG com.zaxxer.hikari.pool.HikariPool:[logPoolState:405] - HikariPool-1 - Pool stats (total=10, active=0, idle=10, waiting=0)
2025-08-30 11:02:06.173 [HikariPool-1 housekeeper] DEBUG com.zaxxer.hikari.pool.HikariPool:[fillPool:510] - HikariPool-1 - Fill pool skipped, pool has sufficient level or currently being filled.
2025-08-30 11:02:36.176 [HikariPool-1 housekeeper] DEBUG com.zaxxer.hikari.pool.HikariPool:[logPoolState:405] - HikariPool-1 - Pool stats (total=10, active=0, idle=10, waiting=0)
2025-08-30 11:02:36.176 [HikariPool-1 housekeeper] DEBUG com.zaxxer.hikari.pool.HikariPool:[fillPool:510] - HikariPool-1 - Fill pool skipped, pool has sufficient level or currently being filled.
2025-08-30 11:03:06.184 [HikariPool-1 housekeeper] DEBUG com.zaxxer.hikari.pool.HikariPool:[logPoolState:405] - HikariPool-1 - Pool stats (total=10, active=0, idle=10, waiting=0)
2025-08-30 11:03:06.184 [HikariPool-1 housekeeper] DEBUG com.zaxxer.hikari.pool.HikariPool:[fillPool:510] - HikariPool-1 - Fill pool skipped, pool has sufficient level or currently being filled.
2025-08-30 11:03:36.116 [AsyncResolver-bootstrap-executor-%d] INFO  c.n.d.shared.resolver.aws.ConfigClusterResolver:[getClusterEndpoints:43] - Resolving eureka endpoints via configuration
2025-08-30 11:03:36.193 [HikariPool-1 housekeeper] DEBUG com.zaxxer.hikari.pool.HikariPool:[logPoolState:405] - HikariPool-1 - Pool stats (total=10, active=0, idle=10, waiting=0)
2025-08-30 11:03:36.193 [HikariPool-1 housekeeper] DEBUG com.zaxxer.hikari.pool.HikariPool:[fillPool:510] - HikariPool-1 - Fill pool skipped, pool has sufficient level or currently being filled.
2025-08-30 11:04:06.203 [HikariPool-1 housekeeper] DEBUG com.zaxxer.hikari.pool.HikariPool:[logPoolState:405] - HikariPool-1 - Pool stats (total=10, active=0, idle=10, waiting=0)
2025-08-30 11:04:06.203 [HikariPool-1 housekeeper] DEBUG com.zaxxer.hikari.pool.HikariPool:[fillPool:510] - HikariPool-1 - Fill pool skipped, pool has sufficient level or currently being filled.
2025-08-30 11:04:36.206 [HikariPool-1 housekeeper] DEBUG com.zaxxer.hikari.pool.HikariPool:[logPoolState:405] - HikariPool-1 - Pool stats (total=10, active=0, idle=10, waiting=0)
2025-08-30 11:04:36.206 [HikariPool-1 housekeeper] DEBUG com.zaxxer.hikari.pool.HikariPool:[fillPool:510] - HikariPool-1 - Fill pool skipped, pool has sufficient level or currently being filled.
2025-08-30 11:04:42.597 [SpringApplicationShutdownHook] INFO  o.s.c.n.e.serviceregistry.EurekaServiceRegistry:[deregister:91] - Unregistering application STORE-SERVICE with eureka with status DOWN
2025-08-30 11:04:42.597 [SpringApplicationShutdownHook] INFO  com.netflix.discovery.DiscoveryClient:[notify:1297] - Saw local status change event StatusChangeEvent [timestamp=1756523082597, current=DOWN, previous=UP]
2025-08-30 11:04:42.598 [DiscoveryClient-InstanceInfoReplicator-%d] INFO  com.netflix.discovery.DiscoveryClient:[register:825] - DiscoveryClient_STORE-SERVICE/SS11041203:store-service:8083: registering service...
2025-08-30 11:04:42.607 [DiscoveryClient-InstanceInfoReplicator-%d] INFO  com.netflix.discovery.DiscoveryClient:[register:834] - DiscoveryClient_STORE-SERVICE/SS11041203:store-service:8083 - registration status: 204
2025-08-30 11:04:42.673 [SpringApplicationShutdownHook] INFO  com.zaxxer.hikari.HikariDataSource:[close:349] - HikariPool-1 - Shutdown initiated...
2025-08-30 11:04:42.674 [SpringApplicationShutdownHook] DEBUG com.zaxxer.hikari.pool.HikariPool:[logPoolState:405] - HikariPool-1 - Before shutdown stats (total=10, active=0, idle=10, waiting=0)
2025-08-30 11:04:42.675 [HikariPool-1 connection closer] DEBUG com.zaxxer.hikari.pool.PoolBase:[quietlyCloseConnection:133] - HikariPool-1 - Closing connection com.mysql.cj.jdbc.ConnectionImpl@1def15fc: (connection evicted)
2025-08-30 11:04:42.676 [HikariPool-1 connection closer] DEBUG com.zaxxer.hikari.pool.PoolBase:[quietlyCloseConnection:133] - HikariPool-1 - Closing connection com.mysql.cj.jdbc.ConnectionImpl@5cd21fc7: (connection evicted)
2025-08-30 11:04:42.676 [HikariPool-1 connection closer] DEBUG com.zaxxer.hikari.pool.PoolBase:[quietlyCloseConnection:133] - HikariPool-1 - Closing connection com.mysql.cj.jdbc.ConnectionImpl@6dc4e610: (connection evicted)
2025-08-30 11:04:42.677 [HikariPool-1 connection closer] DEBUG com.zaxxer.hikari.pool.PoolBase:[quietlyCloseConnection:133] - HikariPool-1 - Closing connection com.mysql.cj.jdbc.ConnectionImpl@ed91e5c: (connection evicted)
2025-08-30 11:04:42.677 [HikariPool-1 connection closer] DEBUG com.zaxxer.hikari.pool.PoolBase:[quietlyCloseConnection:133] - HikariPool-1 - Closing connection com.mysql.cj.jdbc.ConnectionImpl@5f816b09: (connection evicted)
2025-08-30 11:04:42.677 [HikariPool-1 connection closer] DEBUG com.zaxxer.hikari.pool.PoolBase:[quietlyCloseConnection:133] - HikariPool-1 - Closing connection com.mysql.cj.jdbc.ConnectionImpl@1ebc6132: (connection evicted)
2025-08-30 11:04:42.677 [HikariPool-1 connection closer] DEBUG com.zaxxer.hikari.pool.PoolBase:[quietlyCloseConnection:133] - HikariPool-1 - Closing connection com.mysql.cj.jdbc.ConnectionImpl@2f683ce5: (connection evicted)
2025-08-30 11:04:42.678 [HikariPool-1 connection closer] DEBUG com.zaxxer.hikari.pool.PoolBase:[quietlyCloseConnection:133] - HikariPool-1 - Closing connection com.mysql.cj.jdbc.ConnectionImpl@7e939e7d: (connection evicted)
2025-08-30 11:04:42.678 [HikariPool-1 connection closer] DEBUG com.zaxxer.hikari.pool.PoolBase:[quietlyCloseConnection:133] - HikariPool-1 - Closing connection com.mysql.cj.jdbc.ConnectionImpl@31aa9373: (connection evicted)
2025-08-30 11:04:42.678 [HikariPool-1 connection closer] DEBUG com.zaxxer.hikari.pool.PoolBase:[quietlyCloseConnection:133] - HikariPool-1 - Closing connection com.mysql.cj.jdbc.ConnectionImpl@70979948: (connection evicted)
2025-08-30 11:04:42.679 [SpringApplicationShutdownHook] DEBUG com.zaxxer.hikari.pool.HikariPool:[logPoolState:405] - HikariPool-1 - After shutdown stats (total=0, active=0, idle=0, waiting=0)
2025-08-30 11:04:42.679 [SpringApplicationShutdownHook] INFO  com.zaxxer.hikari.HikariDataSource:[close:351] - HikariPool-1 - Shutdown completed.
2025-08-30 11:04:42.680 [SpringApplicationShutdownHook] INFO  com.netflix.discovery.DiscoveryClient:[shutdown:887] - Shutting down DiscoveryClient ...
2025-08-30 11:04:45.689 [SpringApplicationShutdownHook] INFO  com.netflix.discovery.DiscoveryClient:[unregister:918] - Unregistering ...
2025-08-30 11:04:45.750 [SpringApplicationShutdownHook] INFO  c.n.d.s.t.decorator.RedirectingEurekaHttpClient:[execute:93] - Request execution error. endpoint=DefaultEndpoint{ serviceUrl='http://localhost:8761/eureka/} exception=I/O error on DELETE request for "http://localhost:8761/eureka/apps/STORE-SERVICE/SS11041203:store-service:8083": Connect to http://localhost:8761 [localhost/127.0.0.1, localhost/0:0:0:0:0:0:0:1] failed: Connection refused: getsockopt stacktrace=org.springframework.web.client.ResourceAccessException: I/O error on DELETE request for "http://localhost:8761/eureka/apps/STORE-SERVICE/SS11041203:store-service:8083": Connect to http://localhost:8761 [localhost/127.0.0.1, localhost/0:0:0:0:0:0:0:1] failed: Connection refused: getsockopt
	at org.springframework.web.client.RestTemplate.createResourceAccessException(RestTemplate.java:915)
	at org.springframework.web.client.RestTemplate.doExecute(RestTemplate.java:895)
	at org.springframework.web.client.RestTemplate.execute(RestTemplate.java:790)
	at org.springframework.web.client.RestTemplate.exchange(RestTemplate.java:672)
	at org.springframework.cloud.netflix.eureka.http.RestTemplateEurekaHttpClient.cancel(RestTemplateEurekaHttpClient.java:87)
	at com.netflix.discovery.shared.transport.decorator.EurekaHttpClientDecorator$2.execute(EurekaHttpClientDecorator.java:74)
	at com.netflix.discovery.shared.transport.decorator.RedirectingEurekaHttpClient.execute(RedirectingEurekaHttpClient.java:91)
	at com.netflix.discovery.shared.transport.decorator.EurekaHttpClientDecorator.cancel(EurekaHttpClientDecorator.java:71)
	at com.netflix.discovery.shared.transport.decorator.EurekaHttpClientDecorator$2.execute(EurekaHttpClientDecorator.java:74)
	at com.netflix.discovery.shared.transport.decorator.RetryableEurekaHttpClient.execute(RetryableEurekaHttpClient.java:120)
	at com.netflix.discovery.shared.transport.decorator.EurekaHttpClientDecorator.cancel(EurekaHttpClientDecorator.java:71)
	at com.netflix.discovery.shared.transport.decorator.EurekaHttpClientDecorator$2.execute(EurekaHttpClientDecorator.java:74)
	at com.netflix.discovery.shared.transport.decorator.SessionedEurekaHttpClient.execute(SessionedEurekaHttpClient.java:76)
	at com.netflix.discovery.shared.transport.decorator.EurekaHttpClientDecorator.cancel(EurekaHttpClientDecorator.java:71)
	at com.netflix.discovery.DiscoveryClient.unregister(DiscoveryClient.java:919)
	at com.netflix.discovery.DiscoveryClient.shutdown(DiscoveryClient.java:900)
	at java.base/jdk.internal.reflect.DirectMethodHandleAccessor.invoke(DirectMethodHandleAccessor.java:103)
	at java.base/java.lang.reflect.Method.invoke(Method.java:580)
	at org.springframework.beans.factory.annotation.InitDestroyAnnotationBeanPostProcessor$LifecycleMethod.invoke(InitDestroyAnnotationBeanPostProcessor.java:457)
	at org.springframework.beans.factory.annotation.InitDestroyAnnotationBeanPostProcessor$LifecycleMetadata.invokeDestroyMethods(InitDestroyAnnotationBeanPostProcessor.java:415)
	at org.springframework.beans.factory.annotation.InitDestroyAnnotationBeanPostProcessor.postProcessBeforeDestruction(InitDestroyAnnotationBeanPostProcessor.java:239)
	at org.springframework.beans.factory.support.DisposableBeanAdapter.destroy(DisposableBeanAdapter.java:202)
	at org.springframework.beans.factory.support.DisposableBeanAdapter.run(DisposableBeanAdapter.java:195)
	at org.springframework.cloud.context.scope.GenericScope$BeanLifecycleWrapper.destroy(GenericScope.java:389)
	at org.springframework.cloud.context.scope.GenericScope.destroy(GenericScope.java:136)
	at org.springframework.beans.factory.support.DisposableBeanAdapter.destroy(DisposableBeanAdapter.java:211)
	at org.springframework.beans.factory.support.DefaultSingletonBeanRegistry.destroyBean(DefaultSingletonBeanRegistry.java:587)
	at org.springframework.beans.factory.support.DefaultSingletonBeanRegistry.destroySingleton(DefaultSingletonBeanRegistry.java:559)
	at org.springframework.beans.factory.support.DefaultListableBeanFactory.destroySingleton(DefaultListableBeanFactory.java:1202)
	at org.springframework.beans.factory.support.DefaultSingletonBeanRegistry.destroySingletons(DefaultSingletonBeanRegistry.java:520)
	at org.springframework.beans.factory.support.DefaultListableBeanFactory.destroySingletons(DefaultListableBeanFactory.java:1195)
	at org.springframework.context.support.AbstractApplicationContext.destroyBeans(AbstractApplicationContext.java:1195)
	at org.springframework.context.support.AbstractApplicationContext.doClose(AbstractApplicationContext.java:1156)
	at org.springframework.boot.web.servlet.context.ServletWebServerApplicationContext.doClose(ServletWebServerApplicationContext.java:174)
	at org.springframework.context.support.AbstractApplicationContext.close(AbstractApplicationContext.java:1102)
	at org.springframework.boot.SpringApplicationShutdownHook.closeAndWait(SpringApplicationShutdownHook.java:145)
	at java.base/java.lang.Iterable.forEach(Iterable.java:75)
	at org.springframework.boot.SpringApplicationShutdownHook.run(SpringApplicationShutdownHook.java:114)
	at java.base/java.lang.Thread.run(Thread.java:1575)
Caused by: org.apache.hc.client5.http.HttpHostConnectException: Connect to http://localhost:8761 [localhost/127.0.0.1, localhost/0:0:0:0:0:0:0:1] failed: Connection refused: getsockopt
	at java.base/sun.nio.ch.Net.pollConnect(Native Method)
	at java.base/sun.nio.ch.Net.pollConnectNow(Net.java:682)
	at java.base/sun.nio.ch.NioSocketImpl.timedFinishConnect(NioSocketImpl.java:542)
	at java.base/sun.nio.ch.NioSocketImpl.connect(NioSocketImpl.java:592)
	at java.base/java.net.SocksSocketImpl.connect(SocksSocketImpl.java:327)
	at java.base/java.net.Socket.connect(Socket.java:760)
	at org.apache.hc.client5.http.socket.PlainConnectionSocketFactory.lambda$connectSocket$0(PlainConnectionSocketFactory.java:91)
	at java.base/java.security.AccessController.doPrivileged(AccessController.java:571)
	at org.apache.hc.client5.http.socket.PlainConnectionSocketFactory.connectSocket(PlainConnectionSocketFactory.java:90)
	at org.apache.hc.client5.http.socket.ConnectionSocketFactory.connectSocket(ConnectionSocketFactory.java:123)
	at org.apache.hc.client5.http.impl.io.DefaultHttpClientConnectionOperator.connect(DefaultHttpClientConnectionOperator.java:189)
	at org.apache.hc.client5.http.impl.io.PoolingHttpClientConnectionManager.connect(PoolingHttpClientConnectionManager.java:450)
	at org.apache.hc.client5.http.impl.classic.InternalExecRuntime.connectEndpoint(InternalExecRuntime.java:162)
	at org.apache.hc.client5.http.impl.classic.InternalExecRuntime.connectEndpoint(InternalExecRuntime.java:172)
	at org.apache.hc.client5.http.impl.classic.ConnectExec.execute(ConnectExec.java:142)
	at org.apache.hc.client5.http.impl.classic.ExecChainElement.execute(ExecChainElement.java:51)
	at org.apache.hc.client5.http.impl.classic.ProtocolExec.execute(ProtocolExec.java:192)
	at org.apache.hc.client5.http.impl.classic.ExecChainElement.execute(ExecChainElement.java:51)
	at org.apache.hc.client5.http.impl.classic.HttpRequestRetryExec.execute(HttpRequestRetryExec.java:113)
	at org.apache.hc.client5.http.impl.classic.ExecChainElement.execute(ExecChainElement.java:51)
	at org.apache.hc.client5.http.impl.classic.ContentCompressionExec.execute(ContentCompressionExec.java:152)
	at org.apache.hc.client5.http.impl.classic.ExecChainElement.execute(ExecChainElement.java:51)
	at org.apache.hc.client5.http.impl.classic.RedirectExec.execute(RedirectExec.java:116)
	at org.apache.hc.client5.http.impl.classic.ExecChainElement.execute(ExecChainElement.java:51)
	at org.apache.hc.client5.http.impl.classic.InternalHttpClient.doExecute(InternalHttpClient.java:170)
	at org.apache.hc.client5.http.impl.classic.CloseableHttpClient.execute(CloseableHttpClient.java:87)
	at org.apache.hc.client5.http.impl.classic.CloseableHttpClient.execute(CloseableHttpClient.java:55)
	at org.apache.hc.client5.http.classic.HttpClient.executeOpen(HttpClient.java:183)
	at org.springframework.http.client.HttpComponentsClientHttpRequest.executeInternal(HttpComponentsClientHttpRequest.java:99)
	at org.springframework.http.client.AbstractStreamingClientHttpRequest.executeInternal(AbstractStreamingClientHttpRequest.java:70)
	at org.springframework.http.client.AbstractClientHttpRequest.execute(AbstractClientHttpRequest.java:66)
	at org.springframework.http.client.InterceptingClientHttpRequest$InterceptingRequestExecution.execute(InterceptingClientHttpRequest.java:112)
	at org.springframework.cloud.netflix.eureka.http.RestTemplateTransportClientFactory.lambda$restTemplate$3(RestTemplateTransportClientFactory.java:170)
	at org.springframework.http.client.InterceptingClientHttpRequest$InterceptingRequestExecution.execute(InterceptingClientHttpRequest.java:88)
	at org.springframework.http.client.InterceptingClientHttpRequest.executeInternal(InterceptingClientHttpRequest.java:72)
	at org.springframework.http.client.AbstractBufferingClientHttpRequest.executeInternal(AbstractBufferingClientHttpRequest.java:48)
	at org.springframework.http.client.AbstractClientHttpRequest.execute(AbstractClientHttpRequest.java:66)
	at org.springframework.web.client.RestTemplate.doExecute(RestTemplate.java:889)
	... 37 more

2025-08-30 11:04:45.751 [SpringApplicationShutdownHook] WARN  c.n.d.s.t.decorator.RetryableEurekaHttpClient:[execute:130] - Request execution failed with message: I/O error on DELETE request for "http://localhost:8761/eureka/apps/STORE-SERVICE/SS11041203:store-service:8083": Connect to http://localhost:8761 [localhost/127.0.0.1, localhost/0:0:0:0:0:0:0:1] failed: Connection refused: getsockopt
2025-08-30 11:04:45.770 [SpringApplicationShutdownHook] INFO  c.n.d.s.t.decorator.RedirectingEurekaHttpClient:[execute:84] - Request execution error. endpoint=DefaultEndpoint{ serviceUrl='http://localhost:8761/eureka/}, exception=I/O error on DELETE request for "http://localhost:8761/eureka/apps/STORE-SERVICE/SS11041203:store-service:8083": Connect to http://localhost:8761 [localhost/127.0.0.1, localhost/0:0:0:0:0:0:0:1] failed: Connection refused: getsockopt stacktrace=org.springframework.web.client.ResourceAccessException: I/O error on DELETE request for "http://localhost:8761/eureka/apps/STORE-SERVICE/SS11041203:store-service:8083": Connect to http://localhost:8761 [localhost/127.0.0.1, localhost/0:0:0:0:0:0:0:1] failed: Connection refused: getsockopt
	at org.springframework.web.client.RestTemplate.createResourceAccessException(RestTemplate.java:915)
	at org.springframework.web.client.RestTemplate.doExecute(RestTemplate.java:895)
	at org.springframework.web.client.RestTemplate.execute(RestTemplate.java:790)
	at org.springframework.web.client.RestTemplate.exchange(RestTemplate.java:672)
	at org.springframework.cloud.netflix.eureka.http.RestTemplateEurekaHttpClient.cancel(RestTemplateEurekaHttpClient.java:87)
	at com.netflix.discovery.shared.transport.decorator.EurekaHttpClientDecorator$2.execute(EurekaHttpClientDecorator.java:74)
	at com.netflix.discovery.shared.transport.decorator.RedirectingEurekaHttpClient.executeOnNewServer(RedirectingEurekaHttpClient.java:121)
	at com.netflix.discovery.shared.transport.decorator.RedirectingEurekaHttpClient.execute(RedirectingEurekaHttpClient.java:80)
	at com.netflix.discovery.shared.transport.decorator.EurekaHttpClientDecorator.cancel(EurekaHttpClientDecorator.java:71)
	at com.netflix.discovery.shared.transport.decorator.EurekaHttpClientDecorator$2.execute(EurekaHttpClientDecorator.java:74)
	at com.netflix.discovery.shared.transport.decorator.RetryableEurekaHttpClient.execute(RetryableEurekaHttpClient.java:120)
	at com.netflix.discovery.shared.transport.decorator.EurekaHttpClientDecorator.cancel(EurekaHttpClientDecorator.java:71)
	at com.netflix.discovery.shared.transport.decorator.EurekaHttpClientDecorator$2.execute(EurekaHttpClientDecorator.java:74)
	at com.netflix.discovery.shared.transport.decorator.SessionedEurekaHttpClient.execute(SessionedEurekaHttpClient.java:76)
	at com.netflix.discovery.shared.transport.decorator.EurekaHttpClientDecorator.cancel(EurekaHttpClientDecorator.java:71)
	at com.netflix.discovery.DiscoveryClient.unregister(DiscoveryClient.java:919)
	at com.netflix.discovery.DiscoveryClient.shutdown(DiscoveryClient.java:900)
	at java.base/jdk.internal.reflect.DirectMethodHandleAccessor.invoke(DirectMethodHandleAccessor.java:103)
	at java.base/java.lang.reflect.Method.invoke(Method.java:580)
	at org.springframework.beans.factory.annotation.InitDestroyAnnotationBeanPostProcessor$LifecycleMethod.invoke(InitDestroyAnnotationBeanPostProcessor.java:457)
	at org.springframework.beans.factory.annotation.InitDestroyAnnotationBeanPostProcessor$LifecycleMetadata.invokeDestroyMethods(InitDestroyAnnotationBeanPostProcessor.java:415)
	at org.springframework.beans.factory.annotation.InitDestroyAnnotationBeanPostProcessor.postProcessBeforeDestruction(InitDestroyAnnotationBeanPostProcessor.java:239)
	at org.springframework.beans.factory.support.DisposableBeanAdapter.destroy(DisposableBeanAdapter.java:202)
	at org.springframework.beans.factory.support.DisposableBeanAdapter.run(DisposableBeanAdapter.java:195)
	at org.springframework.cloud.context.scope.GenericScope$BeanLifecycleWrapper.destroy(GenericScope.java:389)
	at org.springframework.cloud.context.scope.GenericScope.destroy(GenericScope.java:136)
	at org.springframework.beans.factory.support.DisposableBeanAdapter.destroy(DisposableBeanAdapter.java:211)
	at org.springframework.beans.factory.support.DefaultSingletonBeanRegistry.destroyBean(DefaultSingletonBeanRegistry.java:587)
	at org.springframework.beans.factory.support.DefaultSingletonBeanRegistry.destroySingleton(DefaultSingletonBeanRegistry.java:559)
	at org.springframework.beans.factory.support.DefaultListableBeanFactory.destroySingleton(DefaultListableBeanFactory.java:1202)
	at org.springframework.beans.factory.support.DefaultSingletonBeanRegistry.destroySingletons(DefaultSingletonBeanRegistry.java:520)
	at org.springframework.beans.factory.support.DefaultListableBeanFactory.destroySingletons(DefaultListableBeanFactory.java:1195)
	at org.springframework.context.support.AbstractApplicationContext.destroyBeans(AbstractApplicationContext.java:1195)
	at org.springframework.context.support.AbstractApplicationContext.doClose(AbstractApplicationContext.java:1156)
	at org.springframework.boot.web.servlet.context.ServletWebServerApplicationContext.doClose(ServletWebServerApplicationContext.java:174)
	at org.springframework.context.support.AbstractApplicationContext.close(AbstractApplicationContext.java:1102)
	at org.springframework.boot.SpringApplicationShutdownHook.closeAndWait(SpringApplicationShutdownHook.java:145)
	at java.base/java.lang.Iterable.forEach(Iterable.java:75)
	at org.springframework.boot.SpringApplicationShutdownHook.run(SpringApplicationShutdownHook.java:114)
	at java.base/java.lang.Thread.run(Thread.java:1575)
Caused by: org.apache.hc.client5.http.HttpHostConnectException: Connect to http://localhost:8761 [localhost/127.0.0.1, localhost/0:0:0:0:0:0:0:1] failed: Connection refused: getsockopt
	at java.base/sun.nio.ch.Net.pollConnect(Native Method)
	at java.base/sun.nio.ch.Net.pollConnectNow(Net.java:682)
	at java.base/sun.nio.ch.NioSocketImpl.timedFinishConnect(NioSocketImpl.java:542)
	at java.base/sun.nio.ch.NioSocketImpl.connect(NioSocketImpl.java:592)
	at java.base/java.net.SocksSocketImpl.connect(SocksSocketImpl.java:327)
	at java.base/java.net.Socket.connect(Socket.java:760)
	at org.apache.hc.client5.http.socket.PlainConnectionSocketFactory.lambda$connectSocket$0(PlainConnectionSocketFactory.java:91)
	at java.base/java.security.AccessController.doPrivileged(AccessController.java:571)
	at org.apache.hc.client5.http.socket.PlainConnectionSocketFactory.connectSocket(PlainConnectionSocketFactory.java:90)
	at org.apache.hc.client5.http.socket.ConnectionSocketFactory.connectSocket(ConnectionSocketFactory.java:123)
	at org.apache.hc.client5.http.impl.io.DefaultHttpClientConnectionOperator.connect(DefaultHttpClientConnectionOperator.java:189)
	at org.apache.hc.client5.http.impl.io.PoolingHttpClientConnectionManager.connect(PoolingHttpClientConnectionManager.java:450)
	at org.apache.hc.client5.http.impl.classic.InternalExecRuntime.connectEndpoint(InternalExecRuntime.java:162)
	at org.apache.hc.client5.http.impl.classic.InternalExecRuntime.connectEndpoint(InternalExecRuntime.java:172)
	at org.apache.hc.client5.http.impl.classic.ConnectExec.execute(ConnectExec.java:142)
	at org.apache.hc.client5.http.impl.classic.ExecChainElement.execute(ExecChainElement.java:51)
	at org.apache.hc.client5.http.impl.classic.ProtocolExec.execute(ProtocolExec.java:192)
	at org.apache.hc.client5.http.impl.classic.ExecChainElement.execute(ExecChainElement.java:51)
	at org.apache.hc.client5.http.impl.classic.HttpRequestRetryExec.execute(HttpRequestRetryExec.java:113)
	at org.apache.hc.client5.http.impl.classic.ExecChainElement.execute(ExecChainElement.java:51)
	at org.apache.hc.client5.http.impl.classic.ContentCompressionExec.execute(ContentCompressionExec.java:152)
	at org.apache.hc.client5.http.impl.classic.ExecChainElement.execute(ExecChainElement.java:51)
	at org.apache.hc.client5.http.impl.classic.RedirectExec.execute(RedirectExec.java:116)
	at org.apache.hc.client5.http.impl.classic.ExecChainElement.execute(ExecChainElement.java:51)
	at org.apache.hc.client5.http.impl.classic.InternalHttpClient.doExecute(InternalHttpClient.java:170)
	at org.apache.hc.client5.http.impl.classic.CloseableHttpClient.execute(CloseableHttpClient.java:87)
	at org.apache.hc.client5.http.impl.classic.CloseableHttpClient.execute(CloseableHttpClient.java:55)
	at org.apache.hc.client5.http.classic.HttpClient.executeOpen(HttpClient.java:183)
	at org.springframework.http.client.HttpComponentsClientHttpRequest.executeInternal(HttpComponentsClientHttpRequest.java:99)
	at org.springframework.http.client.AbstractStreamingClientHttpRequest.executeInternal(AbstractStreamingClientHttpRequest.java:70)
	at org.springframework.http.client.AbstractClientHttpRequest.execute(AbstractClientHttpRequest.java:66)
	at org.springframework.http.client.InterceptingClientHttpRequest$InterceptingRequestExecution.execute(InterceptingClientHttpRequest.java:112)
	at org.springframework.cloud.netflix.eureka.http.RestTemplateTransportClientFactory.lambda$restTemplate$3(RestTemplateTransportClientFactory.java:170)
	at org.springframework.http.client.InterceptingClientHttpRequest$InterceptingRequestExecution.execute(InterceptingClientHttpRequest.java:88)
	at org.springframework.http.client.InterceptingClientHttpRequest.executeInternal(InterceptingClientHttpRequest.java:72)
	at org.springframework.http.client.AbstractBufferingClientHttpRequest.executeInternal(AbstractBufferingClientHttpRequest.java:48)
	at org.springframework.http.client.AbstractClientHttpRequest.execute(AbstractClientHttpRequest.java:66)
	at org.springframework.web.client.RestTemplate.doExecute(RestTemplate.java:889)
	... 38 more

2025-08-30 11:04:45.770 [SpringApplicationShutdownHook] WARN  c.n.d.s.t.decorator.RetryableEurekaHttpClient:[execute:130] - Request execution failed with message: I/O error on DELETE request for "http://localhost:8761/eureka/apps/STORE-SERVICE/SS11041203:store-service:8083": Connect to http://localhost:8761 [localhost/127.0.0.1, localhost/0:0:0:0:0:0:0:1] failed: Connection refused: getsockopt
2025-08-30 11:04:45.771 [SpringApplicationShutdownHook] ERROR com.netflix.discovery.DiscoveryClient:[unregister:922] - DiscoveryClient_STORE-SERVICE/SS11041203:store-service:8083 - de-registration failedCannot execute request on any known server
com.netflix.discovery.shared.transport.TransportException: Cannot execute request on any known server
	at com.netflix.discovery.shared.transport.decorator.RetryableEurekaHttpClient.execute(RetryableEurekaHttpClient.java:112)
	at com.netflix.discovery.shared.transport.decorator.EurekaHttpClientDecorator.cancel(EurekaHttpClientDecorator.java:71)
	at com.netflix.discovery.shared.transport.decorator.EurekaHttpClientDecorator$2.execute(EurekaHttpClientDecorator.java:74)
	at com.netflix.discovery.shared.transport.decorator.SessionedEurekaHttpClient.execute(SessionedEurekaHttpClient.java:76)
	at com.netflix.discovery.shared.transport.decorator.EurekaHttpClientDecorator.cancel(EurekaHttpClientDecorator.java:71)
	at com.netflix.discovery.DiscoveryClient.unregister(DiscoveryClient.java:919)
	at com.netflix.discovery.DiscoveryClient.shutdown(DiscoveryClient.java:900)
	at java.base/jdk.internal.reflect.DirectMethodHandleAccessor.invoke(DirectMethodHandleAccessor.java:103)
	at java.base/java.lang.reflect.Method.invoke(Method.java:580)
	at org.springframework.beans.factory.annotation.InitDestroyAnnotationBeanPostProcessor$LifecycleMethod.invoke(InitDestroyAnnotationBeanPostProcessor.java:457)
	at org.springframework.beans.factory.annotation.InitDestroyAnnotationBeanPostProcessor$LifecycleMetadata.invokeDestroyMethods(InitDestroyAnnotationBeanPostProcessor.java:415)
	at org.springframework.beans.factory.annotation.InitDestroyAnnotationBeanPostProcessor.postProcessBeforeDestruction(InitDestroyAnnotationBeanPostProcessor.java:239)
	at org.springframework.beans.factory.support.DisposableBeanAdapter.destroy(DisposableBeanAdapter.java:202)
	at org.springframework.beans.factory.support.DisposableBeanAdapter.run(DisposableBeanAdapter.java:195)
	at org.springframework.cloud.context.scope.GenericScope$BeanLifecycleWrapper.destroy(GenericScope.java:389)
	at org.springframework.cloud.context.scope.GenericScope.destroy(GenericScope.java:136)
	at org.springframework.beans.factory.support.DisposableBeanAdapter.destroy(DisposableBeanAdapter.java:211)
	at org.springframework.beans.factory.support.DefaultSingletonBeanRegistry.destroyBean(DefaultSingletonBeanRegistry.java:587)
	at org.springframework.beans.factory.support.DefaultSingletonBeanRegistry.destroySingleton(DefaultSingletonBeanRegistry.java:559)
	at org.springframework.beans.factory.support.DefaultListableBeanFactory.destroySingleton(DefaultListableBeanFactory.java:1202)
	at org.springframework.beans.factory.support.DefaultSingletonBeanRegistry.destroySingletons(DefaultSingletonBeanRegistry.java:520)
	at org.springframework.beans.factory.support.DefaultListableBeanFactory.destroySingletons(DefaultListableBeanFactory.java:1195)
	at org.springframework.context.support.AbstractApplicationContext.destroyBeans(AbstractApplicationContext.java:1195)
	at org.springframework.context.support.AbstractApplicationContext.doClose(AbstractApplicationContext.java:1156)
	at org.springframework.boot.web.servlet.context.ServletWebServerApplicationContext.doClose(ServletWebServerApplicationContext.java:174)
	at org.springframework.context.support.AbstractApplicationContext.close(AbstractApplicationContext.java:1102)
	at org.springframework.boot.SpringApplicationShutdownHook.closeAndWait(SpringApplicationShutdownHook.java:145)
	at java.base/java.lang.Iterable.forEach(Iterable.java:75)
	at org.springframework.boot.SpringApplicationShutdownHook.run(SpringApplicationShutdownHook.java:114)
	at java.base/java.lang.Thread.run(Thread.java:1575)
2025-08-30 11:04:45.782 [SpringApplicationShutdownHook] INFO  com.netflix.discovery.DiscoveryClient:[shutdown:907] - Completed shut down of DiscoveryClient
2025-08-30 11:06:19.061 [main] INFO  com.blm.store.StoreApplication:[logStarting:50] - Starting StoreApplication using Java 23.0.1 with PID 20188 (D:\BUAA\大二暑假\BLM\store-service\target\classes started by Lenovo in D:\BUAA\大二暑假\BLM)
2025-08-30 11:06:19.065 [main] DEBUG com.blm.store.StoreApplication:[logStarting:51] - Running with Spring Boot v3.3.3, Spring v6.1.12
2025-08-30 11:06:19.066 [main] INFO  com.blm.store.StoreApplication:[logStartupProfileInfo:660] - The following 1 profile is active: "dev"
2025-08-30 11:06:19.971 [main] DEBUG o.s.cloud.openfeign.FeignClientsRegistrar$1:[scanCandidateComponents:476] - Identified candidate component class: file [D:\BUAA\大二暑假\BLM\common\target\classes\com\blm\common\feign\OrderServiceClient.class]
2025-08-30 11:06:19.972 [main] DEBUG o.s.cloud.openfeign.FeignClientsRegistrar$1:[scanCandidateComponents:476] - Identified candidate component class: file [D:\BUAA\大二暑假\BLM\common\target\classes\com\blm\common\feign\RiderServiceClient.class]
2025-08-30 11:06:19.974 [main] DEBUG o.s.cloud.openfeign.FeignClientsRegistrar$1:[scanCandidateComponents:476] - Identified candidate component class: file [D:\BUAA\大二暑假\BLM\common\target\classes\com\blm\common\feign\StoreServiceClient.class]
2025-08-30 11:06:19.974 [main] DEBUG o.s.cloud.openfeign.FeignClientsRegistrar$1:[scanCandidateComponents:476] - Identified candidate component class: file [D:\BUAA\大二暑假\BLM\common\target\classes\com\blm\common\feign\UserServiceClient.class]
2025-08-30 11:06:20.129 [main] DEBUG o.m.s.boot.autoconfigure.MybatisAutoConfiguration:[registerBeanDefinitions:247] - Searching for mappers annotated with @Mapper
2025-08-30 11:06:20.130 [main] DEBUG o.m.s.boot.autoconfigure.MybatisAutoConfiguration:[lambda$registerBeanDefinitions$0:251] - Using auto-configuration base package 'com.blm.store'
2025-08-30 11:06:20.405 [main] DEBUG org.apache.ibatis.logging.LogFactory:[setImplementation:112] - Logging initialized using 'class org.apache.ibatis.logging.slf4j.Slf4jImpl' adapter.
2025-08-30 11:06:20.410 [main] DEBUG org.mybatis.spring.mapper.ClassPathMapperScanner:[scanCandidateComponents:476] - Identified candidate component class: file [D:\BUAA\大二暑假\BLM\store-service\target\classes\com\blm\store\repository\FoodCategoryRepository.class]
2025-08-30 11:06:20.411 [main] DEBUG org.mybatis.spring.mapper.ClassPathMapperScanner:[scanCandidateComponents:476] - Identified candidate component class: file [D:\BUAA\大二暑假\BLM\store-service\target\classes\com\blm\store\repository\FoodRepository.class]
2025-08-30 11:06:20.412 [main] DEBUG org.mybatis.spring.mapper.ClassPathMapperScanner:[scanCandidateComponents:476] - Identified candidate component class: file [D:\BUAA\大二暑假\BLM\store-service\target\classes\com\blm\store\repository\PromotionRepository.class]
2025-08-30 11:06:20.413 [main] DEBUG org.mybatis.spring.mapper.ClassPathMapperScanner:[scanCandidateComponents:476] - Identified candidate component class: file [D:\BUAA\大二暑假\BLM\store-service\target\classes\com\blm\store\repository\StoreCategoryRepository.class]
2025-08-30 11:06:20.413 [main] DEBUG org.mybatis.spring.mapper.ClassPathMapperScanner:[scanCandidateComponents:476] - Identified candidate component class: file [D:\BUAA\大二暑假\BLM\store-service\target\classes\com\blm\store\repository\StoreRepository.class]
2025-08-30 11:06:20.414 [main] DEBUG org.mybatis.spring.mapper.ClassPathMapperScanner:[debug:49] - Creating MapperFactoryBean with name 'foodCategoryRepository' and 'com.blm.store.repository.FoodCategoryRepository' mapperInterface
2025-08-30 11:06:20.416 [main] DEBUG org.mybatis.spring.mapper.ClassPathMapperScanner:[debug:49] - Creating MapperFactoryBean with name 'foodRepository' and 'com.blm.store.repository.FoodRepository' mapperInterface
2025-08-30 11:06:20.417 [main] DEBUG org.mybatis.spring.mapper.ClassPathMapperScanner:[debug:49] - Creating MapperFactoryBean with name 'promotionRepository' and 'com.blm.store.repository.PromotionRepository' mapperInterface
2025-08-30 11:06:20.418 [main] DEBUG org.mybatis.spring.mapper.ClassPathMapperScanner:[debug:49] - Creating MapperFactoryBean with name 'storeCategoryRepository' and 'com.blm.store.repository.StoreCategoryRepository' mapperInterface
2025-08-30 11:06:20.419 [main] DEBUG org.mybatis.spring.mapper.ClassPathMapperScanner:[debug:49] - Creating MapperFactoryBean with name 'storeRepository' and 'com.blm.store.repository.StoreRepository' mapperInterface
2025-08-30 11:06:20.555 [main] INFO  o.springframework.cloud.context.scope.GenericScope:[setSerializationId:282] - BeanFactory id=9af39289-17b3-3793-86a2-4e31d680bb05
2025-08-30 11:06:20.795 [main] WARN  o.s.c.s.PostProcessorRegistrationDelegate$BeanPostProcessorChecker:[postProcessAfterInitialization:429] - Bean 'org.springframework.cloud.client.loadbalancer.LoadBalancerAutoConfiguration$DeferringLoadBalancerInterceptorConfig' of type [org.springframework.cloud.client.loadbalancer.LoadBalancerAutoConfiguration$DeferringLoadBalancerInterceptorConfig] is not eligible for getting processed by all BeanPostProcessors (for example: not eligible for auto-proxying). The currently created BeanPostProcessor [lbRestClientPostProcessor] is declared through a non-static factory method on that class; consider declaring it as static instead.
2025-08-30 11:06:20.798 [main] WARN  o.s.c.s.PostProcessorRegistrationDelegate$BeanPostProcessorChecker:[postProcessAfterInitialization:437] - Bean 'deferringLoadBalancerInterceptor' of type [org.springframework.cloud.client.loadbalancer.DeferringLoadBalancerInterceptor] is not eligible for getting processed by all BeanPostProcessors (for example: not eligible for auto-proxying). Is this bean getting eagerly injected into a currently created BeanPostProcessor [lbRestClientPostProcessor]? Check the corresponding BeanPostProcessor declaration and its dependencies.
2025-08-30 11:06:21.046 [main] INFO  o.s.boot.web.embedded.tomcat.TomcatWebServer:[initialize:111] - Tomcat initialized with port 8083 (http)
2025-08-30 11:06:21.057 [main] INFO  org.apache.catalina.core.StandardService:[log:173] - Starting service [Tomcat]
2025-08-30 11:06:21.058 [main] INFO  org.apache.catalina.core.StandardEngine:[log:173] - Starting Servlet engine: [Apache Tomcat/10.1.28]
2025-08-30 11:06:21.158 [main] INFO  o.a.c.core.ContainerBase.[Tomcat].[localhost].[/]:[log:173] - Initializing Spring embedded WebApplicationContext
2025-08-30 11:06:21.158 [main] INFO  o.s.b.w.s.c.ServletWebServerApplicationContext:[prepareWebApplicationContext:296] - Root WebApplicationContext: initialization completed in 1978 ms
2025-08-30 11:06:21.247 [main] DEBUG com.zaxxer.hikari.HikariConfig:[attemptFromContextLoader:974] - Driver class com.mysql.cj.jdbc.Driver found in Thread context class loader jdk.internal.loader.ClassLoaders$AppClassLoader@4617c264
2025-08-30 11:06:21.276 [main] DEBUG o.springframework.jdbc.datasource.DataSourceUtils:[doGetConnection:117] - Fetching JDBC Connection from DataSource
2025-08-30 11:06:21.277 [main] DEBUG com.zaxxer.hikari.HikariConfig:[logConfiguration:1106] - HikariPool-1 - configuration:
2025-08-30 11:06:21.281 [main] DEBUG com.zaxxer.hikari.HikariConfig:[logConfiguration:1138] - allowPoolSuspension.............false
2025-08-30 11:06:21.283 [main] DEBUG com.zaxxer.hikari.HikariConfig:[logConfiguration:1138] - autoCommit......................true
2025-08-30 11:06:21.286 [main] DEBUG com.zaxxer.hikari.HikariConfig:[logConfiguration:1138] - catalog.........................none
2025-08-30 11:06:21.289 [main] DEBUG com.zaxxer.hikari.HikariConfig:[logConfiguration:1138] - connectionInitSql...............none
2025-08-30 11:06:21.290 [main] DEBUG com.zaxxer.hikari.HikariConfig:[logConfiguration:1138] - connectionTestQuery.............none
2025-08-30 11:06:21.290 [main] DEBUG com.zaxxer.hikari.HikariConfig:[logConfiguration:1138] - connectionTimeout...............30000
2025-08-30 11:06:21.291 [main] DEBUG com.zaxxer.hikari.HikariConfig:[logConfiguration:1138] - dataSource......................none
2025-08-30 11:06:21.291 [main] DEBUG com.zaxxer.hikari.HikariConfig:[logConfiguration:1138] - dataSourceClassName.............none
2025-08-30 11:06:21.291 [main] DEBUG com.zaxxer.hikari.HikariConfig:[logConfiguration:1138] - dataSourceJNDI..................none
2025-08-30 11:06:21.291 [main] DEBUG com.zaxxer.hikari.HikariConfig:[logConfiguration:1138] - dataSourceProperties............{password=<masked>}
2025-08-30 11:06:21.291 [main] DEBUG com.zaxxer.hikari.HikariConfig:[logConfiguration:1138] - driverClassName................."com.mysql.cj.jdbc.Driver"
2025-08-30 11:06:21.292 [main] DEBUG com.zaxxer.hikari.HikariConfig:[logConfiguration:1138] - exceptionOverrideClassName......none
2025-08-30 11:06:21.292 [main] DEBUG com.zaxxer.hikari.HikariConfig:[logConfiguration:1138] - healthCheckProperties...........{}
2025-08-30 11:06:21.292 [main] DEBUG com.zaxxer.hikari.HikariConfig:[logConfiguration:1138] - healthCheckRegistry.............none
2025-08-30 11:06:21.292 [main] DEBUG com.zaxxer.hikari.HikariConfig:[logConfiguration:1138] - idleTimeout.....................600000
2025-08-30 11:06:21.294 [main] DEBUG com.zaxxer.hikari.HikariConfig:[logConfiguration:1138] - initializationFailTimeout.......1
2025-08-30 11:06:21.294 [main] DEBUG com.zaxxer.hikari.HikariConfig:[logConfiguration:1138] - isolateInternalQueries..........false
2025-08-30 11:06:21.295 [main] DEBUG com.zaxxer.hikari.HikariConfig:[logConfiguration:1138] - jdbcUrl.........................jdbc:mysql://localhost:3306/store_db?useUnicode=true&characterEncoding=utf-8&useSSL=false&serverTimezone=UTC
2025-08-30 11:06:21.295 [main] DEBUG com.zaxxer.hikari.HikariConfig:[logConfiguration:1138] - keepaliveTime...................0
2025-08-30 11:06:21.295 [main] DEBUG com.zaxxer.hikari.HikariConfig:[logConfiguration:1138] - leakDetectionThreshold..........0
2025-08-30 11:06:21.295 [main] DEBUG com.zaxxer.hikari.HikariConfig:[logConfiguration:1138] - maxLifetime.....................1800000
2025-08-30 11:06:21.295 [main] DEBUG com.zaxxer.hikari.HikariConfig:[logConfiguration:1138] - maximumPoolSize.................10
2025-08-30 11:06:21.295 [main] DEBUG com.zaxxer.hikari.HikariConfig:[logConfiguration:1138] - metricRegistry..................none
2025-08-30 11:06:21.296 [main] DEBUG com.zaxxer.hikari.HikariConfig:[logConfiguration:1138] - metricsTrackerFactory...........none
2025-08-30 11:06:21.296 [main] DEBUG com.zaxxer.hikari.HikariConfig:[logConfiguration:1138] - minimumIdle.....................10
2025-08-30 11:06:21.296 [main] DEBUG com.zaxxer.hikari.HikariConfig:[logConfiguration:1138] - password........................<masked>
2025-08-30 11:06:21.296 [main] DEBUG com.zaxxer.hikari.HikariConfig:[logConfiguration:1138] - poolName........................"HikariPool-1"
2025-08-30 11:06:21.298 [main] DEBUG com.zaxxer.hikari.HikariConfig:[logConfiguration:1138] - readOnly........................false
2025-08-30 11:06:21.298 [main] DEBUG com.zaxxer.hikari.HikariConfig:[logConfiguration:1138] - registerMbeans..................false
2025-08-30 11:06:21.298 [main] DEBUG com.zaxxer.hikari.HikariConfig:[logConfiguration:1138] - scheduledExecutor...............none
2025-08-30 11:06:21.298 [main] DEBUG com.zaxxer.hikari.HikariConfig:[logConfiguration:1138] - schema..........................none
2025-08-30 11:06:21.298 [main] DEBUG com.zaxxer.hikari.HikariConfig:[logConfiguration:1138] - threadFactory...................internal
2025-08-30 11:06:21.299 [main] DEBUG com.zaxxer.hikari.HikariConfig:[logConfiguration:1138] - transactionIsolation............default
2025-08-30 11:06:21.299 [main] DEBUG com.zaxxer.hikari.HikariConfig:[logConfiguration:1138] - username........................"root"
2025-08-30 11:06:21.303 [main] DEBUG com.zaxxer.hikari.HikariConfig:[logConfiguration:1138] - validationTimeout...............5000
2025-08-30 11:06:21.304 [main] INFO  com.zaxxer.hikari.HikariDataSource:[getConnection:109] - HikariPool-1 - Starting...
2025-08-30 11:06:21.491 [main] INFO  com.zaxxer.hikari.pool.HikariPool:[checkFailFast:554] - HikariPool-1 - Added connection com.mysql.cj.jdbc.ConnectionImpl@1c2d63f0
2025-08-30 11:06:21.493 [main] INFO  com.zaxxer.hikari.HikariDataSource:[getConnection:122] - HikariPool-1 - Start completed.
2025-08-30 11:06:21.593 [HikariPool-1 housekeeper] DEBUG com.zaxxer.hikari.pool.HikariPool:[logPoolState:405] - HikariPool-1 - Pool stats (total=1, active=0, idle=1, waiting=0)
2025-08-30 11:06:21.606 [HikariPool-1 connection adder] DEBUG com.zaxxer.hikari.pool.HikariPool:[call:728] - HikariPool-1 - Added connection com.mysql.cj.jdbc.ConnectionImpl@6759fb57
2025-08-30 11:06:21.640 [HikariPool-1 connection adder] DEBUG com.zaxxer.hikari.pool.HikariPool:[logPoolState:405] - HikariPool-1 - After adding stats (total=2, active=0, idle=2, waiting=0)
2025-08-30 11:06:21.650 [HikariPool-1 connection adder] DEBUG com.zaxxer.hikari.pool.HikariPool:[call:728] - HikariPool-1 - Added connection com.mysql.cj.jdbc.ConnectionImpl@2664f16c
2025-08-30 11:06:21.690 [HikariPool-1 connection adder] DEBUG com.zaxxer.hikari.pool.HikariPool:[logPoolState:405] - HikariPool-1 - After adding stats (total=3, active=0, idle=3, waiting=0)
2025-08-30 11:06:21.698 [HikariPool-1 connection adder] DEBUG com.zaxxer.hikari.pool.HikariPool:[call:728] - HikariPool-1 - Added connection com.mysql.cj.jdbc.ConnectionImpl@1708d4fc
2025-08-30 11:06:21.735 [HikariPool-1 connection adder] DEBUG com.zaxxer.hikari.pool.HikariPool:[logPoolState:405] - HikariPool-1 - After adding stats (total=4, active=0, idle=4, waiting=0)
2025-08-30 11:06:21.745 [HikariPool-1 connection adder] DEBUG com.zaxxer.hikari.pool.HikariPool:[call:728] - HikariPool-1 - Added connection com.mysql.cj.jdbc.ConnectionImpl@464b0e23
2025-08-30 11:06:21.746 [main] DEBUG org.mybatis.spring.SqlSessionFactoryBean:[debug:49] - Parsed mapper file: 'file [D:\BUAA\大二暑假\BLM\store-service\target\classes\mapper\FoodMapper.xml]'
2025-08-30 11:06:21.781 [HikariPool-1 connection adder] DEBUG com.zaxxer.hikari.pool.HikariPool:[logPoolState:405] - HikariPool-1 - After adding stats (total=5, active=0, idle=5, waiting=0)
2025-08-30 11:06:21.790 [main] DEBUG org.mybatis.spring.SqlSessionFactoryBean:[debug:49] - Parsed mapper file: 'file [D:\BUAA\大二暑假\BLM\store-service\target\classes\mapper\PromotionMapper.xml]'
2025-08-30 11:06:21.793 [HikariPool-1 connection adder] DEBUG com.zaxxer.hikari.pool.HikariPool:[call:728] - HikariPool-1 - Added connection com.mysql.cj.jdbc.ConnectionImpl@30a95967
2025-08-30 11:06:21.813 [main] DEBUG org.mybatis.spring.SqlSessionFactoryBean:[debug:49] - Parsed mapper file: 'file [D:\BUAA\大二暑假\BLM\store-service\target\classes\mapper\StoreMapper.xml]'
2025-08-30 11:06:21.829 [HikariPool-1 connection adder] DEBUG com.zaxxer.hikari.pool.HikariPool:[logPoolState:405] - HikariPool-1 - After adding stats (total=6, active=0, idle=6, waiting=0)
2025-08-30 11:06:21.837 [HikariPool-1 connection adder] DEBUG com.zaxxer.hikari.pool.HikariPool:[call:728] - HikariPool-1 - Added connection com.mysql.cj.jdbc.ConnectionImpl@4205b4c1
2025-08-30 11:06:21.846 [main] DEBUG o.s.cloud.openfeign.FeignClientFactoryBean:[<init>:125] - Creating a FeignClientFactoryBean.
2025-08-30 11:06:21.876 [HikariPool-1 connection adder] DEBUG com.zaxxer.hikari.pool.HikariPool:[logPoolState:405] - HikariPool-1 - After adding stats (total=7, active=0, idle=7, waiting=0)
2025-08-30 11:06:21.884 [HikariPool-1 connection adder] DEBUG com.zaxxer.hikari.pool.HikariPool:[call:728] - HikariPool-1 - Added connection com.mysql.cj.jdbc.ConnectionImpl@6761e9cb
2025-08-30 11:06:21.924 [HikariPool-1 connection adder] DEBUG com.zaxxer.hikari.pool.HikariPool:[logPoolState:405] - HikariPool-1 - After adding stats (total=8, active=0, idle=8, waiting=0)
2025-08-30 11:06:21.932 [HikariPool-1 connection adder] DEBUG com.zaxxer.hikari.pool.HikariPool:[call:728] - HikariPool-1 - Added connection com.mysql.cj.jdbc.ConnectionImpl@58c7d558
2025-08-30 11:06:21.971 [HikariPool-1 connection adder] DEBUG com.zaxxer.hikari.pool.HikariPool:[logPoolState:405] - HikariPool-1 - After adding stats (total=9, active=0, idle=9, waiting=0)
2025-08-30 11:06:21.981 [HikariPool-1 connection adder] DEBUG com.zaxxer.hikari.pool.HikariPool:[call:728] - HikariPool-1 - Added connection com.mysql.cj.jdbc.ConnectionImpl@62609ae5
2025-08-30 11:06:22.018 [HikariPool-1 connection adder] DEBUG com.zaxxer.hikari.pool.HikariPool:[logPoolState:405] - HikariPool-1 - After adding stats (total=10, active=0, idle=10, waiting=0)
2025-08-30 11:06:22.189 [main] INFO  o.s.cloud.openfeign.FeignClientFactoryBean:[getTarget:468] - For 'order-service' URL not provided. Will try picking an instance via load-balancing.
2025-08-30 11:06:22.327 [main] DEBUG o.s.cloud.openfeign.FeignClientFactoryBean:[<init>:125] - Creating a FeignClientFactoryBean.
2025-08-30 11:06:22.344 [main] INFO  o.s.cloud.openfeign.FeignClientFactoryBean:[getTarget:468] - For 'user-service' URL not provided. Will try picking an instance via load-balancing.
2025-08-30 11:06:22.389 [main] DEBUG o.s.cloud.openfeign.FeignClientFactoryBean:[<init>:125] - Creating a FeignClientFactoryBean.
2025-08-30 11:06:22.390 [main] DEBUG o.s.cloud.openfeign.FeignClientFactoryBean:[<init>:125] - Creating a FeignClientFactoryBean.
2025-08-30 11:06:22.779 [main] DEBUG o.m.s.boot.autoconfigure.MybatisAutoConfiguration:[afterPropertiesSet:319] - Not found configuration for registering mapper bean using @MapperScan, MapperFactoryBean and MapperScannerConfigurer.
2025-08-30 11:06:23.068 [main] INFO  o.s.c.n.e.c.DiscoveryClientOptionalArgsConfiguration:[restTemplateDiscoveryClientOptionalArgs:80] - Eureka HTTP Client uses RestTemplate.
2025-08-30 11:06:23.095 [main] WARN  o.s.c.l.c.LoadBalancerCacheAutoConfiguration$LoadBalancerCaffeineWarnLogger:[afterPropertiesSet:94] - Spring Cloud LoadBalancer is currently working with the default cache. While this cache implementation is useful for development and tests, it's recommended to use Caffeine cache in production.You can switch to using Caffeine cache, by adding it and org.springframework.cache.caffeine.CaffeineCacheManager to the classpath.
2025-08-30 11:06:23.163 [main] INFO  o.s.cloud.netflix.eureka.InstanceInfoFactory:[create:67] - Setting initial instance status as: STARTING
2025-08-30 11:06:23.182 [main] INFO  com.netflix.discovery.DiscoveryClient:[<init>:329] - Initializing Eureka in region us-east-1
2025-08-30 11:06:23.186 [main] INFO  c.n.d.shared.resolver.aws.ConfigClusterResolver:[getClusterEndpoints:43] - Resolving eureka endpoints via configuration
2025-08-30 11:06:23.194 [main] INFO  com.netflix.discovery.DiscoveryClient:[fetchRegistry:954] - Disable delta property : false
2025-08-30 11:06:23.194 [main] INFO  com.netflix.discovery.DiscoveryClient:[fetchRegistry:955] - Single vip registry refresh property : null
2025-08-30 11:06:23.195 [main] INFO  com.netflix.discovery.DiscoveryClient:[fetchRegistry:956] - Force full registry fetch : false
2025-08-30 11:06:23.195 [main] INFO  com.netflix.discovery.DiscoveryClient:[fetchRegistry:957] - Application is null : false
2025-08-30 11:06:23.195 [main] INFO  com.netflix.discovery.DiscoveryClient:[fetchRegistry:958] - Registered Applications size is zero : true
2025-08-30 11:06:23.195 [main] INFO  com.netflix.discovery.DiscoveryClient:[fetchRegistry:960] - Application version is -1: true
2025-08-30 11:06:23.196 [main] INFO  com.netflix.discovery.DiscoveryClient:[getAndStoreFullRegistry:1042] - Getting all instance registry info from the eureka server
2025-08-30 11:06:23.639 [main] INFO  com.netflix.discovery.DiscoveryClient:[getAndStoreFullRegistry:1051] - The response status is 200
2025-08-30 11:06:23.641 [main] INFO  com.netflix.discovery.DiscoveryClient:[initScheduledTasks:1266] - Starting heartbeat executor: renew interval is: 10
2025-08-30 11:06:23.644 [main] INFO  com.netflix.discovery.InstanceInfoReplicator:[<init>:64] - InstanceInfoReplicator onDemand update allowed rate per min is 4
2025-08-30 11:06:23.647 [main] INFO  com.netflix.discovery.DiscoveryClient:[<init>:455] - Discovery Client initialized at timestamp 1756523183646 with initial instances count: 0
2025-08-30 11:06:23.653 [main] INFO  o.s.c.n.e.serviceregistry.EurekaServiceRegistry:[register:70] - Registering application STORE-SERVICE with eureka with status UP
2025-08-30 11:06:23.654 [main] INFO  com.netflix.discovery.DiscoveryClient:[notify:1297] - Saw local status change event StatusChangeEvent [timestamp=1756523183654, current=UP, previous=STARTING]
2025-08-30 11:06:23.657 [DiscoveryClient-InstanceInfoReplicator-%d] INFO  com.netflix.discovery.DiscoveryClient:[register:825] - DiscoveryClient_STORE-SERVICE/SS11041203:store-service:8083: registering service...
2025-08-30 11:06:23.685 [main] INFO  o.s.boot.web.embedded.tomcat.TomcatWebServer:[start:243] - Tomcat started on port 8083 (http) with context path '/'
2025-08-30 11:06:23.686 [main] INFO  o.s.c.n.e.s.EurekaAutoServiceRegistration:[onApplicationEvent:150] - Updating port to 8083
2025-08-30 11:06:23.703 [DiscoveryClient-InstanceInfoReplicator-%d] INFO  com.netflix.discovery.DiscoveryClient:[register:834] - DiscoveryClient_STORE-SERVICE/SS11041203:store-service:8083 - registration status: 204
2025-08-30 11:06:23.713 [main] INFO  com.blm.store.StoreApplication:[logStarted:56] - Started StoreApplication in 5.441 seconds (process running for 6.548)
2025-08-30 11:06:50.964 [http-nio-8083-exec-1] INFO  o.a.c.core.ContainerBase.[Tomcat].[localhost].[/]:[log:173] - Initializing Spring DispatcherServlet 'dispatcherServlet'
2025-08-30 11:06:50.965 [http-nio-8083-exec-1] INFO  org.springframework.web.servlet.DispatcherServlet:[initServletBean:532] - Initializing Servlet 'dispatcherServlet'
2025-08-30 11:06:50.968 [http-nio-8083-exec-1] INFO  org.springframework.web.servlet.DispatcherServlet:[initServletBean:554] - Completed initialization in 3 ms
2025-08-30 11:06:51.599 [HikariPool-1 housekeeper] DEBUG com.zaxxer.hikari.pool.HikariPool:[logPoolState:405] - HikariPool-1 - Pool stats (total=10, active=0, idle=10, waiting=0)
2025-08-30 11:06:51.600 [HikariPool-1 housekeeper] DEBUG com.zaxxer.hikari.pool.HikariPool:[fillPool:510] - HikariPool-1 - Fill pool skipped, pool has sufficient level or currently being filled.
2025-08-30 11:06:53.648 [DiscoveryClient-CacheRefreshExecutor-%d] INFO  com.netflix.discovery.DiscoveryClient:[fetchRegistry:954] - Disable delta property : false
2025-08-30 11:06:53.649 [DiscoveryClient-CacheRefreshExecutor-%d] INFO  com.netflix.discovery.DiscoveryClient:[fetchRegistry:955] - Single vip registry refresh property : null
2025-08-30 11:06:53.649 [DiscoveryClient-CacheRefreshExecutor-%d] INFO  com.netflix.discovery.DiscoveryClient:[fetchRegistry:956] - Force full registry fetch : false
2025-08-30 11:06:53.649 [DiscoveryClient-CacheRefreshExecutor-%d] INFO  com.netflix.discovery.DiscoveryClient:[fetchRegistry:957] - Application is null : false
2025-08-30 11:06:53.650 [DiscoveryClient-CacheRefreshExecutor-%d] INFO  com.netflix.discovery.DiscoveryClient:[fetchRegistry:958] - Registered Applications size is zero : true
2025-08-30 11:06:53.650 [DiscoveryClient-CacheRefreshExecutor-%d] INFO  com.netflix.discovery.DiscoveryClient:[fetchRegistry:960] - Application version is -1: false
2025-08-30 11:06:53.651 [DiscoveryClient-CacheRefreshExecutor-%d] INFO  com.netflix.discovery.DiscoveryClient:[getAndStoreFullRegistry:1042] - Getting all instance registry info from the eureka server
2025-08-30 11:06:53.696 [DiscoveryClient-CacheRefreshExecutor-%d] INFO  com.netflix.discovery.DiscoveryClient:[getAndStoreFullRegistry:1051] - The response status is 200
2025-08-30 11:07:21.609 [HikariPool-1 housekeeper] DEBUG com.zaxxer.hikari.pool.HikariPool:[logPoolState:405] - HikariPool-1 - Pool stats (total=10, active=0, idle=10, waiting=0)
2025-08-30 11:07:21.610 [HikariPool-1 housekeeper] DEBUG com.zaxxer.hikari.pool.HikariPool:[fillPool:510] - HikariPool-1 - Fill pool skipped, pool has sufficient level or currently being filled.
2025-08-30 11:07:51.614 [HikariPool-1 housekeeper] DEBUG com.zaxxer.hikari.pool.HikariPool:[logPoolState:405] - HikariPool-1 - Pool stats (total=10, active=0, idle=10, waiting=0)
2025-08-30 11:07:51.615 [HikariPool-1 housekeeper] DEBUG com.zaxxer.hikari.pool.HikariPool:[fillPool:510] - HikariPool-1 - Fill pool skipped, pool has sufficient level or currently being filled.
2025-08-30 11:08:21.627 [HikariPool-1 housekeeper] DEBUG com.zaxxer.hikari.pool.HikariPool:[logPoolState:405] - HikariPool-1 - Pool stats (total=10, active=0, idle=10, waiting=0)
2025-08-30 11:08:21.627 [HikariPool-1 housekeeper] DEBUG com.zaxxer.hikari.pool.HikariPool:[fillPool:510] - HikariPool-1 - Fill pool skipped, pool has sufficient level or currently being filled.
2025-08-30 11:08:51.634 [HikariPool-1 housekeeper] DEBUG com.zaxxer.hikari.pool.HikariPool:[logPoolState:405] - HikariPool-1 - Pool stats (total=10, active=0, idle=10, waiting=0)
2025-08-30 11:08:51.634 [HikariPool-1 housekeeper] DEBUG com.zaxxer.hikari.pool.HikariPool:[fillPool:510] - HikariPool-1 - Fill pool skipped, pool has sufficient level or currently being filled.
2025-08-30 11:09:21.636 [HikariPool-1 housekeeper] DEBUG com.zaxxer.hikari.pool.HikariPool:[logPoolState:405] - HikariPool-1 - Pool stats (total=10, active=0, idle=10, waiting=0)
2025-08-30 11:09:21.636 [HikariPool-1 housekeeper] DEBUG com.zaxxer.hikari.pool.HikariPool:[fillPool:510] - HikariPool-1 - Fill pool skipped, pool has sufficient level or currently being filled.
2025-08-30 11:09:51.643 [HikariPool-1 housekeeper] DEBUG com.zaxxer.hikari.pool.HikariPool:[logPoolState:405] - HikariPool-1 - Pool stats (total=10, active=0, idle=10, waiting=0)
2025-08-30 11:09:51.643 [HikariPool-1 housekeeper] DEBUG com.zaxxer.hikari.pool.HikariPool:[fillPool:510] - HikariPool-1 - Fill pool skipped, pool has sufficient level or currently being filled.
2025-08-30 11:10:21.650 [HikariPool-1 housekeeper] DEBUG com.zaxxer.hikari.pool.HikariPool:[logPoolState:405] - HikariPool-1 - Pool stats (total=10, active=0, idle=10, waiting=0)
2025-08-30 11:10:21.651 [HikariPool-1 housekeeper] DEBUG com.zaxxer.hikari.pool.HikariPool:[fillPool:510] - HikariPool-1 - Fill pool skipped, pool has sufficient level or currently being filled.
2025-08-30 11:10:51.653 [HikariPool-1 housekeeper] DEBUG com.zaxxer.hikari.pool.HikariPool:[logPoolState:405] - HikariPool-1 - Pool stats (total=10, active=0, idle=10, waiting=0)
2025-08-30 11:10:51.654 [HikariPool-1 housekeeper] DEBUG com.zaxxer.hikari.pool.HikariPool:[fillPool:510] - HikariPool-1 - Fill pool skipped, pool has sufficient level or currently being filled.
2025-08-30 11:11:21.658 [HikariPool-1 housekeeper] DEBUG com.zaxxer.hikari.pool.HikariPool:[logPoolState:405] - HikariPool-1 - Pool stats (total=10, active=0, idle=10, waiting=0)
2025-08-30 11:11:21.658 [HikariPool-1 housekeeper] DEBUG com.zaxxer.hikari.pool.HikariPool:[fillPool:510] - HikariPool-1 - Fill pool skipped, pool has sufficient level or currently being filled.
2025-08-30 11:11:23.204 [AsyncResolver-bootstrap-executor-%d] INFO  c.n.d.shared.resolver.aws.ConfigClusterResolver:[getClusterEndpoints:43] - Resolving eureka endpoints via configuration
2025-08-30 11:11:51.661 [HikariPool-1 housekeeper] DEBUG com.zaxxer.hikari.pool.HikariPool:[logPoolState:405] - HikariPool-1 - Pool stats (total=10, active=0, idle=10, waiting=0)
2025-08-30 11:11:51.662 [HikariPool-1 housekeeper] DEBUG com.zaxxer.hikari.pool.HikariPool:[fillPool:510] - HikariPool-1 - Fill pool skipped, pool has sufficient level or currently being filled.
2025-08-30 11:12:21.673 [HikariPool-1 housekeeper] DEBUG com.zaxxer.hikari.pool.HikariPool:[logPoolState:405] - HikariPool-1 - Pool stats (total=10, active=0, idle=10, waiting=0)
2025-08-30 11:12:21.673 [HikariPool-1 housekeeper] DEBUG com.zaxxer.hikari.pool.HikariPool:[fillPool:510] - HikariPool-1 - Fill pool skipped, pool has sufficient level or currently being filled.
2025-08-30 11:12:44.819 [DiscoveryClient-HeartbeatExecutor-%d] INFO  com.netflix.discovery.DiscoveryClient:[renew:849] - DiscoveryClient_STORE-SERVICE/SS11041203:store-service:8083 - Re-registering apps/STORE-SERVICE
2025-08-30 11:12:44.819 [DiscoveryClient-HeartbeatExecutor-%d] INFO  com.netflix.discovery.DiscoveryClient:[register:825] - DiscoveryClient_STORE-SERVICE/SS11041203:store-service:8083: registering service...
2025-08-30 11:12:44.852 [DiscoveryClient-HeartbeatExecutor-%d] INFO  com.netflix.discovery.DiscoveryClient:[register:834] - DiscoveryClient_STORE-SERVICE/SS11041203:store-service:8083 - registration status: 204
2025-08-30 11:12:47.399 [SpringApplicationShutdownHook] INFO  o.s.c.n.e.serviceregistry.EurekaServiceRegistry:[deregister:91] - Unregistering application STORE-SERVICE with eureka with status DOWN
2025-08-30 11:12:47.399 [SpringApplicationShutdownHook] INFO  com.netflix.discovery.DiscoveryClient:[notify:1297] - Saw local status change event StatusChangeEvent [timestamp=1756523567399, current=DOWN, previous=UP]
2025-08-30 11:12:47.399 [DiscoveryClient-InstanceInfoReplicator-%d] INFO  com.netflix.discovery.DiscoveryClient:[register:825] - DiscoveryClient_STORE-SERVICE/SS11041203:store-service:8083: registering service...
2025-08-30 11:12:47.412 [SpringApplicationShutdownHook] INFO  com.zaxxer.hikari.HikariDataSource:[close:349] - HikariPool-1 - Shutdown initiated...
2025-08-30 11:12:47.412 [SpringApplicationShutdownHook] DEBUG com.zaxxer.hikari.pool.HikariPool:[logPoolState:405] - HikariPool-1 - Before shutdown stats (total=10, active=0, idle=10, waiting=0)
2025-08-30 11:12:47.413 [HikariPool-1 connection closer] DEBUG com.zaxxer.hikari.pool.PoolBase:[quietlyCloseConnection:133] - HikariPool-1 - Closing connection com.mysql.cj.jdbc.ConnectionImpl@1c2d63f0: (connection evicted)
2025-08-30 11:12:47.415 [DiscoveryClient-InstanceInfoReplicator-%d] INFO  com.netflix.discovery.DiscoveryClient:[register:834] - DiscoveryClient_STORE-SERVICE/SS11041203:store-service:8083 - registration status: 204
2025-08-30 11:12:47.417 [HikariPool-1 connection closer] DEBUG com.zaxxer.hikari.pool.PoolBase:[quietlyCloseConnection:133] - HikariPool-1 - Closing connection com.mysql.cj.jdbc.ConnectionImpl@6759fb57: (connection evicted)
2025-08-30 11:12:47.417 [HikariPool-1 connection closer] DEBUG com.zaxxer.hikari.pool.PoolBase:[quietlyCloseConnection:133] - HikariPool-1 - Closing connection com.mysql.cj.jdbc.ConnectionImpl@2664f16c: (connection evicted)
2025-08-30 11:12:47.417 [HikariPool-1 connection closer] DEBUG com.zaxxer.hikari.pool.PoolBase:[quietlyCloseConnection:133] - HikariPool-1 - Closing connection com.mysql.cj.jdbc.ConnectionImpl@1708d4fc: (connection evicted)
2025-08-30 11:12:47.417 [HikariPool-1 connection closer] DEBUG com.zaxxer.hikari.pool.PoolBase:[quietlyCloseConnection:133] - HikariPool-1 - Closing connection com.mysql.cj.jdbc.ConnectionImpl@464b0e23: (connection evicted)
2025-08-30 11:12:47.418 [HikariPool-1 connection closer] DEBUG com.zaxxer.hikari.pool.PoolBase:[quietlyCloseConnection:133] - HikariPool-1 - Closing connection com.mysql.cj.jdbc.ConnectionImpl@30a95967: (connection evicted)
2025-08-30 11:12:47.418 [HikariPool-1 connection closer] DEBUG com.zaxxer.hikari.pool.PoolBase:[quietlyCloseConnection:133] - HikariPool-1 - Closing connection com.mysql.cj.jdbc.ConnectionImpl@4205b4c1: (connection evicted)
2025-08-30 11:12:47.418 [HikariPool-1 connection closer] DEBUG com.zaxxer.hikari.pool.PoolBase:[quietlyCloseConnection:133] - HikariPool-1 - Closing connection com.mysql.cj.jdbc.ConnectionImpl@6761e9cb: (connection evicted)
2025-08-30 11:12:47.418 [HikariPool-1 connection closer] DEBUG com.zaxxer.hikari.pool.PoolBase:[quietlyCloseConnection:133] - HikariPool-1 - Closing connection com.mysql.cj.jdbc.ConnectionImpl@58c7d558: (connection evicted)
2025-08-30 11:12:47.418 [HikariPool-1 connection closer] DEBUG com.zaxxer.hikari.pool.PoolBase:[quietlyCloseConnection:133] - HikariPool-1 - Closing connection com.mysql.cj.jdbc.ConnectionImpl@62609ae5: (connection evicted)
2025-08-30 11:12:47.419 [SpringApplicationShutdownHook] DEBUG com.zaxxer.hikari.pool.HikariPool:[logPoolState:405] - HikariPool-1 - After shutdown stats (total=0, active=0, idle=0, waiting=0)
2025-08-30 11:12:47.419 [SpringApplicationShutdownHook] INFO  com.zaxxer.hikari.HikariDataSource:[close:351] - HikariPool-1 - Shutdown completed.
2025-08-30 11:12:47.419 [SpringApplicationShutdownHook] INFO  com.netflix.discovery.DiscoveryClient:[shutdown:887] - Shutting down DiscoveryClient ...
2025-08-30 11:12:50.432 [SpringApplicationShutdownHook] INFO  com.netflix.discovery.DiscoveryClient:[unregister:918] - Unregistering ...
2025-08-30 11:12:50.457 [SpringApplicationShutdownHook] INFO  com.netflix.discovery.DiscoveryClient:[unregister:920] - DiscoveryClient_STORE-SERVICE/SS11041203:store-service:8083 - deregister  status: 200
2025-08-30 11:12:50.457 [SpringApplicationShutdownHook] INFO  com.netflix.discovery.DiscoveryClient:[shutdown:907] - Completed shut down of DiscoveryClient
2025-08-30 11:12:53.543 [main] INFO  com.blm.store.StoreApplication:[logStarting:50] - Starting StoreApplication using Java 21.0.8 with PID 32996 (D:\BUAA\大二暑假\BLM\store-service\target\classes started by Lenovo in D:\BUAA\大二暑假\BLM)
2025-08-30 11:12:53.544 [main] DEBUG com.blm.store.StoreApplication:[logStarting:51] - Running with Spring Boot v3.3.3, Spring v6.1.12
2025-08-30 11:12:53.545 [main] INFO  com.blm.store.StoreApplication:[logStartupProfileInfo:660] - The following 1 profile is active: "dev"
2025-08-30 11:12:53.871 [main] DEBUG o.s.cloud.openfeign.FeignClientsRegistrar$1:[scanCandidateComponents:476] - Identified candidate component class: file [D:\BUAA\大二暑假\BLM\common\target\classes\com\blm\common\feign\OrderServiceClient.class]
2025-08-30 11:12:53.871 [main] DEBUG o.s.cloud.openfeign.FeignClientsRegistrar$1:[scanCandidateComponents:476] - Identified candidate component class: file [D:\BUAA\大二暑假\BLM\common\target\classes\com\blm\common\feign\RiderServiceClient.class]
2025-08-30 11:12:53.871 [main] DEBUG o.s.cloud.openfeign.FeignClientsRegistrar$1:[scanCandidateComponents:476] - Identified candidate component class: file [D:\BUAA\大二暑假\BLM\common\target\classes\com\blm\common\feign\StoreServiceClient.class]
2025-08-30 11:12:53.871 [main] DEBUG o.s.cloud.openfeign.FeignClientsRegistrar$1:[scanCandidateComponents:476] - Identified candidate component class: file [D:\BUAA\大二暑假\BLM\common\target\classes\com\blm\common\feign\UserServiceClient.class]
2025-08-30 11:12:53.938 [main] DEBUG o.m.s.boot.autoconfigure.MybatisAutoConfiguration:[registerBeanDefinitions:247] - Searching for mappers annotated with @Mapper
2025-08-30 11:12:53.939 [main] DEBUG o.m.s.boot.autoconfigure.MybatisAutoConfiguration:[lambda$registerBeanDefinitions$0:251] - Using auto-configuration base package 'com.blm.store'
2025-08-30 11:12:54.063 [main] DEBUG org.apache.ibatis.logging.LogFactory:[setImplementation:112] - Logging initialized using 'class org.apache.ibatis.logging.slf4j.Slf4jImpl' adapter.
2025-08-30 11:12:54.065 [main] DEBUG org.mybatis.spring.mapper.ClassPathMapperScanner:[scanCandidateComponents:476] - Identified candidate component class: file [D:\BUAA\大二暑假\BLM\store-service\target\classes\com\blm\store\repository\FoodCategoryRepository.class]
2025-08-30 11:12:54.066 [main] DEBUG org.mybatis.spring.mapper.ClassPathMapperScanner:[scanCandidateComponents:476] - Identified candidate component class: file [D:\BUAA\大二暑假\BLM\store-service\target\classes\com\blm\store\repository\FoodRepository.class]
2025-08-30 11:12:54.066 [main] DEBUG org.mybatis.spring.mapper.ClassPathMapperScanner:[scanCandidateComponents:476] - Identified candidate component class: file [D:\BUAA\大二暑假\BLM\store-service\target\classes\com\blm\store\repository\PromotionRepository.class]
2025-08-30 11:12:54.066 [main] DEBUG org.mybatis.spring.mapper.ClassPathMapperScanner:[scanCandidateComponents:476] - Identified candidate component class: file [D:\BUAA\大二暑假\BLM\store-service\target\classes\com\blm\store\repository\StoreCategoryRepository.class]
2025-08-30 11:12:54.066 [main] DEBUG org.mybatis.spring.mapper.ClassPathMapperScanner:[scanCandidateComponents:476] - Identified candidate component class: file [D:\BUAA\大二暑假\BLM\store-service\target\classes\com\blm\store\repository\StoreRepository.class]
2025-08-30 11:12:54.067 [main] DEBUG org.mybatis.spring.mapper.ClassPathMapperScanner:[debug:49] - Creating MapperFactoryBean with name 'foodCategoryRepository' and 'com.blm.store.repository.FoodCategoryRepository' mapperInterface
2025-08-30 11:12:54.068 [main] DEBUG org.mybatis.spring.mapper.ClassPathMapperScanner:[debug:49] - Creating MapperFactoryBean with name 'foodRepository' and 'com.blm.store.repository.FoodRepository' mapperInterface
2025-08-30 11:12:54.068 [main] DEBUG org.mybatis.spring.mapper.ClassPathMapperScanner:[debug:49] - Creating MapperFactoryBean with name 'promotionRepository' and 'com.blm.store.repository.PromotionRepository' mapperInterface
2025-08-30 11:12:54.068 [main] DEBUG org.mybatis.spring.mapper.ClassPathMapperScanner:[debug:49] - Creating MapperFactoryBean with name 'storeCategoryRepository' and 'com.blm.store.repository.StoreCategoryRepository' mapperInterface
2025-08-30 11:12:54.068 [main] DEBUG org.mybatis.spring.mapper.ClassPathMapperScanner:[debug:49] - Creating MapperFactoryBean with name 'storeRepository' and 'com.blm.store.repository.StoreRepository' mapperInterface
2025-08-30 11:12:54.119 [main] INFO  o.springframework.cloud.context.scope.GenericScope:[setSerializationId:282] - BeanFactory id=9af39289-17b3-3793-86a2-4e31d680bb05
2025-08-30 11:12:54.227 [main] WARN  o.s.c.s.PostProcessorRegistrationDelegate$BeanPostProcessorChecker:[postProcessAfterInitialization:429] - Bean 'org.springframework.cloud.client.loadbalancer.LoadBalancerAutoConfiguration$DeferringLoadBalancerInterceptorConfig' of type [org.springframework.cloud.client.loadbalancer.LoadBalancerAutoConfiguration$DeferringLoadBalancerInterceptorConfig] is not eligible for getting processed by all BeanPostProcessors (for example: not eligible for auto-proxying). The currently created BeanPostProcessor [lbRestClientPostProcessor] is declared through a non-static factory method on that class; consider declaring it as static instead.
2025-08-30 11:12:54.228 [main] WARN  o.s.c.s.PostProcessorRegistrationDelegate$BeanPostProcessorChecker:[postProcessAfterInitialization:437] - Bean 'deferringLoadBalancerInterceptor' of type [org.springframework.cloud.client.loadbalancer.DeferringLoadBalancerInterceptor] is not eligible for getting processed by all BeanPostProcessors (for example: not eligible for auto-proxying). Is this bean getting eagerly injected into a currently created BeanPostProcessor [lbRestClientPostProcessor]? Check the corresponding BeanPostProcessor declaration and its dependencies.
2025-08-30 11:12:54.349 [main] INFO  o.s.boot.web.embedded.tomcat.TomcatWebServer:[initialize:111] - Tomcat initialized with port 8083 (http)
2025-08-30 11:12:54.357 [main] INFO  org.apache.catalina.core.StandardService:[log:173] - Starting service [Tomcat]
2025-08-30 11:12:54.358 [main] INFO  org.apache.catalina.core.StandardEngine:[log:173] - Starting Servlet engine: [Apache Tomcat/10.1.28]
2025-08-30 11:12:54.404 [main] INFO  o.a.c.core.ContainerBase.[Tomcat].[localhost].[/]:[log:173] - Initializing Spring embedded WebApplicationContext
2025-08-30 11:12:54.404 [main] INFO  o.s.b.w.s.c.ServletWebServerApplicationContext:[prepareWebApplicationContext:296] - Root WebApplicationContext: initialization completed in 832 ms
2025-08-30 11:12:54.440 [main] DEBUG com.zaxxer.hikari.HikariConfig:[attemptFromContextLoader:974] - Driver class com.mysql.cj.jdbc.Driver found in Thread context class loader jdk.internal.loader.ClassLoaders$AppClassLoader@36baf30c
2025-08-30 11:12:54.452 [main] DEBUG o.springframework.jdbc.datasource.DataSourceUtils:[doGetConnection:117] - Fetching JDBC Connection from DataSource
2025-08-30 11:12:54.453 [main] DEBUG com.zaxxer.hikari.HikariConfig:[logConfiguration:1106] - HikariPool-1 - configuration:
2025-08-30 11:12:54.454 [main] DEBUG com.zaxxer.hikari.HikariConfig:[logConfiguration:1138] - allowPoolSuspension.............false
2025-08-30 11:12:54.455 [main] DEBUG com.zaxxer.hikari.HikariConfig:[logConfiguration:1138] - autoCommit......................true
2025-08-30 11:12:54.456 [main] DEBUG com.zaxxer.hikari.HikariConfig:[logConfiguration:1138] - catalog.........................none
2025-08-30 11:12:54.456 [main] DEBUG com.zaxxer.hikari.HikariConfig:[logConfiguration:1138] - connectionInitSql...............none
2025-08-30 11:12:54.456 [main] DEBUG com.zaxxer.hikari.HikariConfig:[logConfiguration:1138] - connectionTestQuery.............none
2025-08-30 11:12:54.456 [main] DEBUG com.zaxxer.hikari.HikariConfig:[logConfiguration:1138] - connectionTimeout...............30000
2025-08-30 11:12:54.456 [main] DEBUG com.zaxxer.hikari.HikariConfig:[logConfiguration:1138] - dataSource......................none
2025-08-30 11:12:54.456 [main] DEBUG com.zaxxer.hikari.HikariConfig:[logConfiguration:1138] - dataSourceClassName.............none
2025-08-30 11:12:54.457 [main] DEBUG com.zaxxer.hikari.HikariConfig:[logConfiguration:1138] - dataSourceJNDI..................none
2025-08-30 11:12:54.457 [main] DEBUG com.zaxxer.hikari.HikariConfig:[logConfiguration:1138] - dataSourceProperties............{password=<masked>}
2025-08-30 11:12:54.457 [main] DEBUG com.zaxxer.hikari.HikariConfig:[logConfiguration:1138] - driverClassName................."com.mysql.cj.jdbc.Driver"
2025-08-30 11:12:54.457 [main] DEBUG com.zaxxer.hikari.HikariConfig:[logConfiguration:1138] - exceptionOverrideClassName......none
2025-08-30 11:12:54.457 [main] DEBUG com.zaxxer.hikari.HikariConfig:[logConfiguration:1138] - healthCheckProperties...........{}
2025-08-30 11:12:54.457 [main] DEBUG com.zaxxer.hikari.HikariConfig:[logConfiguration:1138] - healthCheckRegistry.............none
2025-08-30 11:12:54.458 [main] DEBUG com.zaxxer.hikari.HikariConfig:[logConfiguration:1138] - idleTimeout.....................600000
2025-08-30 11:12:54.458 [main] DEBUG com.zaxxer.hikari.HikariConfig:[logConfiguration:1138] - initializationFailTimeout.......1
2025-08-30 11:12:54.458 [main] DEBUG com.zaxxer.hikari.HikariConfig:[logConfiguration:1138] - isolateInternalQueries..........false
2025-08-30 11:12:54.458 [main] DEBUG com.zaxxer.hikari.HikariConfig:[logConfiguration:1138] - jdbcUrl.........................jdbc:mysql://localhost:3306/store_db?useUnicode=true&characterEncoding=utf-8&useSSL=false&serverTimezone=UTC
2025-08-30 11:12:54.458 [main] DEBUG com.zaxxer.hikari.HikariConfig:[logConfiguration:1138] - keepaliveTime...................0
2025-08-30 11:12:54.458 [main] DEBUG com.zaxxer.hikari.HikariConfig:[logConfiguration:1138] - leakDetectionThreshold..........0
2025-08-30 11:12:54.458 [main] DEBUG com.zaxxer.hikari.HikariConfig:[logConfiguration:1138] - maxLifetime.....................1800000
2025-08-30 11:12:54.458 [main] DEBUG com.zaxxer.hikari.HikariConfig:[logConfiguration:1138] - maximumPoolSize.................10
2025-08-30 11:12:54.458 [main] DEBUG com.zaxxer.hikari.HikariConfig:[logConfiguration:1138] - metricRegistry..................none
2025-08-30 11:12:54.459 [main] DEBUG com.zaxxer.hikari.HikariConfig:[logConfiguration:1138] - metricsTrackerFactory...........none
2025-08-30 11:12:54.459 [main] DEBUG com.zaxxer.hikari.HikariConfig:[logConfiguration:1138] - minimumIdle.....................10
2025-08-30 11:12:54.459 [main] DEBUG com.zaxxer.hikari.HikariConfig:[logConfiguration:1138] - password........................<masked>
2025-08-30 11:12:54.459 [main] DEBUG com.zaxxer.hikari.HikariConfig:[logConfiguration:1138] - poolName........................"HikariPool-1"
2025-08-30 11:12:54.459 [main] DEBUG com.zaxxer.hikari.HikariConfig:[logConfiguration:1138] - readOnly........................false
2025-08-30 11:12:54.459 [main] DEBUG com.zaxxer.hikari.HikariConfig:[logConfiguration:1138] - registerMbeans..................false
2025-08-30 11:12:54.459 [main] DEBUG com.zaxxer.hikari.HikariConfig:[logConfiguration:1138] - scheduledExecutor...............none
2025-08-30 11:12:54.459 [main] DEBUG com.zaxxer.hikari.HikariConfig:[logConfiguration:1138] - schema..........................none
2025-08-30 11:12:54.460 [main] DEBUG com.zaxxer.hikari.HikariConfig:[logConfiguration:1138] - threadFactory...................internal
2025-08-30 11:12:54.460 [main] DEBUG com.zaxxer.hikari.HikariConfig:[logConfiguration:1138] - transactionIsolation............default
2025-08-30 11:12:54.460 [main] DEBUG com.zaxxer.hikari.HikariConfig:[logConfiguration:1138] - username........................"root"
2025-08-30 11:12:54.460 [main] DEBUG com.zaxxer.hikari.HikariConfig:[logConfiguration:1138] - validationTimeout...............5000
2025-08-30 11:12:54.460 [main] INFO  com.zaxxer.hikari.HikariDataSource:[getConnection:109] - HikariPool-1 - Starting...
2025-08-30 11:12:54.555 [main] INFO  com.zaxxer.hikari.pool.HikariPool:[checkFailFast:554] - HikariPool-1 - Added connection com.mysql.cj.jdbc.ConnectionImpl@3b8507df
2025-08-30 11:12:54.557 [main] INFO  com.zaxxer.hikari.HikariDataSource:[getConnection:122] - HikariPool-1 - Start completed.
2025-08-30 11:12:54.644 [main] DEBUG org.mybatis.spring.SqlSessionFactoryBean:[debug:49] - Parsed mapper file: 'file [D:\BUAA\大二暑假\BLM\store-service\target\classes\mapper\FoodMapper.xml]'
2025-08-30 11:12:54.650 [main] DEBUG org.mybatis.spring.SqlSessionFactoryBean:[debug:49] - Parsed mapper file: 'file [D:\BUAA\大二暑假\BLM\store-service\target\classes\mapper\PromotionMapper.xml]'
2025-08-30 11:12:54.659 [main] DEBUG org.mybatis.spring.SqlSessionFactoryBean:[debug:49] - Parsed mapper file: 'file [D:\BUAA\大二暑假\BLM\store-service\target\classes\mapper\StoreMapper.xml]'
2025-08-30 11:12:54.663 [HikariPool-1 housekeeper] DEBUG com.zaxxer.hikari.pool.HikariPool:[logPoolState:405] - HikariPool-1 - Pool stats (total=1, active=0, idle=1, waiting=0)
2025-08-30 11:12:54.666 [HikariPool-1 connection adder] DEBUG com.zaxxer.hikari.pool.HikariPool:[call:728] - HikariPool-1 - Added connection com.mysql.cj.jdbc.ConnectionImpl@1c86a146
2025-08-30 11:12:54.667 [main] DEBUG o.s.cloud.openfeign.FeignClientFactoryBean:[<init>:125] - Creating a FeignClientFactoryBean.
2025-08-30 11:12:54.711 [HikariPool-1 connection adder] DEBUG com.zaxxer.hikari.pool.HikariPool:[logPoolState:405] - HikariPool-1 - After adding stats (total=2, active=0, idle=2, waiting=0)
2025-08-30 11:12:54.715 [HikariPool-1 connection adder] DEBUG com.zaxxer.hikari.pool.HikariPool:[call:728] - HikariPool-1 - Added connection com.mysql.cj.jdbc.ConnectionImpl@5dbbab7d
2025-08-30 11:12:54.758 [HikariPool-1 connection adder] DEBUG com.zaxxer.hikari.pool.HikariPool:[logPoolState:405] - HikariPool-1 - After adding stats (total=3, active=0, idle=3, waiting=0)
2025-08-30 11:12:54.761 [HikariPool-1 connection adder] DEBUG com.zaxxer.hikari.pool.HikariPool:[call:728] - HikariPool-1 - Added connection com.mysql.cj.jdbc.ConnectionImpl@6cac327f
2025-08-30 11:12:54.805 [HikariPool-1 connection adder] DEBUG com.zaxxer.hikari.pool.HikariPool:[logPoolState:405] - HikariPool-1 - After adding stats (total=4, active=0, idle=4, waiting=0)
2025-08-30 11:12:54.808 [HikariPool-1 connection adder] DEBUG com.zaxxer.hikari.pool.HikariPool:[call:728] - HikariPool-1 - Added connection com.mysql.cj.jdbc.ConnectionImpl@3d945432
2025-08-30 11:12:54.820 [main] INFO  o.s.cloud.openfeign.FeignClientFactoryBean:[getTarget:468] - For 'order-service' URL not provided. Will try picking an instance via load-balancing.
2025-08-30 11:12:54.851 [HikariPool-1 connection adder] DEBUG com.zaxxer.hikari.pool.HikariPool:[logPoolState:405] - HikariPool-1 - After adding stats (total=5, active=0, idle=5, waiting=0)
2025-08-30 11:12:54.854 [HikariPool-1 connection adder] DEBUG com.zaxxer.hikari.pool.HikariPool:[call:728] - HikariPool-1 - Added connection com.mysql.cj.jdbc.ConnectionImpl@3c1b7e76
2025-08-30 11:12:54.886 [main] DEBUG o.s.cloud.openfeign.FeignClientFactoryBean:[<init>:125] - Creating a FeignClientFactoryBean.
2025-08-30 11:12:54.894 [main] INFO  o.s.cloud.openfeign.FeignClientFactoryBean:[getTarget:468] - For 'user-service' URL not provided. Will try picking an instance via load-balancing.
2025-08-30 11:12:54.899 [HikariPool-1 connection adder] DEBUG com.zaxxer.hikari.pool.HikariPool:[logPoolState:405] - HikariPool-1 - After adding stats (total=6, active=0, idle=6, waiting=0)
2025-08-30 11:12:54.901 [HikariPool-1 connection adder] DEBUG com.zaxxer.hikari.pool.HikariPool:[call:728] - HikariPool-1 - Added connection com.mysql.cj.jdbc.ConnectionImpl@39da8d0f
2025-08-30 11:12:54.912 [main] DEBUG o.s.cloud.openfeign.FeignClientFactoryBean:[<init>:125] - Creating a FeignClientFactoryBean.
2025-08-30 11:12:54.913 [main] DEBUG o.s.cloud.openfeign.FeignClientFactoryBean:[<init>:125] - Creating a FeignClientFactoryBean.
2025-08-30 11:12:54.932 [HikariPool-1 connection adder] DEBUG com.zaxxer.hikari.pool.HikariPool:[logPoolState:405] - HikariPool-1 - After adding stats (total=7, active=0, idle=7, waiting=0)
2025-08-30 11:12:54.935 [HikariPool-1 connection adder] DEBUG com.zaxxer.hikari.pool.HikariPool:[call:728] - HikariPool-1 - Added connection com.mysql.cj.jdbc.ConnectionImpl@23ee5fcb
2025-08-30 11:12:54.978 [HikariPool-1 connection adder] DEBUG com.zaxxer.hikari.pool.HikariPool:[logPoolState:405] - HikariPool-1 - After adding stats (total=8, active=0, idle=8, waiting=0)
2025-08-30 11:12:54.981 [HikariPool-1 connection adder] DEBUG com.zaxxer.hikari.pool.HikariPool:[call:728] - HikariPool-1 - Added connection com.mysql.cj.jdbc.ConnectionImpl@6b257de4
2025-08-30 11:12:55.026 [HikariPool-1 connection adder] DEBUG com.zaxxer.hikari.pool.HikariPool:[logPoolState:405] - HikariPool-1 - After adding stats (total=9, active=0, idle=9, waiting=0)
2025-08-30 11:12:55.029 [HikariPool-1 connection adder] DEBUG com.zaxxer.hikari.pool.HikariPool:[call:728] - HikariPool-1 - Added connection com.mysql.cj.jdbc.ConnectionImpl@75c504aa
2025-08-30 11:12:55.073 [HikariPool-1 connection adder] DEBUG com.zaxxer.hikari.pool.HikariPool:[logPoolState:405] - HikariPool-1 - After adding stats (total=10, active=0, idle=10, waiting=0)
2025-08-30 11:12:55.077 [main] DEBUG o.m.s.boot.autoconfigure.MybatisAutoConfiguration:[afterPropertiesSet:319] - Not found configuration for registering mapper bean using @MapperScan, MapperFactoryBean and MapperScannerConfigurer.
2025-08-30 11:12:55.184 [main] INFO  o.s.c.n.e.c.DiscoveryClientOptionalArgsConfiguration:[restTemplateDiscoveryClientOptionalArgs:80] - Eureka HTTP Client uses RestTemplate.
2025-08-30 11:12:55.195 [main] WARN  o.s.c.l.c.LoadBalancerCacheAutoConfiguration$LoadBalancerCaffeineWarnLogger:[afterPropertiesSet:94] - Spring Cloud LoadBalancer is currently working with the default cache. While this cache implementation is useful for development and tests, it's recommended to use Caffeine cache in production.You can switch to using Caffeine cache, by adding it and org.springframework.cache.caffeine.CaffeineCacheManager to the classpath.
2025-08-30 11:12:55.224 [main] INFO  o.s.cloud.netflix.eureka.InstanceInfoFactory:[create:67] - Setting initial instance status as: STARTING
2025-08-30 11:12:55.237 [main] INFO  com.netflix.discovery.DiscoveryClient:[<init>:329] - Initializing Eureka in region us-east-1
2025-08-30 11:12:55.239 [main] INFO  c.n.d.shared.resolver.aws.ConfigClusterResolver:[getClusterEndpoints:43] - Resolving eureka endpoints via configuration
2025-08-30 11:12:55.244 [main] INFO  com.netflix.discovery.DiscoveryClient:[fetchRegistry:954] - Disable delta property : false
2025-08-30 11:12:55.244 [main] INFO  com.netflix.discovery.DiscoveryClient:[fetchRegistry:955] - Single vip registry refresh property : null
2025-08-30 11:12:55.244 [main] INFO  com.netflix.discovery.DiscoveryClient:[fetchRegistry:956] - Force full registry fetch : false
2025-08-30 11:12:55.244 [main] INFO  com.netflix.discovery.DiscoveryClient:[fetchRegistry:957] - Application is null : false
2025-08-30 11:12:55.244 [main] INFO  com.netflix.discovery.DiscoveryClient:[fetchRegistry:958] - Registered Applications size is zero : true
2025-08-30 11:12:55.244 [main] INFO  com.netflix.discovery.DiscoveryClient:[fetchRegistry:960] - Application version is -1: true
2025-08-30 11:12:55.245 [main] INFO  com.netflix.discovery.DiscoveryClient:[getAndStoreFullRegistry:1042] - Getting all instance registry info from the eureka server
2025-08-30 11:12:55.441 [main] INFO  com.netflix.discovery.DiscoveryClient:[getAndStoreFullRegistry:1051] - The response status is 200
2025-08-30 11:12:55.442 [main] INFO  com.netflix.discovery.DiscoveryClient:[initScheduledTasks:1266] - Starting heartbeat executor: renew interval is: 10
2025-08-30 11:12:55.443 [main] INFO  com.netflix.discovery.InstanceInfoReplicator:[<init>:64] - InstanceInfoReplicator onDemand update allowed rate per min is 4
2025-08-30 11:12:55.444 [main] INFO  com.netflix.discovery.DiscoveryClient:[<init>:455] - Discovery Client initialized at timestamp 1756523575444 with initial instances count: 1
2025-08-30 11:12:55.446 [main] INFO  o.s.c.n.e.serviceregistry.EurekaServiceRegistry:[register:70] - Registering application STORE-SERVICE with eureka with status UP
2025-08-30 11:12:55.446 [main] INFO  com.netflix.discovery.DiscoveryClient:[notify:1297] - Saw local status change event StatusChangeEvent [timestamp=1756523575446, current=UP, previous=STARTING]
2025-08-30 11:12:55.447 [DiscoveryClient-InstanceInfoReplicator-%d] INFO  com.netflix.discovery.DiscoveryClient:[register:825] - DiscoveryClient_STORE-SERVICE/SS11041203:store-service:8083: registering service...
2025-08-30 11:12:55.457 [main] INFO  o.s.boot.web.embedded.tomcat.TomcatWebServer:[start:243] - Tomcat started on port 8083 (http) with context path '/'
2025-08-30 11:12:55.458 [main] INFO  o.s.c.n.e.s.EurekaAutoServiceRegistration:[onApplicationEvent:150] - Updating port to 8083
2025-08-30 11:12:55.467 [main] INFO  com.blm.store.StoreApplication:[logStarted:56] - Started StoreApplication in 2.17 seconds (process running for 2.553)
2025-08-30 11:12:55.467 [DiscoveryClient-InstanceInfoReplicator-%d] INFO  com.netflix.discovery.DiscoveryClient:[register:834] - DiscoveryClient_STORE-SERVICE/SS11041203:store-service:8083 - registration status: 204
2025-08-30 11:13:24.665 [HikariPool-1 housekeeper] DEBUG com.zaxxer.hikari.pool.HikariPool:[logPoolState:405] - HikariPool-1 - Pool stats (total=10, active=0, idle=10, waiting=0)
2025-08-30 11:13:24.665 [HikariPool-1 housekeeper] DEBUG com.zaxxer.hikari.pool.HikariPool:[fillPool:510] - HikariPool-1 - Fill pool skipped, pool has sufficient level or currently being filled.
2025-08-30 11:13:38.101 [http-nio-8083-exec-2] INFO  o.a.c.core.ContainerBase.[Tomcat].[localhost].[/]:[log:173] - Initializing Spring DispatcherServlet 'dispatcherServlet'
2025-08-30 11:13:38.102 [http-nio-8083-exec-2] INFO  org.springframework.web.servlet.DispatcherServlet:[initServletBean:532] - Initializing Servlet 'dispatcherServlet'
2025-08-30 11:13:38.102 [http-nio-8083-exec-2] INFO  org.springframework.web.servlet.DispatcherServlet:[initServletBean:554] - Completed initialization in 0 ms
2025-08-30 11:13:38.137 [http-nio-8083-exec-2] DEBUG o.springframework.jdbc.datasource.DataSourceUtils:[doGetConnection:117] - Fetching JDBC Connection from DataSource
2025-08-30 11:13:54.680 [HikariPool-1 housekeeper] DEBUG com.zaxxer.hikari.pool.HikariPool:[logPoolState:405] - HikariPool-1 - Pool stats (total=10, active=0, idle=10, waiting=0)
2025-08-30 11:13:54.680 [HikariPool-1 housekeeper] DEBUG com.zaxxer.hikari.pool.HikariPool:[fillPool:510] - HikariPool-1 - Fill pool skipped, pool has sufficient level or currently being filled.
2025-08-30 11:14:24.690 [HikariPool-1 housekeeper] DEBUG com.zaxxer.hikari.pool.HikariPool:[logPoolState:405] - HikariPool-1 - Pool stats (total=10, active=0, idle=10, waiting=0)
2025-08-30 11:14:24.691 [HikariPool-1 housekeeper] DEBUG com.zaxxer.hikari.pool.HikariPool:[fillPool:510] - HikariPool-1 - Fill pool skipped, pool has sufficient level or currently being filled.
2025-08-30 11:14:54.705 [HikariPool-1 housekeeper] DEBUG com.zaxxer.hikari.pool.HikariPool:[logPoolState:405] - HikariPool-1 - Pool stats (total=10, active=0, idle=10, waiting=0)
2025-08-30 11:14:54.705 [HikariPool-1 housekeeper] DEBUG com.zaxxer.hikari.pool.HikariPool:[fillPool:510] - HikariPool-1 - Fill pool skipped, pool has sufficient level or currently being filled.
2025-08-30 11:15:21.531 [http-nio-8083-exec-4] DEBUG o.springframework.jdbc.datasource.DataSourceUtils:[doGetConnection:117] - Fetching JDBC Connection from DataSource
2025-08-30 11:15:24.721 [HikariPool-1 housekeeper] DEBUG com.zaxxer.hikari.pool.HikariPool:[logPoolState:405] - HikariPool-1 - Pool stats (total=10, active=0, idle=10, waiting=0)
2025-08-30 11:15:24.721 [HikariPool-1 housekeeper] DEBUG com.zaxxer.hikari.pool.HikariPool:[fillPool:510] - HikariPool-1 - Fill pool skipped, pool has sufficient level or currently being filled.
2025-08-30 11:15:54.732 [HikariPool-1 housekeeper] DEBUG com.zaxxer.hikari.pool.HikariPool:[logPoolState:405] - HikariPool-1 - Pool stats (total=10, active=0, idle=10, waiting=0)
2025-08-30 11:15:54.732 [HikariPool-1 housekeeper] DEBUG com.zaxxer.hikari.pool.HikariPool:[fillPool:510] - HikariPool-1 - Fill pool skipped, pool has sufficient level or currently being filled.
2025-08-30 11:16:23.629 [http-nio-8083-exec-8] DEBUG o.springframework.jdbc.datasource.DataSourceUtils:[doGetConnection:117] - Fetching JDBC Connection from DataSource
2025-08-30 11:16:24.740 [HikariPool-1 housekeeper] DEBUG com.zaxxer.hikari.pool.HikariPool:[logPoolState:405] - HikariPool-1 - Pool stats (total=10, active=0, idle=10, waiting=0)
2025-08-30 11:16:24.740 [HikariPool-1 housekeeper] DEBUG com.zaxxer.hikari.pool.HikariPool:[fillPool:510] - HikariPool-1 - Fill pool skipped, pool has sufficient level or currently being filled.
2025-08-30 11:16:37.700 [http-nio-8083-exec-9] DEBUG o.s.jdbc.support.JdbcTransactionManager:[getTransaction:402] - Creating new transaction with name [com.blm.store.service.impl.MerchantStoreServiceImpl.updateStore]: PROPAGATION_REQUIRED,ISOLATION_DEFAULT
2025-08-30 11:16:37.702 [http-nio-8083-exec-9] DEBUG o.s.jdbc.support.JdbcTransactionManager:[doBegin:271] - Acquired Connection [HikariProxyConnection@895373006 wrapping com.mysql.cj.jdbc.ConnectionImpl@3b8507df] for JDBC transaction
2025-08-30 11:16:37.703 [http-nio-8083-exec-9] DEBUG o.s.jdbc.support.JdbcTransactionManager:[doBegin:289] - Switching JDBC Connection [HikariProxyConnection@895373006 wrapping com.mysql.cj.jdbc.ConnectionImpl@3b8507df] to manual commit
2025-08-30 11:16:37.739 [http-nio-8083-exec-9] DEBUG o.s.jdbc.support.JdbcTransactionManager:[processCommit:790] - Initiating transaction commit
2025-08-30 11:16:37.739 [http-nio-8083-exec-9] DEBUG o.s.jdbc.support.JdbcTransactionManager:[doCommit:334] - Committing JDBC transaction on Connection [HikariProxyConnection@895373006 wrapping com.mysql.cj.jdbc.ConnectionImpl@3b8507df]
2025-08-30 11:16:37.747 [http-nio-8083-exec-9] DEBUG o.s.jdbc.support.JdbcTransactionManager:[doCleanupAfterCompletion:393] - Releasing JDBC Connection [HikariProxyConnection@895373006 wrapping com.mysql.cj.jdbc.ConnectionImpl@3b8507df] after transaction
2025-08-30 11:16:54.754 [HikariPool-1 housekeeper] DEBUG com.zaxxer.hikari.pool.HikariPool:[logPoolState:405] - HikariPool-1 - Pool stats (total=10, active=0, idle=10, waiting=0)
2025-08-30 11:16:54.754 [HikariPool-1 housekeeper] DEBUG com.zaxxer.hikari.pool.HikariPool:[fillPool:510] - HikariPool-1 - Fill pool skipped, pool has sufficient level or currently being filled.
2025-08-30 11:17:24.762 [HikariPool-1 housekeeper] DEBUG com.zaxxer.hikari.pool.HikariPool:[logPoolState:405] - HikariPool-1 - Pool stats (total=10, active=0, idle=10, waiting=0)
2025-08-30 11:17:24.762 [HikariPool-1 housekeeper] DEBUG com.zaxxer.hikari.pool.HikariPool:[fillPool:510] - HikariPool-1 - Fill pool skipped, pool has sufficient level or currently being filled.
2025-08-30 11:17:54.773 [HikariPool-1 housekeeper] DEBUG com.zaxxer.hikari.pool.HikariPool:[logPoolState:405] - HikariPool-1 - Pool stats (total=10, active=0, idle=10, waiting=0)
2025-08-30 11:17:54.774 [HikariPool-1 housekeeper] DEBUG com.zaxxer.hikari.pool.HikariPool:[fillPool:510] - HikariPool-1 - Fill pool skipped, pool has sufficient level or currently being filled.
2025-08-30 11:17:55.253 [AsyncResolver-bootstrap-executor-%d] INFO  c.n.d.shared.resolver.aws.ConfigClusterResolver:[getClusterEndpoints:43] - Resolving eureka endpoints via configuration
2025-08-30 11:18:24.790 [HikariPool-1 housekeeper] DEBUG com.zaxxer.hikari.pool.HikariPool:[logPoolState:405] - HikariPool-1 - Pool stats (total=10, active=0, idle=10, waiting=0)
2025-08-30 11:18:24.790 [HikariPool-1 housekeeper] DEBUG com.zaxxer.hikari.pool.HikariPool:[fillPool:510] - HikariPool-1 - Fill pool skipped, pool has sufficient level or currently being filled.
2025-08-30 11:18:54.794 [HikariPool-1 housekeeper] DEBUG com.zaxxer.hikari.pool.HikariPool:[logPoolState:405] - HikariPool-1 - Pool stats (total=10, active=0, idle=10, waiting=0)
2025-08-30 11:18:54.795 [HikariPool-1 housekeeper] DEBUG com.zaxxer.hikari.pool.HikariPool:[fillPool:510] - HikariPool-1 - Fill pool skipped, pool has sufficient level or currently being filled.
2025-08-30 11:19:24.811 [HikariPool-1 housekeeper] DEBUG com.zaxxer.hikari.pool.HikariPool:[logPoolState:405] - HikariPool-1 - Pool stats (total=10, active=0, idle=10, waiting=0)
2025-08-30 11:19:24.812 [HikariPool-1 housekeeper] DEBUG com.zaxxer.hikari.pool.HikariPool:[fillPool:510] - HikariPool-1 - Fill pool skipped, pool has sufficient level or currently being filled.
2025-08-30 11:19:37.186 [http-nio-8083-exec-5] DEBUG o.s.jdbc.support.JdbcTransactionManager:[getTransaction:402] - Creating new transaction with name [com.blm.store.service.impl.MerchantStoreServiceImpl.updateStatus]: PROPAGATION_REQUIRED,ISOLATION_DEFAULT
2025-08-30 11:19:37.187 [http-nio-8083-exec-5] DEBUG o.s.jdbc.support.JdbcTransactionManager:[doBegin:271] - Acquired Connection [HikariProxyConnection@1272847491 wrapping com.mysql.cj.jdbc.ConnectionImpl@3b8507df] for JDBC transaction
2025-08-30 11:19:37.187 [http-nio-8083-exec-5] DEBUG o.s.jdbc.support.JdbcTransactionManager:[doBegin:289] - Switching JDBC Connection [HikariProxyConnection@1272847491 wrapping com.mysql.cj.jdbc.ConnectionImpl@3b8507df] to manual commit
2025-08-30 11:19:37.192 [http-nio-8083-exec-5] DEBUG o.s.jdbc.support.JdbcTransactionManager:[processCommit:790] - Initiating transaction commit
2025-08-30 11:19:37.192 [http-nio-8083-exec-5] DEBUG o.s.jdbc.support.JdbcTransactionManager:[doCommit:334] - Committing JDBC transaction on Connection [HikariProxyConnection@1272847491 wrapping com.mysql.cj.jdbc.ConnectionImpl@3b8507df]
2025-08-30 11:19:37.198 [http-nio-8083-exec-5] DEBUG o.s.jdbc.support.JdbcTransactionManager:[doCleanupAfterCompletion:393] - Releasing JDBC Connection [HikariProxyConnection@1272847491 wrapping com.mysql.cj.jdbc.ConnectionImpl@3b8507df] after transaction
2025-08-30 11:19:54.820 [HikariPool-1 housekeeper] DEBUG com.zaxxer.hikari.pool.HikariPool:[logPoolState:405] - HikariPool-1 - Pool stats (total=10, active=0, idle=10, waiting=0)
2025-08-30 11:19:54.821 [HikariPool-1 housekeeper] DEBUG com.zaxxer.hikari.pool.HikariPool:[fillPool:510] - HikariPool-1 - Fill pool skipped, pool has sufficient level or currently being filled.
2025-08-30 11:20:24.825 [HikariPool-1 housekeeper] DEBUG com.zaxxer.hikari.pool.HikariPool:[logPoolState:405] - HikariPool-1 - Pool stats (total=10, active=0, idle=10, waiting=0)
2025-08-30 11:20:24.825 [HikariPool-1 housekeeper] DEBUG com.zaxxer.hikari.pool.HikariPool:[fillPool:510] - HikariPool-1 - Fill pool skipped, pool has sufficient level or currently being filled.
2025-08-30 11:20:54.837 [HikariPool-1 housekeeper] DEBUG com.zaxxer.hikari.pool.HikariPool:[logPoolState:405] - HikariPool-1 - Pool stats (total=10, active=0, idle=10, waiting=0)
2025-08-30 11:20:54.837 [HikariPool-1 housekeeper] DEBUG com.zaxxer.hikari.pool.HikariPool:[fillPool:510] - HikariPool-1 - Fill pool skipped, pool has sufficient level or currently being filled.
2025-08-30 11:21:24.843 [HikariPool-1 housekeeper] DEBUG com.zaxxer.hikari.pool.HikariPool:[logPoolState:405] - HikariPool-1 - Pool stats (total=10, active=0, idle=10, waiting=0)
2025-08-30 11:21:24.843 [HikariPool-1 housekeeper] DEBUG com.zaxxer.hikari.pool.HikariPool:[fillPool:510] - HikariPool-1 - Fill pool skipped, pool has sufficient level or currently being filled.
2025-08-30 11:21:54.860 [HikariPool-1 housekeeper] DEBUG com.zaxxer.hikari.pool.HikariPool:[logPoolState:405] - HikariPool-1 - Pool stats (total=10, active=0, idle=10, waiting=0)
2025-08-30 11:21:54.860 [HikariPool-1 housekeeper] DEBUG com.zaxxer.hikari.pool.HikariPool:[fillPool:510] - HikariPool-1 - Fill pool skipped, pool has sufficient level or currently being filled.
2025-08-30 11:22:24.872 [HikariPool-1 housekeeper] DEBUG com.zaxxer.hikari.pool.HikariPool:[logPoolState:405] - HikariPool-1 - Pool stats (total=10, active=0, idle=10, waiting=0)
2025-08-30 11:22:24.873 [HikariPool-1 housekeeper] DEBUG com.zaxxer.hikari.pool.HikariPool:[fillPool:510] - HikariPool-1 - Fill pool skipped, pool has sufficient level or currently being filled.
2025-08-30 11:22:54.884 [HikariPool-1 housekeeper] DEBUG com.zaxxer.hikari.pool.HikariPool:[logPoolState:405] - HikariPool-1 - Pool stats (total=10, active=0, idle=10, waiting=0)
2025-08-30 11:22:54.891 [HikariPool-1 housekeeper] DEBUG com.zaxxer.hikari.pool.HikariPool:[fillPool:510] - HikariPool-1 - Fill pool skipped, pool has sufficient level or currently being filled.
2025-08-30 11:22:55.255 [AsyncResolver-bootstrap-executor-%d] INFO  c.n.d.shared.resolver.aws.ConfigClusterResolver:[getClusterEndpoints:43] - Resolving eureka endpoints via configuration
2025-08-30 11:23:04.922 [http-nio-8083-exec-8] DEBUG o.s.jdbc.support.JdbcTransactionManager:[getTransaction:402] - Creating new transaction with name [com.blm.store.service.impl.MerchantFoodServiceImpl.createFood]: PROPAGATION_REQUIRED,ISOLATION_DEFAULT
2025-08-30 11:23:04.923 [http-nio-8083-exec-8] DEBUG o.s.jdbc.support.JdbcTransactionManager:[doBegin:271] - Acquired Connection [HikariProxyConnection@1207053586 wrapping com.mysql.cj.jdbc.ConnectionImpl@3b8507df] for JDBC transaction
2025-08-30 11:23:04.923 [http-nio-8083-exec-8] DEBUG o.s.jdbc.support.JdbcTransactionManager:[doBegin:289] - Switching JDBC Connection [HikariProxyConnection@1207053586 wrapping com.mysql.cj.jdbc.ConnectionImpl@3b8507df] to manual commit
2025-08-30 11:23:04.957 [http-nio-8083-exec-8] DEBUG o.s.jdbc.support.JdbcTransactionManager:[processCommit:790] - Initiating transaction commit
2025-08-30 11:23:04.958 [http-nio-8083-exec-8] DEBUG o.s.jdbc.support.JdbcTransactionManager:[doCommit:334] - Committing JDBC transaction on Connection [HikariProxyConnection@1207053586 wrapping com.mysql.cj.jdbc.ConnectionImpl@3b8507df]
2025-08-30 11:23:04.964 [http-nio-8083-exec-8] DEBUG o.s.jdbc.support.JdbcTransactionManager:[doCleanupAfterCompletion:393] - Releasing JDBC Connection [HikariProxyConnection@1207053586 wrapping com.mysql.cj.jdbc.ConnectionImpl@3b8507df] after transaction
2025-08-30 11:23:24.905 [HikariPool-1 housekeeper] DEBUG com.zaxxer.hikari.pool.HikariPool:[logPoolState:405] - HikariPool-1 - Pool stats (total=10, active=0, idle=10, waiting=0)
2025-08-30 11:23:24.905 [HikariPool-1 housekeeper] DEBUG com.zaxxer.hikari.pool.HikariPool:[fillPool:510] - HikariPool-1 - Fill pool skipped, pool has sufficient level or currently being filled.
2025-08-30 11:23:54.909 [HikariPool-1 housekeeper] DEBUG com.zaxxer.hikari.pool.HikariPool:[logPoolState:405] - HikariPool-1 - Pool stats (total=10, active=0, idle=10, waiting=0)
2025-08-30 11:23:54.909 [HikariPool-1 housekeeper] DEBUG com.zaxxer.hikari.pool.HikariPool:[fillPool:510] - HikariPool-1 - Fill pool skipped, pool has sufficient level or currently being filled.
2025-08-30 11:24:24.914 [HikariPool-1 housekeeper] DEBUG com.zaxxer.hikari.pool.HikariPool:[logPoolState:405] - HikariPool-1 - Pool stats (total=10, active=0, idle=10, waiting=0)
2025-08-30 11:24:24.914 [HikariPool-1 housekeeper] DEBUG com.zaxxer.hikari.pool.HikariPool:[fillPool:510] - HikariPool-1 - Fill pool skipped, pool has sufficient level or currently being filled.
2025-08-30 11:24:54.921 [HikariPool-1 housekeeper] DEBUG com.zaxxer.hikari.pool.HikariPool:[logPoolState:405] - HikariPool-1 - Pool stats (total=10, active=0, idle=10, waiting=0)
2025-08-30 11:24:54.921 [HikariPool-1 housekeeper] DEBUG com.zaxxer.hikari.pool.HikariPool:[fillPool:510] - HikariPool-1 - Fill pool skipped, pool has sufficient level or currently being filled.
2025-08-30 11:25:22.932 [http-nio-8083-exec-2] DEBUG o.springframework.jdbc.datasource.DataSourceUtils:[doGetConnection:117] - Fetching JDBC Connection from DataSource
2025-08-30 11:25:22.934 [http-nio-8083-exec-2] DEBUG o.springframework.jdbc.datasource.DataSourceUtils:[doGetConnection:117] - Fetching JDBC Connection from DataSource
2025-08-30 11:25:24.935 [HikariPool-1 housekeeper] DEBUG com.zaxxer.hikari.pool.HikariPool:[logPoolState:405] - HikariPool-1 - Pool stats (total=10, active=0, idle=10, waiting=0)
2025-08-30 11:25:24.935 [HikariPool-1 housekeeper] DEBUG com.zaxxer.hikari.pool.HikariPool:[fillPool:510] - HikariPool-1 - Fill pool skipped, pool has sufficient level or currently being filled.
2025-08-30 11:25:54.950 [HikariPool-1 housekeeper] DEBUG com.zaxxer.hikari.pool.HikariPool:[logPoolState:405] - HikariPool-1 - Pool stats (total=10, active=0, idle=10, waiting=0)
2025-08-30 11:25:54.951 [HikariPool-1 housekeeper] DEBUG com.zaxxer.hikari.pool.HikariPool:[fillPool:510] - HikariPool-1 - Fill pool skipped, pool has sufficient level or currently being filled.
2025-08-30 11:26:24.952 [HikariPool-1 housekeeper] DEBUG com.zaxxer.hikari.pool.HikariPool:[logPoolState:405] - HikariPool-1 - Pool stats (total=10, active=0, idle=10, waiting=0)
2025-08-30 11:26:24.952 [HikariPool-1 housekeeper] DEBUG com.zaxxer.hikari.pool.HikariPool:[fillPool:510] - HikariPool-1 - Fill pool skipped, pool has sufficient level or currently being filled.
2025-08-30 11:26:54.956 [HikariPool-1 housekeeper] DEBUG com.zaxxer.hikari.pool.HikariPool:[logPoolState:405] - HikariPool-1 - Pool stats (total=10, active=0, idle=10, waiting=0)
2025-08-30 11:26:54.957 [HikariPool-1 housekeeper] DEBUG com.zaxxer.hikari.pool.HikariPool:[fillPool:510] - HikariPool-1 - Fill pool skipped, pool has sufficient level or currently being filled.
2025-08-30 11:27:24.961 [HikariPool-1 housekeeper] DEBUG com.zaxxer.hikari.pool.HikariPool:[logPoolState:405] - HikariPool-1 - Pool stats (total=10, active=0, idle=10, waiting=0)
2025-08-30 11:27:24.962 [HikariPool-1 housekeeper] DEBUG com.zaxxer.hikari.pool.HikariPool:[fillPool:510] - HikariPool-1 - Fill pool skipped, pool has sufficient level or currently being filled.
2025-08-30 11:27:54.970 [HikariPool-1 housekeeper] DEBUG com.zaxxer.hikari.pool.HikariPool:[logPoolState:405] - HikariPool-1 - Pool stats (total=10, active=0, idle=10, waiting=0)
2025-08-30 11:27:54.970 [HikariPool-1 housekeeper] DEBUG com.zaxxer.hikari.pool.HikariPool:[fillPool:510] - HikariPool-1 - Fill pool skipped, pool has sufficient level or currently being filled.
2025-08-30 11:27:55.268 [AsyncResolver-bootstrap-executor-%d] INFO  c.n.d.shared.resolver.aws.ConfigClusterResolver:[getClusterEndpoints:43] - Resolving eureka endpoints via configuration
2025-08-30 11:28:24.981 [HikariPool-1 housekeeper] DEBUG com.zaxxer.hikari.pool.HikariPool:[logPoolState:405] - HikariPool-1 - Pool stats (total=10, active=0, idle=10, waiting=0)
2025-08-30 11:28:24.982 [HikariPool-1 housekeeper] DEBUG com.zaxxer.hikari.pool.HikariPool:[fillPool:510] - HikariPool-1 - Fill pool skipped, pool has sufficient level or currently being filled.
2025-08-30 11:28:37.486 [http-nio-8083-exec-6] DEBUG o.s.jdbc.support.JdbcTransactionManager:[getTransaction:402] - Creating new transaction with name [com.blm.store.service.impl.MerchantFoodServiceImpl.updateStatus]: PROPAGATION_REQUIRED,ISOLATION_DEFAULT
2025-08-30 11:28:37.488 [http-nio-8083-exec-6] DEBUG o.s.jdbc.support.JdbcTransactionManager:[doBegin:271] - Acquired Connection [HikariProxyConnection@857349981 wrapping com.mysql.cj.jdbc.ConnectionImpl@3b8507df] for JDBC transaction
2025-08-30 11:28:37.489 [http-nio-8083-exec-6] DEBUG o.s.jdbc.support.JdbcTransactionManager:[doBegin:289] - Switching JDBC Connection [HikariProxyConnection@857349981 wrapping com.mysql.cj.jdbc.ConnectionImpl@3b8507df] to manual commit
2025-08-30 11:28:37.500 [http-nio-8083-exec-6] DEBUG o.s.jdbc.support.JdbcTransactionManager:[processCommit:790] - Initiating transaction commit
2025-08-30 11:28:37.500 [http-nio-8083-exec-6] DEBUG o.s.jdbc.support.JdbcTransactionManager:[doCommit:334] - Committing JDBC transaction on Connection [HikariProxyConnection@857349981 wrapping com.mysql.cj.jdbc.ConnectionImpl@3b8507df]
2025-08-30 11:28:37.506 [http-nio-8083-exec-6] DEBUG o.s.jdbc.support.JdbcTransactionManager:[doCleanupAfterCompletion:393] - Releasing JDBC Connection [HikariProxyConnection@857349981 wrapping com.mysql.cj.jdbc.ConnectionImpl@3b8507df] after transaction
2025-08-30 11:28:40.854 [http-nio-8083-exec-8] DEBUG o.springframework.jdbc.datasource.DataSourceUtils:[doGetConnection:117] - Fetching JDBC Connection from DataSource
2025-08-30 11:28:40.859 [http-nio-8083-exec-8] DEBUG o.springframework.jdbc.datasource.DataSourceUtils:[doGetConnection:117] - Fetching JDBC Connection from DataSource
2025-08-30 11:28:54.985 [HikariPool-1 housekeeper] DEBUG com.zaxxer.hikari.pool.HikariPool:[logPoolState:405] - HikariPool-1 - Pool stats (total=10, active=0, idle=10, waiting=0)
2025-08-30 11:28:54.985 [HikariPool-1 housekeeper] DEBUG com.zaxxer.hikari.pool.HikariPool:[fillPool:510] - HikariPool-1 - Fill pool skipped, pool has sufficient level or currently being filled.
2025-08-30 11:29:24.992 [HikariPool-1 housekeeper] DEBUG com.zaxxer.hikari.pool.HikariPool:[logPoolState:405] - HikariPool-1 - Pool stats (total=10, active=0, idle=10, waiting=0)
2025-08-30 11:29:24.992 [HikariPool-1 housekeeper] DEBUG com.zaxxer.hikari.pool.HikariPool:[fillPool:510] - HikariPool-1 - Fill pool skipped, pool has sufficient level or currently being filled.
2025-08-30 11:29:54.997 [HikariPool-1 housekeeper] DEBUG com.zaxxer.hikari.pool.HikariPool:[logPoolState:405] - HikariPool-1 - Pool stats (total=10, active=0, idle=10, waiting=0)
2025-08-30 11:29:54.997 [HikariPool-1 housekeeper] DEBUG com.zaxxer.hikari.pool.HikariPool:[fillPool:510] - HikariPool-1 - Fill pool skipped, pool has sufficient level or currently being filled.
2025-08-30 11:29:58.119 [http-nio-8083-exec-9] DEBUG o.springframework.jdbc.datasource.DataSourceUtils:[doGetConnection:117] - Fetching JDBC Connection from DataSource
2025-08-30 11:29:58.121 [http-nio-8083-exec-9] DEBUG o.springframework.jdbc.datasource.DataSourceUtils:[doGetConnection:117] - Fetching JDBC Connection from DataSource
2025-08-30 11:30:25.000 [HikariPool-1 housekeeper] DEBUG com.zaxxer.hikari.pool.HikariPool:[logPoolState:405] - HikariPool-1 - Pool stats (total=10, active=0, idle=10, waiting=0)
2025-08-30 11:30:25.000 [HikariPool-1 housekeeper] DEBUG com.zaxxer.hikari.pool.HikariPool:[fillPool:510] - HikariPool-1 - Fill pool skipped, pool has sufficient level or currently being filled.
2025-08-30 11:30:55.009 [HikariPool-1 housekeeper] DEBUG com.zaxxer.hikari.pool.HikariPool:[logPoolState:405] - HikariPool-1 - Pool stats (total=10, active=0, idle=10, waiting=0)
2025-08-30 11:30:55.010 [HikariPool-1 housekeeper] DEBUG com.zaxxer.hikari.pool.HikariPool:[fillPool:510] - HikariPool-1 - Fill pool skipped, pool has sufficient level or currently being filled.
2025-08-30 11:31:04.389 [http-nio-8083-exec-3] DEBUG o.s.jdbc.support.JdbcTransactionManager:[getTransaction:402] - Creating new transaction with name [com.blm.store.service.impl.MerchantFoodServiceImpl.updateFood]: PROPAGATION_REQUIRED,ISOLATION_DEFAULT
2025-08-30 11:31:04.390 [http-nio-8083-exec-3] DEBUG o.s.jdbc.support.JdbcTransactionManager:[doBegin:271] - Acquired Connection [HikariProxyConnection@1653435600 wrapping com.mysql.cj.jdbc.ConnectionImpl@3b8507df] for JDBC transaction
2025-08-30 11:31:04.390 [http-nio-8083-exec-3] DEBUG o.s.jdbc.support.JdbcTransactionManager:[doBegin:289] - Switching JDBC Connection [HikariProxyConnection@1653435600 wrapping com.mysql.cj.jdbc.ConnectionImpl@3b8507df] to manual commit
2025-08-30 11:31:04.404 [http-nio-8083-exec-3] DEBUG o.s.jdbc.support.JdbcTransactionManager:[processCommit:790] - Initiating transaction commit
2025-08-30 11:31:04.405 [http-nio-8083-exec-3] DEBUG o.s.jdbc.support.JdbcTransactionManager:[doCommit:334] - Committing JDBC transaction on Connection [HikariProxyConnection@1653435600 wrapping com.mysql.cj.jdbc.ConnectionImpl@3b8507df]
2025-08-30 11:31:04.409 [http-nio-8083-exec-3] DEBUG o.s.jdbc.support.JdbcTransactionManager:[doCleanupAfterCompletion:393] - Releasing JDBC Connection [HikariProxyConnection@1653435600 wrapping com.mysql.cj.jdbc.ConnectionImpl@3b8507df] after transaction
2025-08-30 11:31:25.015 [HikariPool-1 housekeeper] DEBUG com.zaxxer.hikari.pool.HikariPool:[logPoolState:405] - HikariPool-1 - Pool stats (total=10, active=0, idle=10, waiting=0)
2025-08-30 11:31:25.015 [HikariPool-1 housekeeper] DEBUG com.zaxxer.hikari.pool.HikariPool:[fillPool:510] - HikariPool-1 - Fill pool skipped, pool has sufficient level or currently being filled.
2025-08-30 11:31:55.023 [HikariPool-1 housekeeper] DEBUG com.zaxxer.hikari.pool.HikariPool:[logPoolState:405] - HikariPool-1 - Pool stats (total=10, active=0, idle=10, waiting=0)
2025-08-30 11:31:55.023 [HikariPool-1 housekeeper] DEBUG com.zaxxer.hikari.pool.HikariPool:[fillPool:510] - HikariPool-1 - Fill pool skipped, pool has sufficient level or currently being filled.
2025-08-30 11:32:04.646 [http-nio-8083-exec-4] DEBUG o.s.jdbc.support.JdbcTransactionManager:[getTransaction:402] - Creating new transaction with name [com.blm.store.service.impl.MerchantFoodServiceImpl.deleteFood]: PROPAGATION_REQUIRED,ISOLATION_DEFAULT
2025-08-30 11:32:04.647 [http-nio-8083-exec-4] DEBUG o.s.jdbc.support.JdbcTransactionManager:[doBegin:271] - Acquired Connection [HikariProxyConnection@350223974 wrapping com.mysql.cj.jdbc.ConnectionImpl@3b8507df] for JDBC transaction
2025-08-30 11:32:04.647 [http-nio-8083-exec-4] DEBUG o.s.jdbc.support.JdbcTransactionManager:[doBegin:289] - Switching JDBC Connection [HikariProxyConnection@350223974 wrapping com.mysql.cj.jdbc.ConnectionImpl@3b8507df] to manual commit
2025-08-30 11:32:04.654 [http-nio-8083-exec-4] DEBUG o.s.jdbc.support.JdbcTransactionManager:[processCommit:790] - Initiating transaction commit
2025-08-30 11:32:04.654 [http-nio-8083-exec-4] DEBUG o.s.jdbc.support.JdbcTransactionManager:[doCommit:334] - Committing JDBC transaction on Connection [HikariProxyConnection@350223974 wrapping com.mysql.cj.jdbc.ConnectionImpl@3b8507df]
2025-08-30 11:32:04.660 [http-nio-8083-exec-4] DEBUG o.s.jdbc.support.JdbcTransactionManager:[doCleanupAfterCompletion:393] - Releasing JDBC Connection [HikariProxyConnection@350223974 wrapping com.mysql.cj.jdbc.ConnectionImpl@3b8507df] after transaction
2025-08-30 11:32:25.031 [HikariPool-1 housekeeper] DEBUG com.zaxxer.hikari.pool.HikariPool:[logPoolState:405] - HikariPool-1 - Pool stats (total=10, active=0, idle=10, waiting=0)
2025-08-30 11:32:25.031 [HikariPool-1 housekeeper] DEBUG com.zaxxer.hikari.pool.HikariPool:[fillPool:510] - HikariPool-1 - Fill pool skipped, pool has sufficient level or currently being filled.
2025-08-30 11:32:55.040 [HikariPool-1 housekeeper] DEBUG com.zaxxer.hikari.pool.HikariPool:[logPoolState:405] - HikariPool-1 - Pool stats (total=10, active=0, idle=10, waiting=0)
2025-08-30 11:32:55.040 [HikariPool-1 housekeeper] DEBUG com.zaxxer.hikari.pool.HikariPool:[fillPool:510] - HikariPool-1 - Fill pool skipped, pool has sufficient level or currently being filled.
2025-08-30 11:32:55.277 [AsyncResolver-bootstrap-executor-%d] INFO  c.n.d.shared.resolver.aws.ConfigClusterResolver:[getClusterEndpoints:43] - Resolving eureka endpoints via configuration
2025-08-30 11:32:56.063 [http-nio-8083-exec-6] DEBUG o.s.jdbc.support.JdbcTransactionManager:[getTransaction:402] - Creating new transaction with name [com.blm.store.service.impl.MerchantStoreServiceImpl.createStore]: PROPAGATION_REQUIRED,ISOLATION_DEFAULT
2025-08-30 11:32:56.064 [http-nio-8083-exec-6] DEBUG o.s.jdbc.support.JdbcTransactionManager:[doBegin:271] - Acquired Connection [HikariProxyConnection@764040213 wrapping com.mysql.cj.jdbc.ConnectionImpl@3b8507df] for JDBC transaction
2025-08-30 11:32:56.064 [http-nio-8083-exec-6] DEBUG o.s.jdbc.support.JdbcTransactionManager:[doBegin:289] - Switching JDBC Connection [HikariProxyConnection@764040213 wrapping com.mysql.cj.jdbc.ConnectionImpl@3b8507df] to manual commit
2025-08-30 11:32:56.072 [http-nio-8083-exec-6] DEBUG o.s.jdbc.support.JdbcTransactionManager:[processCommit:790] - Initiating transaction commit
2025-08-30 11:32:56.072 [http-nio-8083-exec-6] DEBUG o.s.jdbc.support.JdbcTransactionManager:[doCommit:334] - Committing JDBC transaction on Connection [HikariProxyConnection@764040213 wrapping com.mysql.cj.jdbc.ConnectionImpl@3b8507df]
2025-08-30 11:32:56.079 [http-nio-8083-exec-6] DEBUG o.s.jdbc.support.JdbcTransactionManager:[doCleanupAfterCompletion:393] - Releasing JDBC Connection [HikariProxyConnection@764040213 wrapping com.mysql.cj.jdbc.ConnectionImpl@3b8507df] after transaction
2025-08-30 11:33:25.045 [HikariPool-1 housekeeper] DEBUG com.zaxxer.hikari.pool.HikariPool:[logPoolState:405] - HikariPool-1 - Pool stats (total=10, active=0, idle=10, waiting=0)
2025-08-30 11:33:25.046 [HikariPool-1 housekeeper] DEBUG com.zaxxer.hikari.pool.HikariPool:[fillPool:510] - HikariPool-1 - Fill pool skipped, pool has sufficient level or currently being filled.
2025-08-30 11:33:55.050 [HikariPool-1 housekeeper] DEBUG com.zaxxer.hikari.pool.HikariPool:[logPoolState:405] - HikariPool-1 - Pool stats (total=10, active=0, idle=10, waiting=0)
2025-08-30 11:33:55.051 [HikariPool-1 housekeeper] DEBUG com.zaxxer.hikari.pool.HikariPool:[fillPool:510] - HikariPool-1 - Fill pool skipped, pool has sufficient level or currently being filled.
2025-08-30 11:34:25.058 [HikariPool-1 housekeeper] DEBUG com.zaxxer.hikari.pool.HikariPool:[logPoolState:405] - HikariPool-1 - Pool stats (total=10, active=0, idle=10, waiting=0)
2025-08-30 11:34:25.058 [HikariPool-1 housekeeper] DEBUG com.zaxxer.hikari.pool.HikariPool:[fillPool:510] - HikariPool-1 - Fill pool skipped, pool has sufficient level or currently being filled.
2025-08-30 11:34:55.071 [HikariPool-1 housekeeper] DEBUG com.zaxxer.hikari.pool.HikariPool:[logPoolState:405] - HikariPool-1 - Pool stats (total=10, active=0, idle=10, waiting=0)
2025-08-30 11:34:55.071 [HikariPool-1 housekeeper] DEBUG com.zaxxer.hikari.pool.HikariPool:[fillPool:510] - HikariPool-1 - Fill pool skipped, pool has sufficient level or currently being filled.
2025-08-30 11:35:25.082 [HikariPool-1 housekeeper] DEBUG com.zaxxer.hikari.pool.HikariPool:[logPoolState:405] - HikariPool-1 - Pool stats (total=10, active=0, idle=10, waiting=0)
2025-08-30 11:35:25.082 [HikariPool-1 housekeeper] DEBUG com.zaxxer.hikari.pool.HikariPool:[fillPool:510] - HikariPool-1 - Fill pool skipped, pool has sufficient level or currently being filled.
2025-08-30 11:35:55.091 [HikariPool-1 housekeeper] DEBUG com.zaxxer.hikari.pool.HikariPool:[logPoolState:405] - HikariPool-1 - Pool stats (total=10, active=0, idle=10, waiting=0)
2025-08-30 11:35:55.091 [HikariPool-1 housekeeper] DEBUG com.zaxxer.hikari.pool.HikariPool:[fillPool:510] - HikariPool-1 - Fill pool skipped, pool has sufficient level or currently being filled.
2025-08-30 11:36:25.105 [HikariPool-1 housekeeper] DEBUG com.zaxxer.hikari.pool.HikariPool:[logPoolState:405] - HikariPool-1 - Pool stats (total=10, active=0, idle=10, waiting=0)
2025-08-30 11:36:25.105 [HikariPool-1 housekeeper] DEBUG com.zaxxer.hikari.pool.HikariPool:[fillPool:510] - HikariPool-1 - Fill pool skipped, pool has sufficient level or currently being filled.
2025-08-30 11:36:55.120 [HikariPool-1 housekeeper] DEBUG com.zaxxer.hikari.pool.HikariPool:[logPoolState:405] - HikariPool-1 - Pool stats (total=10, active=0, idle=10, waiting=0)
2025-08-30 11:36:55.121 [HikariPool-1 housekeeper] DEBUG com.zaxxer.hikari.pool.HikariPool:[fillPool:510] - HikariPool-1 - Fill pool skipped, pool has sufficient level or currently being filled.
2025-08-30 11:37:05.480 [http-nio-8083-exec-1] INFO  org.springdoc.api.AbstractOpenApiResource:[getOpenApi:387] - Init duration for springdoc-openapi is: 799 ms
2025-08-30 11:37:25.128 [HikariPool-1 housekeeper] DEBUG com.zaxxer.hikari.pool.HikariPool:[logPoolState:405] - HikariPool-1 - Pool stats (total=10, active=0, idle=10, waiting=0)
2025-08-30 11:37:25.128 [HikariPool-1 housekeeper] DEBUG com.zaxxer.hikari.pool.HikariPool:[fillPool:510] - HikariPool-1 - Fill pool skipped, pool has sufficient level or currently being filled.
2025-08-30 11:37:55.143 [HikariPool-1 housekeeper] DEBUG com.zaxxer.hikari.pool.HikariPool:[logPoolState:405] - HikariPool-1 - Pool stats (total=10, active=0, idle=10, waiting=0)
2025-08-30 11:37:55.145 [HikariPool-1 housekeeper] DEBUG com.zaxxer.hikari.pool.HikariPool:[fillPool:510] - HikariPool-1 - Fill pool skipped, pool has sufficient level or currently being filled.
2025-08-30 11:37:55.286 [AsyncResolver-bootstrap-executor-%d] INFO  c.n.d.shared.resolver.aws.ConfigClusterResolver:[getClusterEndpoints:43] - Resolving eureka endpoints via configuration
2025-08-30 11:38:25.152 [HikariPool-1 housekeeper] DEBUG com.zaxxer.hikari.pool.HikariPool:[logPoolState:405] - HikariPool-1 - Pool stats (total=10, active=0, idle=10, waiting=0)
2025-08-30 11:38:25.152 [HikariPool-1 housekeeper] DEBUG com.zaxxer.hikari.pool.HikariPool:[fillPool:510] - HikariPool-1 - Fill pool skipped, pool has sufficient level or currently being filled.
2025-08-30 11:38:55.158 [HikariPool-1 housekeeper] DEBUG com.zaxxer.hikari.pool.HikariPool:[logPoolState:405] - HikariPool-1 - Pool stats (total=10, active=0, idle=10, waiting=0)
2025-08-30 11:38:55.158 [HikariPool-1 housekeeper] DEBUG com.zaxxer.hikari.pool.HikariPool:[fillPool:510] - HikariPool-1 - Fill pool skipped, pool has sufficient level or currently being filled.
2025-08-30 11:39:25.164 [HikariPool-1 housekeeper] DEBUG com.zaxxer.hikari.pool.HikariPool:[logPoolState:405] - HikariPool-1 - Pool stats (total=10, active=0, idle=10, waiting=0)
2025-08-30 11:39:25.164 [HikariPool-1 housekeeper] DEBUG com.zaxxer.hikari.pool.HikariPool:[fillPool:510] - HikariPool-1 - Fill pool skipped, pool has sufficient level or currently being filled.
2025-08-30 11:39:55.180 [HikariPool-1 housekeeper] DEBUG com.zaxxer.hikari.pool.HikariPool:[logPoolState:405] - HikariPool-1 - Pool stats (total=10, active=0, idle=10, waiting=0)
2025-08-30 11:39:55.180 [HikariPool-1 housekeeper] DEBUG com.zaxxer.hikari.pool.HikariPool:[fillPool:510] - HikariPool-1 - Fill pool skipped, pool has sufficient level or currently being filled.
2025-08-30 11:40:25.193 [HikariPool-1 housekeeper] DEBUG com.zaxxer.hikari.pool.HikariPool:[logPoolState:405] - HikariPool-1 - Pool stats (total=10, active=0, idle=10, waiting=0)
2025-08-30 11:40:25.193 [HikariPool-1 housekeeper] DEBUG com.zaxxer.hikari.pool.HikariPool:[fillPool:510] - HikariPool-1 - Fill pool skipped, pool has sufficient level or currently being filled.
2025-08-30 11:40:55.205 [HikariPool-1 housekeeper] DEBUG com.zaxxer.hikari.pool.HikariPool:[logPoolState:405] - HikariPool-1 - Pool stats (total=10, active=0, idle=10, waiting=0)
2025-08-30 11:40:55.205 [HikariPool-1 housekeeper] DEBUG com.zaxxer.hikari.pool.HikariPool:[fillPool:510] - HikariPool-1 - Fill pool skipped, pool has sufficient level or currently being filled.
2025-08-30 11:40:58.848 [http-nio-8083-exec-6] DEBUG o.springframework.jdbc.datasource.DataSourceUtils:[doGetConnection:117] - Fetching JDBC Connection from DataSource
2025-08-30 11:41:15.737 [http-nio-8083-exec-8] DEBUG o.springframework.jdbc.datasource.DataSourceUtils:[doGetConnection:117] - Fetching JDBC Connection from DataSource
2025-08-30 11:41:25.207 [HikariPool-1 housekeeper] DEBUG com.zaxxer.hikari.pool.HikariPool:[logPoolState:405] - HikariPool-1 - Pool stats (total=10, active=0, idle=10, waiting=0)
2025-08-30 11:41:25.207 [HikariPool-1 housekeeper] DEBUG com.zaxxer.hikari.pool.HikariPool:[fillPool:510] - HikariPool-1 - Fill pool skipped, pool has sufficient level or currently being filled.
2025-08-30 11:41:55.220 [HikariPool-1 housekeeper] DEBUG com.zaxxer.hikari.pool.HikariPool:[logPoolState:405] - HikariPool-1 - Pool stats (total=10, active=0, idle=10, waiting=0)
2025-08-30 11:41:55.220 [HikariPool-1 housekeeper] DEBUG com.zaxxer.hikari.pool.HikariPool:[fillPool:510] - HikariPool-1 - Fill pool skipped, pool has sufficient level or currently being filled.
2025-08-30 11:42:12.517 [HikariPool-1 connection closer] DEBUG com.zaxxer.hikari.pool.PoolBase:[quietlyCloseConnection:133] - HikariPool-1 - Closing connection com.mysql.cj.jdbc.ConnectionImpl@3c1b7e76: (connection has passed maxLifetime)
2025-08-30 11:42:12.524 [HikariPool-1 connection adder] DEBUG com.zaxxer.hikari.pool.HikariPool:[call:728] - HikariPool-1 - Added connection com.mysql.cj.jdbc.ConnectionImpl@21823304
2025-08-30 11:42:12.561 [HikariPool-1 connection adder] DEBUG com.zaxxer.hikari.pool.HikariPool:[logPoolState:405] - HikariPool-1 - Connection not added, stats (total=10, active=0, idle=10, waiting=0)
2025-08-30 11:42:12.779 [HikariPool-1 connection closer] DEBUG com.zaxxer.hikari.pool.PoolBase:[quietlyCloseConnection:133] - HikariPool-1 - Closing connection com.mysql.cj.jdbc.ConnectionImpl@5dbbab7d: (connection has passed maxLifetime)
2025-08-30 11:42:12.784 [HikariPool-1 connection adder] DEBUG com.zaxxer.hikari.pool.HikariPool:[call:728] - HikariPool-1 - Added connection com.mysql.cj.jdbc.ConnectionImpl@60bf393f
2025-08-30 11:42:12.826 [HikariPool-1 connection adder] DEBUG com.zaxxer.hikari.pool.HikariPool:[logPoolState:405] - HikariPool-1 - Connection not added, stats (total=10, active=0, idle=10, waiting=0)
2025-08-30 11:42:18.610 [HikariPool-1 connection closer] DEBUG com.zaxxer.hikari.pool.PoolBase:[quietlyCloseConnection:133] - HikariPool-1 - Closing connection com.mysql.cj.jdbc.ConnectionImpl@23ee5fcb: (connection has passed maxLifetime)
2025-08-30 11:42:18.626 [HikariPool-1 connection adder] DEBUG com.zaxxer.hikari.pool.HikariPool:[call:728] - HikariPool-1 - Added connection com.mysql.cj.jdbc.ConnectionImpl@7f2f59aa
2025-08-30 11:42:18.657 [HikariPool-1 connection adder] DEBUG com.zaxxer.hikari.pool.HikariPool:[logPoolState:405] - HikariPool-1 - Connection not added, stats (total=10, active=0, idle=10, waiting=0)
2025-08-30 11:42:25.221 [HikariPool-1 housekeeper] DEBUG com.zaxxer.hikari.pool.HikariPool:[logPoolState:405] - HikariPool-1 - Pool stats (total=10, active=0, idle=10, waiting=0)
2025-08-30 11:42:25.221 [HikariPool-1 housekeeper] DEBUG com.zaxxer.hikari.pool.HikariPool:[fillPool:510] - HikariPool-1 - Fill pool skipped, pool has sufficient level or currently being filled.
2025-08-30 11:42:25.895 [SpringApplicationShutdownHook] INFO  o.s.c.n.e.serviceregistry.EurekaServiceRegistry:[deregister:91] - Unregistering application STORE-SERVICE with eureka with status DOWN
2025-08-30 11:42:25.895 [SpringApplicationShutdownHook] INFO  com.netflix.discovery.DiscoveryClient:[notify:1297] - Saw local status change event StatusChangeEvent [timestamp=1756525345895, current=DOWN, previous=UP]
2025-08-30 11:42:25.896 [DiscoveryClient-InstanceInfoReplicator-%d] INFO  com.netflix.discovery.DiscoveryClient:[register:825] - DiscoveryClient_STORE-SERVICE/SS11041203:store-service:8083: registering service...
2025-08-30 11:42:25.920 [DiscoveryClient-InstanceInfoReplicator-%d] INFO  com.netflix.discovery.DiscoveryClient:[register:834] - DiscoveryClient_STORE-SERVICE/SS11041203:store-service:8083 - registration status: 204
2025-08-30 11:42:25.925 [SpringApplicationShutdownHook] INFO  com.zaxxer.hikari.HikariDataSource:[close:349] - HikariPool-1 - Shutdown initiated...
2025-08-30 11:42:25.925 [SpringApplicationShutdownHook] DEBUG com.zaxxer.hikari.pool.HikariPool:[logPoolState:405] - HikariPool-1 - Before shutdown stats (total=10, active=0, idle=10, waiting=0)
2025-08-30 11:42:25.926 [HikariPool-1 connection closer] DEBUG com.zaxxer.hikari.pool.PoolBase:[quietlyCloseConnection:133] - HikariPool-1 - Closing connection com.mysql.cj.jdbc.ConnectionImpl@3b8507df: (connection evicted)
2025-08-30 11:42:25.926 [HikariPool-1 connection closer] DEBUG com.zaxxer.hikari.pool.PoolBase:[quietlyCloseConnection:133] - HikariPool-1 - Closing connection com.mysql.cj.jdbc.ConnectionImpl@1c86a146: (connection evicted)
2025-08-30 11:42:25.926 [HikariPool-1 connection closer] DEBUG com.zaxxer.hikari.pool.PoolBase:[quietlyCloseConnection:133] - HikariPool-1 - Closing connection com.mysql.cj.jdbc.ConnectionImpl@6cac327f: (connection evicted)
2025-08-30 11:42:25.926 [HikariPool-1 connection closer] DEBUG com.zaxxer.hikari.pool.PoolBase:[quietlyCloseConnection:133] - HikariPool-1 - Closing connection com.mysql.cj.jdbc.ConnectionImpl@3d945432: (connection evicted)
2025-08-30 11:42:25.926 [HikariPool-1 connection closer] DEBUG com.zaxxer.hikari.pool.PoolBase:[quietlyCloseConnection:133] - HikariPool-1 - Closing connection com.mysql.cj.jdbc.ConnectionImpl@39da8d0f: (connection evicted)
2025-08-30 11:42:25.926 [HikariPool-1 connection closer] DEBUG com.zaxxer.hikari.pool.PoolBase:[quietlyCloseConnection:133] - HikariPool-1 - Closing connection com.mysql.cj.jdbc.ConnectionImpl@6b257de4: (connection evicted)
2025-08-30 11:42:25.928 [HikariPool-1 connection closer] DEBUG com.zaxxer.hikari.pool.PoolBase:[quietlyCloseConnection:133] - HikariPool-1 - Closing connection com.mysql.cj.jdbc.ConnectionImpl@75c504aa: (connection evicted)
2025-08-30 11:42:25.928 [HikariPool-1 connection closer] DEBUG com.zaxxer.hikari.pool.PoolBase:[quietlyCloseConnection:133] - HikariPool-1 - Closing connection com.mysql.cj.jdbc.ConnectionImpl@21823304: (connection evicted)
2025-08-30 11:42:25.928 [HikariPool-1 connection closer] DEBUG com.zaxxer.hikari.pool.PoolBase:[quietlyCloseConnection:133] - HikariPool-1 - Closing connection com.mysql.cj.jdbc.ConnectionImpl@60bf393f: (connection evicted)
2025-08-30 11:42:25.928 [HikariPool-1 connection closer] DEBUG com.zaxxer.hikari.pool.PoolBase:[quietlyCloseConnection:133] - HikariPool-1 - Closing connection com.mysql.cj.jdbc.ConnectionImpl@7f2f59aa: (connection evicted)
2025-08-30 11:42:25.928 [SpringApplicationShutdownHook] DEBUG com.zaxxer.hikari.pool.HikariPool:[logPoolState:405] - HikariPool-1 - After shutdown stats (total=0, active=0, idle=0, waiting=0)
2025-08-30 11:42:25.928 [SpringApplicationShutdownHook] INFO  com.zaxxer.hikari.HikariDataSource:[close:351] - HikariPool-1 - Shutdown completed.
2025-08-30 11:42:25.928 [SpringApplicationShutdownHook] INFO  com.netflix.discovery.DiscoveryClient:[shutdown:887] - Shutting down DiscoveryClient ...
2025-08-30 11:42:28.933 [SpringApplicationShutdownHook] INFO  com.netflix.discovery.DiscoveryClient:[unregister:918] - Unregistering ...
2025-08-30 11:42:28.933 [DiscoveryClient-%d] WARN  com.netflix.discovery.TimedSupervisorTask:[run:87] - task supervisor shutting down, can't accept the task
2025-08-30 11:42:28.950 [SpringApplicationShutdownHook] INFO  com.netflix.discovery.DiscoveryClient:[unregister:920] - DiscoveryClient_STORE-SERVICE/SS11041203:store-service:8083 - deregister  status: 200
2025-08-30 11:42:28.952 [SpringApplicationShutdownHook] INFO  com.netflix.discovery.DiscoveryClient:[shutdown:907] - Completed shut down of DiscoveryClient
2025-08-30 11:42:32.120 [main] INFO  com.blm.store.StoreApplication:[logStarting:50] - Starting StoreApplication using Java 21.0.8 with PID 40264 (D:\BUAA\大二暑假\BLM\store-service\target\classes started by Lenovo in D:\BUAA\大二暑假\BLM)
2025-08-30 11:42:32.122 [main] DEBUG com.blm.store.StoreApplication:[logStarting:51] - Running with Spring Boot v3.3.3, Spring v6.1.12
2025-08-30 11:42:32.122 [main] INFO  com.blm.store.StoreApplication:[logStartupProfileInfo:660] - The following 1 profile is active: "dev"
2025-08-30 11:42:32.485 [main] DEBUG o.s.cloud.openfeign.FeignClientsRegistrar$1:[scanCandidateComponents:476] - Identified candidate component class: file [D:\BUAA\大二暑假\BLM\common\target\classes\com\blm\common\feign\OrderServiceClient.class]
2025-08-30 11:42:32.485 [main] DEBUG o.s.cloud.openfeign.FeignClientsRegistrar$1:[scanCandidateComponents:476] - Identified candidate component class: file [D:\BUAA\大二暑假\BLM\common\target\classes\com\blm\common\feign\RiderServiceClient.class]
2025-08-30 11:42:32.485 [main] DEBUG o.s.cloud.openfeign.FeignClientsRegistrar$1:[scanCandidateComponents:476] - Identified candidate component class: file [D:\BUAA\大二暑假\BLM\common\target\classes\com\blm\common\feign\StoreServiceClient.class]
2025-08-30 11:42:32.485 [main] DEBUG o.s.cloud.openfeign.FeignClientsRegistrar$1:[scanCandidateComponents:476] - Identified candidate component class: file [D:\BUAA\大二暑假\BLM\common\target\classes\com\blm\common\feign\UserServiceClient.class]
2025-08-30 11:42:32.552 [main] DEBUG o.m.s.boot.autoconfigure.MybatisAutoConfiguration:[registerBeanDefinitions:247] - Searching for mappers annotated with @Mapper
2025-08-30 11:42:32.552 [main] DEBUG o.m.s.boot.autoconfigure.MybatisAutoConfiguration:[lambda$registerBeanDefinitions$0:251] - Using auto-configuration base package 'com.blm.store'
2025-08-30 11:42:32.676 [main] DEBUG org.apache.ibatis.logging.LogFactory:[setImplementation:112] - Logging initialized using 'class org.apache.ibatis.logging.slf4j.Slf4jImpl' adapter.
2025-08-30 11:42:32.680 [main] DEBUG org.mybatis.spring.mapper.ClassPathMapperScanner:[scanCandidateComponents:476] - Identified candidate component class: file [D:\BUAA\大二暑假\BLM\store-service\target\classes\com\blm\store\repository\FoodCategoryRepository.class]
2025-08-30 11:42:32.680 [main] DEBUG org.mybatis.spring.mapper.ClassPathMapperScanner:[scanCandidateComponents:476] - Identified candidate component class: file [D:\BUAA\大二暑假\BLM\store-service\target\classes\com\blm\store\repository\FoodRepository.class]
2025-08-30 11:42:32.680 [main] DEBUG org.mybatis.spring.mapper.ClassPathMapperScanner:[scanCandidateComponents:476] - Identified candidate component class: file [D:\BUAA\大二暑假\BLM\store-service\target\classes\com\blm\store\repository\PromotionRepository.class]
2025-08-30 11:42:32.680 [main] DEBUG org.mybatis.spring.mapper.ClassPathMapperScanner:[scanCandidateComponents:476] - Identified candidate component class: file [D:\BUAA\大二暑假\BLM\store-service\target\classes\com\blm\store\repository\StoreCategoryRepository.class]
2025-08-30 11:42:32.680 [main] DEBUG org.mybatis.spring.mapper.ClassPathMapperScanner:[scanCandidateComponents:476] - Identified candidate component class: file [D:\BUAA\大二暑假\BLM\store-service\target\classes\com\blm\store\repository\StoreRepository.class]
2025-08-30 11:42:32.681 [main] DEBUG org.mybatis.spring.mapper.ClassPathMapperScanner:[debug:49] - Creating MapperFactoryBean with name 'foodCategoryRepository' and 'com.blm.store.repository.FoodCategoryRepository' mapperInterface
2025-08-30 11:42:32.682 [main] DEBUG org.mybatis.spring.mapper.ClassPathMapperScanner:[debug:49] - Creating MapperFactoryBean with name 'foodRepository' and 'com.blm.store.repository.FoodRepository' mapperInterface
2025-08-30 11:42:32.683 [main] DEBUG org.mybatis.spring.mapper.ClassPathMapperScanner:[debug:49] - Creating MapperFactoryBean with name 'promotionRepository' and 'com.blm.store.repository.PromotionRepository' mapperInterface
2025-08-30 11:42:32.683 [main] DEBUG org.mybatis.spring.mapper.ClassPathMapperScanner:[debug:49] - Creating MapperFactoryBean with name 'storeCategoryRepository' and 'com.blm.store.repository.StoreCategoryRepository' mapperInterface
2025-08-30 11:42:32.683 [main] DEBUG org.mybatis.spring.mapper.ClassPathMapperScanner:[debug:49] - Creating MapperFactoryBean with name 'storeRepository' and 'com.blm.store.repository.StoreRepository' mapperInterface
2025-08-30 11:42:32.746 [main] INFO  o.springframework.cloud.context.scope.GenericScope:[setSerializationId:282] - BeanFactory id=9af39289-17b3-3793-86a2-4e31d680bb05
2025-08-30 11:42:32.880 [main] WARN  o.s.c.s.PostProcessorRegistrationDelegate$BeanPostProcessorChecker:[postProcessAfterInitialization:429] - Bean 'org.springframework.cloud.client.loadbalancer.LoadBalancerAutoConfiguration$DeferringLoadBalancerInterceptorConfig' of type [org.springframework.cloud.client.loadbalancer.LoadBalancerAutoConfiguration$DeferringLoadBalancerInterceptorConfig] is not eligible for getting processed by all BeanPostProcessors (for example: not eligible for auto-proxying). The currently created BeanPostProcessor [lbRestClientPostProcessor] is declared through a non-static factory method on that class; consider declaring it as static instead.
2025-08-30 11:42:32.881 [main] WARN  o.s.c.s.PostProcessorRegistrationDelegate$BeanPostProcessorChecker:[postProcessAfterInitialization:437] - Bean 'deferringLoadBalancerInterceptor' of type [org.springframework.cloud.client.loadbalancer.DeferringLoadBalancerInterceptor] is not eligible for getting processed by all BeanPostProcessors (for example: not eligible for auto-proxying). Is this bean getting eagerly injected into a currently created BeanPostProcessor [lbRestClientPostProcessor]? Check the corresponding BeanPostProcessor declaration and its dependencies.
2025-08-30 11:42:33.027 [main] INFO  o.s.boot.web.embedded.tomcat.TomcatWebServer:[initialize:111] - Tomcat initialized with port 8083 (http)
2025-08-30 11:42:33.036 [main] INFO  org.apache.catalina.core.StandardService:[log:173] - Starting service [Tomcat]
2025-08-30 11:42:33.037 [main] INFO  org.apache.catalina.core.StandardEngine:[log:173] - Starting Servlet engine: [Apache Tomcat/10.1.28]
2025-08-30 11:42:33.088 [main] INFO  o.a.c.core.ContainerBase.[Tomcat].[localhost].[/]:[log:173] - Initializing Spring embedded WebApplicationContext
2025-08-30 11:42:33.088 [main] INFO  o.s.b.w.s.c.ServletWebServerApplicationContext:[prepareWebApplicationContext:296] - Root WebApplicationContext: initialization completed in 939 ms
2025-08-30 11:42:33.139 [main] DEBUG com.zaxxer.hikari.HikariConfig:[attemptFromContextLoader:974] - Driver class com.mysql.cj.jdbc.Driver found in Thread context class loader jdk.internal.loader.ClassLoaders$AppClassLoader@36baf30c
2025-08-30 11:42:33.153 [main] DEBUG o.springframework.jdbc.datasource.DataSourceUtils:[doGetConnection:117] - Fetching JDBC Connection from DataSource
2025-08-30 11:42:33.153 [main] DEBUG com.zaxxer.hikari.HikariConfig:[logConfiguration:1106] - HikariPool-1 - configuration:
2025-08-30 11:42:33.154 [main] DEBUG com.zaxxer.hikari.HikariConfig:[logConfiguration:1138] - allowPoolSuspension.............false
2025-08-30 11:42:33.155 [main] DEBUG com.zaxxer.hikari.HikariConfig:[logConfiguration:1138] - autoCommit......................true
2025-08-30 11:42:33.155 [main] DEBUG com.zaxxer.hikari.HikariConfig:[logConfiguration:1138] - catalog.........................none
2025-08-30 11:42:33.156 [main] DEBUG com.zaxxer.hikari.HikariConfig:[logConfiguration:1138] - connectionInitSql...............none
2025-08-30 11:42:33.156 [main] DEBUG com.zaxxer.hikari.HikariConfig:[logConfiguration:1138] - connectionTestQuery.............none
2025-08-30 11:42:33.156 [main] DEBUG com.zaxxer.hikari.HikariConfig:[logConfiguration:1138] - connectionTimeout...............30000
2025-08-30 11:42:33.156 [main] DEBUG com.zaxxer.hikari.HikariConfig:[logConfiguration:1138] - dataSource......................none
2025-08-30 11:42:33.157 [main] DEBUG com.zaxxer.hikari.HikariConfig:[logConfiguration:1138] - dataSourceClassName.............none
2025-08-30 11:42:33.157 [main] DEBUG com.zaxxer.hikari.HikariConfig:[logConfiguration:1138] - dataSourceJNDI..................none
2025-08-30 11:42:33.157 [main] DEBUG com.zaxxer.hikari.HikariConfig:[logConfiguration:1138] - dataSourceProperties............{password=<masked>}
2025-08-30 11:42:33.157 [main] DEBUG com.zaxxer.hikari.HikariConfig:[logConfiguration:1138] - driverClassName................."com.mysql.cj.jdbc.Driver"
2025-08-30 11:42:33.157 [main] DEBUG com.zaxxer.hikari.HikariConfig:[logConfiguration:1138] - exceptionOverrideClassName......none
2025-08-30 11:42:33.157 [main] DEBUG com.zaxxer.hikari.HikariConfig:[logConfiguration:1138] - healthCheckProperties...........{}
2025-08-30 11:42:33.157 [main] DEBUG com.zaxxer.hikari.HikariConfig:[logConfiguration:1138] - healthCheckRegistry.............none
2025-08-30 11:42:33.157 [main] DEBUG com.zaxxer.hikari.HikariConfig:[logConfiguration:1138] - idleTimeout.....................600000
2025-08-30 11:42:33.157 [main] DEBUG com.zaxxer.hikari.HikariConfig:[logConfiguration:1138] - initializationFailTimeout.......1
2025-08-30 11:42:33.158 [main] DEBUG com.zaxxer.hikari.HikariConfig:[logConfiguration:1138] - isolateInternalQueries..........false
2025-08-30 11:42:33.158 [main] DEBUG com.zaxxer.hikari.HikariConfig:[logConfiguration:1138] - jdbcUrl.........................jdbc:mysql://localhost:3306/store_db?useUnicode=true&characterEncoding=utf-8&useSSL=false&serverTimezone=UTC
2025-08-30 11:42:33.158 [main] DEBUG com.zaxxer.hikari.HikariConfig:[logConfiguration:1138] - keepaliveTime...................0
2025-08-30 11:42:33.158 [main] DEBUG com.zaxxer.hikari.HikariConfig:[logConfiguration:1138] - leakDetectionThreshold..........0
2025-08-30 11:42:33.158 [main] DEBUG com.zaxxer.hikari.HikariConfig:[logConfiguration:1138] - maxLifetime.....................1800000
2025-08-30 11:42:33.158 [main] DEBUG com.zaxxer.hikari.HikariConfig:[logConfiguration:1138] - maximumPoolSize.................10
2025-08-30 11:42:33.158 [main] DEBUG com.zaxxer.hikari.HikariConfig:[logConfiguration:1138] - metricRegistry..................none
2025-08-30 11:42:33.158 [main] DEBUG com.zaxxer.hikari.HikariConfig:[logConfiguration:1138] - metricsTrackerFactory...........none
2025-08-30 11:42:33.158 [main] DEBUG com.zaxxer.hikari.HikariConfig:[logConfiguration:1138] - minimumIdle.....................10
2025-08-30 11:42:33.158 [main] DEBUG com.zaxxer.hikari.HikariConfig:[logConfiguration:1138] - password........................<masked>
2025-08-30 11:42:33.159 [main] DEBUG com.zaxxer.hikari.HikariConfig:[logConfiguration:1138] - poolName........................"HikariPool-1"
2025-08-30 11:42:33.159 [main] DEBUG com.zaxxer.hikari.HikariConfig:[logConfiguration:1138] - readOnly........................false
2025-08-30 11:42:33.159 [main] DEBUG com.zaxxer.hikari.HikariConfig:[logConfiguration:1138] - registerMbeans..................false
2025-08-30 11:42:33.159 [main] DEBUG com.zaxxer.hikari.HikariConfig:[logConfiguration:1138] - scheduledExecutor...............none
2025-08-30 11:42:33.159 [main] DEBUG com.zaxxer.hikari.HikariConfig:[logConfiguration:1138] - schema..........................none
2025-08-30 11:42:33.159 [main] DEBUG com.zaxxer.hikari.HikariConfig:[logConfiguration:1138] - threadFactory...................internal
2025-08-30 11:42:33.159 [main] DEBUG com.zaxxer.hikari.HikariConfig:[logConfiguration:1138] - transactionIsolation............default
2025-08-30 11:42:33.160 [main] DEBUG com.zaxxer.hikari.HikariConfig:[logConfiguration:1138] - username........................"root"
2025-08-30 11:42:33.160 [main] DEBUG com.zaxxer.hikari.HikariConfig:[logConfiguration:1138] - validationTimeout...............5000
2025-08-30 11:42:33.160 [main] INFO  com.zaxxer.hikari.HikariDataSource:[getConnection:109] - HikariPool-1 - Starting...
2025-08-30 11:42:33.249 [main] INFO  com.zaxxer.hikari.pool.HikariPool:[checkFailFast:554] - HikariPool-1 - Added connection com.mysql.cj.jdbc.ConnectionImpl@3d88ce0e
2025-08-30 11:42:33.250 [main] INFO  com.zaxxer.hikari.HikariDataSource:[getConnection:122] - HikariPool-1 - Start completed.
2025-08-30 11:42:33.358 [HikariPool-1 housekeeper] DEBUG com.zaxxer.hikari.pool.HikariPool:[logPoolState:405] - HikariPool-1 - Pool stats (total=1, active=0, idle=1, waiting=0)
2025-08-30 11:42:33.358 [main] DEBUG org.mybatis.spring.SqlSessionFactoryBean:[debug:49] - Parsed mapper file: 'file [D:\BUAA\大二暑假\BLM\store-service\target\classes\mapper\FoodMapper.xml]'
2025-08-30 11:42:33.361 [HikariPool-1 connection adder] DEBUG com.zaxxer.hikari.pool.HikariPool:[call:728] - HikariPool-1 - Added connection com.mysql.cj.jdbc.ConnectionImpl@7e53d493
2025-08-30 11:42:33.364 [main] DEBUG org.mybatis.spring.SqlSessionFactoryBean:[debug:49] - Parsed mapper file: 'file [D:\BUAA\大二暑假\BLM\store-service\target\classes\mapper\PromotionMapper.xml]'
2025-08-30 11:42:33.376 [main] DEBUG org.mybatis.spring.SqlSessionFactoryBean:[debug:49] - Parsed mapper file: 'file [D:\BUAA\大二暑假\BLM\store-service\target\classes\mapper\StoreMapper.xml]'
2025-08-30 11:42:33.384 [main] DEBUG o.s.cloud.openfeign.FeignClientFactoryBean:[<init>:125] - Creating a FeignClientFactoryBean.
2025-08-30 11:42:33.405 [HikariPool-1 connection adder] DEBUG com.zaxxer.hikari.pool.HikariPool:[logPoolState:405] - HikariPool-1 - After adding stats (total=2, active=0, idle=2, waiting=0)
2025-08-30 11:42:33.408 [HikariPool-1 connection adder] DEBUG com.zaxxer.hikari.pool.HikariPool:[call:728] - HikariPool-1 - Added connection com.mysql.cj.jdbc.ConnectionImpl@5b7eba72
2025-08-30 11:42:33.452 [HikariPool-1 connection adder] DEBUG com.zaxxer.hikari.pool.HikariPool:[logPoolState:405] - HikariPool-1 - After adding stats (total=3, active=0, idle=3, waiting=0)
2025-08-30 11:42:33.454 [HikariPool-1 connection adder] DEBUG com.zaxxer.hikari.pool.HikariPool:[call:728] - HikariPool-1 - Added connection com.mysql.cj.jdbc.ConnectionImpl@1e3d4668
2025-08-30 11:42:33.486 [HikariPool-1 connection adder] DEBUG com.zaxxer.hikari.pool.HikariPool:[logPoolState:405] - HikariPool-1 - After adding stats (total=4, active=0, idle=4, waiting=0)
2025-08-30 11:42:33.489 [HikariPool-1 connection adder] DEBUG com.zaxxer.hikari.pool.HikariPool:[call:728] - HikariPool-1 - Added connection com.mysql.cj.jdbc.ConnectionImpl@3ce39105
2025-08-30 11:42:33.532 [HikariPool-1 connection adder] DEBUG com.zaxxer.hikari.pool.HikariPool:[logPoolState:405] - HikariPool-1 - After adding stats (total=5, active=0, idle=5, waiting=0)
2025-08-30 11:42:33.534 [HikariPool-1 connection adder] DEBUG com.zaxxer.hikari.pool.HikariPool:[call:728] - HikariPool-1 - Added connection com.mysql.cj.jdbc.ConnectionImpl@5c57bcc2
2025-08-30 11:42:33.540 [main] INFO  o.s.cloud.openfeign.FeignClientFactoryBean:[getTarget:468] - For 'order-service' URL not provided. Will try picking an instance via load-balancing.
2025-08-30 11:42:33.579 [HikariPool-1 connection adder] DEBUG com.zaxxer.hikari.pool.HikariPool:[logPoolState:405] - HikariPool-1 - After adding stats (total=6, active=0, idle=6, waiting=0)
2025-08-30 11:42:33.581 [HikariPool-1 connection adder] DEBUG com.zaxxer.hikari.pool.HikariPool:[call:728] - HikariPool-1 - Added connection com.mysql.cj.jdbc.ConnectionImpl@2db16b5e
2025-08-30 11:42:33.604 [main] DEBUG o.s.cloud.openfeign.FeignClientFactoryBean:[<init>:125] - Creating a FeignClientFactoryBean.
2025-08-30 11:42:33.612 [main] INFO  o.s.cloud.openfeign.FeignClientFactoryBean:[getTarget:468] - For 'user-service' URL not provided. Will try picking an instance via load-balancing.
2025-08-30 11:42:33.626 [HikariPool-1 connection adder] DEBUG com.zaxxer.hikari.pool.HikariPool:[logPoolState:405] - HikariPool-1 - After adding stats (total=7, active=0, idle=7, waiting=0)
2025-08-30 11:42:33.628 [HikariPool-1 connection adder] DEBUG com.zaxxer.hikari.pool.HikariPool:[call:728] - HikariPool-1 - Added connection com.mysql.cj.jdbc.ConnectionImpl@71377ba5
2025-08-30 11:42:33.630 [main] DEBUG o.s.cloud.openfeign.FeignClientFactoryBean:[<init>:125] - Creating a FeignClientFactoryBean.
2025-08-30 11:42:33.631 [main] DEBUG o.s.cloud.openfeign.FeignClientFactoryBean:[<init>:125] - Creating a FeignClientFactoryBean.
2025-08-30 11:42:33.673 [HikariPool-1 connection adder] DEBUG com.zaxxer.hikari.pool.HikariPool:[logPoolState:405] - HikariPool-1 - After adding stats (total=8, active=0, idle=8, waiting=0)
2025-08-30 11:42:33.678 [HikariPool-1 connection adder] DEBUG com.zaxxer.hikari.pool.HikariPool:[call:728] - HikariPool-1 - Added connection com.mysql.cj.jdbc.ConnectionImpl@2bef4df2
2025-08-30 11:42:33.720 [HikariPool-1 connection adder] DEBUG com.zaxxer.hikari.pool.HikariPool:[logPoolState:405] - HikariPool-1 - After adding stats (total=9, active=0, idle=9, waiting=0)
2025-08-30 11:42:33.723 [HikariPool-1 connection adder] DEBUG com.zaxxer.hikari.pool.HikariPool:[call:728] - HikariPool-1 - Added connection com.mysql.cj.jdbc.ConnectionImpl@1ef75ae5
2025-08-30 11:42:33.768 [HikariPool-1 connection adder] DEBUG com.zaxxer.hikari.pool.HikariPool:[logPoolState:405] - HikariPool-1 - After adding stats (total=10, active=0, idle=10, waiting=0)
2025-08-30 11:42:33.817 [main] DEBUG o.m.s.boot.autoconfigure.MybatisAutoConfiguration:[afterPropertiesSet:319] - Not found configuration for registering mapper bean using @MapperScan, MapperFactoryBean and MapperScannerConfigurer.
2025-08-30 11:42:33.943 [main] INFO  o.s.c.n.e.c.DiscoveryClientOptionalArgsConfiguration:[restTemplateDiscoveryClientOptionalArgs:80] - Eureka HTTP Client uses RestTemplate.
2025-08-30 11:42:33.956 [main] WARN  o.s.c.l.c.LoadBalancerCacheAutoConfiguration$LoadBalancerCaffeineWarnLogger:[afterPropertiesSet:94] - Spring Cloud LoadBalancer is currently working with the default cache. While this cache implementation is useful for development and tests, it's recommended to use Caffeine cache in production.You can switch to using Caffeine cache, by adding it and org.springframework.cache.caffeine.CaffeineCacheManager to the classpath.
2025-08-30 11:42:33.985 [main] INFO  o.s.cloud.netflix.eureka.InstanceInfoFactory:[create:67] - Setting initial instance status as: STARTING
2025-08-30 11:42:34.001 [main] INFO  com.netflix.discovery.DiscoveryClient:[<init>:329] - Initializing Eureka in region us-east-1
2025-08-30 11:42:34.003 [main] INFO  c.n.d.shared.resolver.aws.ConfigClusterResolver:[getClusterEndpoints:43] - Resolving eureka endpoints via configuration
2025-08-30 11:42:34.009 [main] INFO  com.netflix.discovery.DiscoveryClient:[fetchRegistry:954] - Disable delta property : false
2025-08-30 11:42:34.009 [main] INFO  com.netflix.discovery.DiscoveryClient:[fetchRegistry:955] - Single vip registry refresh property : null
2025-08-30 11:42:34.009 [main] INFO  com.netflix.discovery.DiscoveryClient:[fetchRegistry:956] - Force full registry fetch : false
2025-08-30 11:42:34.009 [main] INFO  com.netflix.discovery.DiscoveryClient:[fetchRegistry:957] - Application is null : false
2025-08-30 11:42:34.009 [main] INFO  com.netflix.discovery.DiscoveryClient:[fetchRegistry:958] - Registered Applications size is zero : true
2025-08-30 11:42:34.009 [main] INFO  com.netflix.discovery.DiscoveryClient:[fetchRegistry:960] - Application version is -1: true
2025-08-30 11:42:34.009 [main] INFO  com.netflix.discovery.DiscoveryClient:[getAndStoreFullRegistry:1042] - Getting all instance registry info from the eureka server
2025-08-30 11:42:34.236 [main] INFO  com.netflix.discovery.DiscoveryClient:[getAndStoreFullRegistry:1051] - The response status is 200
2025-08-30 11:42:34.237 [main] INFO  com.netflix.discovery.DiscoveryClient:[initScheduledTasks:1266] - Starting heartbeat executor: renew interval is: 10
2025-08-30 11:42:34.238 [main] INFO  com.netflix.discovery.InstanceInfoReplicator:[<init>:64] - InstanceInfoReplicator onDemand update allowed rate per min is 4
2025-08-30 11:42:34.239 [main] INFO  com.netflix.discovery.DiscoveryClient:[<init>:455] - Discovery Client initialized at timestamp 1756525354239 with initial instances count: 2
2025-08-30 11:42:34.242 [main] INFO  o.s.c.n.e.serviceregistry.EurekaServiceRegistry:[register:70] - Registering application STORE-SERVICE with eureka with status UP
2025-08-30 11:42:34.242 [main] INFO  com.netflix.discovery.DiscoveryClient:[notify:1297] - Saw local status change event StatusChangeEvent [timestamp=1756525354242, current=UP, previous=STARTING]
2025-08-30 11:42:34.243 [DiscoveryClient-InstanceInfoReplicator-%d] INFO  com.netflix.discovery.DiscoveryClient:[register:825] - DiscoveryClient_STORE-SERVICE/SS11041203:store-service:8083: registering service...
2025-08-30 11:42:34.256 [main] INFO  o.s.boot.web.embedded.tomcat.TomcatWebServer:[start:243] - Tomcat started on port 8083 (http) with context path '/'
2025-08-30 11:42:34.256 [main] INFO  o.s.c.n.e.s.EurekaAutoServiceRegistration:[onApplicationEvent:150] - Updating port to 8083
2025-08-30 11:42:34.264 [DiscoveryClient-InstanceInfoReplicator-%d] INFO  com.netflix.discovery.DiscoveryClient:[register:834] - DiscoveryClient_STORE-SERVICE/SS11041203:store-service:8083 - registration status: 204
2025-08-30 11:42:34.266 [main] INFO  com.blm.store.StoreApplication:[logStarted:56] - Started StoreApplication in 2.434 seconds (process running for 3.22)
2025-08-30 11:42:36.887 [http-nio-8083-exec-4] INFO  o.a.c.core.ContainerBase.[Tomcat].[localhost].[/]:[log:173] - Initializing Spring DispatcherServlet 'dispatcherServlet'
2025-08-30 11:42:36.888 [http-nio-8083-exec-4] INFO  org.springframework.web.servlet.DispatcherServlet:[initServletBean:532] - Initializing Servlet 'dispatcherServlet'
2025-08-30 11:42:36.888 [http-nio-8083-exec-4] INFO  org.springframework.web.servlet.DispatcherServlet:[initServletBean:554] - Completed initialization in 0 ms
2025-08-30 11:42:43.636 [http-nio-8083-exec-4] DEBUG o.springframework.jdbc.datasource.DataSourceUtils:[doGetConnection:117] - Fetching JDBC Connection from DataSource
2025-08-30 11:43:06.106 [HikariPool-1 housekeeper] DEBUG com.zaxxer.hikari.pool.HikariPool:[logPoolState:405] - HikariPool-1 - Pool stats (total=10, active=0, idle=10, waiting=0)
2025-08-30 11:43:06.106 [HikariPool-1 housekeeper] DEBUG com.zaxxer.hikari.pool.HikariPool:[fillPool:510] - HikariPool-1 - Fill pool skipped, pool has sufficient level or currently being filled.
2025-08-30 11:43:06.136 [DiscoveryClient-HeartbeatExecutor-%d] INFO  com.netflix.discovery.DiscoveryClient:[renew:849] - DiscoveryClient_STORE-SERVICE/SS11041203:store-service:8083 - Re-registering apps/STORE-SERVICE
2025-08-30 11:43:06.138 [DiscoveryClient-HeartbeatExecutor-%d] INFO  com.netflix.discovery.DiscoveryClient:[register:825] - DiscoveryClient_STORE-SERVICE/SS11041203:store-service:8083: registering service...
2025-08-30 11:43:06.141 [DiscoveryClient-HeartbeatExecutor-%d] INFO  com.netflix.discovery.DiscoveryClient:[register:834] - DiscoveryClient_STORE-SERVICE/SS11041203:store-service:8083 - registration status: 204
2025-08-30 11:43:16.052 [SpringApplicationShutdownHook] INFO  o.s.c.n.e.serviceregistry.EurekaServiceRegistry:[deregister:91] - Unregistering application STORE-SERVICE with eureka with status DOWN
2025-08-30 11:43:16.052 [SpringApplicationShutdownHook] INFO  com.netflix.discovery.DiscoveryClient:[notify:1297] - Saw local status change event StatusChangeEvent [timestamp=1756525396052, current=DOWN, previous=UP]
2025-08-30 11:43:16.053 [DiscoveryClient-InstanceInfoReplicator-%d] INFO  com.netflix.discovery.DiscoveryClient:[register:825] - DiscoveryClient_STORE-SERVICE/SS11041203:store-service:8083: registering service...
2025-08-30 11:43:16.063 [DiscoveryClient-InstanceInfoReplicator-%d] INFO  com.netflix.discovery.DiscoveryClient:[register:834] - DiscoveryClient_STORE-SERVICE/SS11041203:store-service:8083 - registration status: 204
2025-08-30 11:43:16.074 [SpringApplicationShutdownHook] INFO  com.zaxxer.hikari.HikariDataSource:[close:349] - HikariPool-1 - Shutdown initiated...
2025-08-30 11:43:16.074 [SpringApplicationShutdownHook] DEBUG com.zaxxer.hikari.pool.HikariPool:[logPoolState:405] - HikariPool-1 - Before shutdown stats (total=10, active=0, idle=10, waiting=0)
2025-08-30 11:43:16.075 [HikariPool-1 connection closer] DEBUG com.zaxxer.hikari.pool.PoolBase:[quietlyCloseConnection:133] - HikariPool-1 - Closing connection com.mysql.cj.jdbc.ConnectionImpl@3d88ce0e: (connection evicted)
2025-08-30 11:43:16.080 [HikariPool-1 connection closer] DEBUG com.zaxxer.hikari.pool.PoolBase:[quietlyCloseConnection:133] - HikariPool-1 - Closing connection com.mysql.cj.jdbc.ConnectionImpl@7e53d493: (connection evicted)
2025-08-30 11:43:16.081 [HikariPool-1 connection closer] DEBUG com.zaxxer.hikari.pool.PoolBase:[quietlyCloseConnection:133] - HikariPool-1 - Closing connection com.mysql.cj.jdbc.ConnectionImpl@5b7eba72: (connection evicted)
2025-08-30 11:43:16.081 [HikariPool-1 connection closer] DEBUG com.zaxxer.hikari.pool.PoolBase:[quietlyCloseConnection:133] - HikariPool-1 - Closing connection com.mysql.cj.jdbc.ConnectionImpl@1e3d4668: (connection evicted)
2025-08-30 11:43:16.081 [HikariPool-1 connection closer] DEBUG com.zaxxer.hikari.pool.PoolBase:[quietlyCloseConnection:133] - HikariPool-1 - Closing connection com.mysql.cj.jdbc.ConnectionImpl@3ce39105: (connection evicted)
2025-08-30 11:43:16.082 [HikariPool-1 connection closer] DEBUG com.zaxxer.hikari.pool.PoolBase:[quietlyCloseConnection:133] - HikariPool-1 - Closing connection com.mysql.cj.jdbc.ConnectionImpl@5c57bcc2: (connection evicted)
2025-08-30 11:43:16.082 [HikariPool-1 connection closer] DEBUG com.zaxxer.hikari.pool.PoolBase:[quietlyCloseConnection:133] - HikariPool-1 - Closing connection com.mysql.cj.jdbc.ConnectionImpl@2db16b5e: (connection evicted)
2025-08-30 11:43:16.082 [HikariPool-1 connection closer] DEBUG com.zaxxer.hikari.pool.PoolBase:[quietlyCloseConnection:133] - HikariPool-1 - Closing connection com.mysql.cj.jdbc.ConnectionImpl@71377ba5: (connection evicted)
2025-08-30 11:43:16.083 [HikariPool-1 connection closer] DEBUG com.zaxxer.hikari.pool.PoolBase:[quietlyCloseConnection:133] - HikariPool-1 - Closing connection com.mysql.cj.jdbc.ConnectionImpl@2bef4df2: (connection evicted)
2025-08-30 11:43:16.083 [HikariPool-1 connection closer] DEBUG com.zaxxer.hikari.pool.PoolBase:[quietlyCloseConnection:133] - HikariPool-1 - Closing connection com.mysql.cj.jdbc.ConnectionImpl@1ef75ae5: (connection evicted)
2025-08-30 11:43:16.084 [SpringApplicationShutdownHook] DEBUG com.zaxxer.hikari.pool.HikariPool:[logPoolState:405] - HikariPool-1 - After shutdown stats (total=0, active=0, idle=0, waiting=0)
2025-08-30 11:43:16.084 [SpringApplicationShutdownHook] INFO  com.zaxxer.hikari.HikariDataSource:[close:351] - HikariPool-1 - Shutdown completed.
2025-08-30 11:43:16.084 [SpringApplicationShutdownHook] INFO  com.netflix.discovery.DiscoveryClient:[shutdown:887] - Shutting down DiscoveryClient ...
2025-08-30 11:43:19.094 [SpringApplicationShutdownHook] INFO  com.netflix.discovery.DiscoveryClient:[unregister:918] - Unregistering ...
2025-08-30 11:43:19.111 [SpringApplicationShutdownHook] INFO  com.netflix.discovery.DiscoveryClient:[unregister:920] - DiscoveryClient_STORE-SERVICE/SS11041203:store-service:8083 - deregister  status: 200
2025-08-30 11:43:19.111 [SpringApplicationShutdownHook] INFO  com.netflix.discovery.DiscoveryClient:[shutdown:907] - Completed shut down of DiscoveryClient
2025-08-30 11:43:22.529 [main] INFO  com.blm.store.StoreApplication:[logStarting:50] - Starting StoreApplication using Java 21.0.8 with PID 29692 (D:\BUAA\大二暑假\BLM\store-service\target\classes started by Lenovo in D:\BUAA\大二暑假\BLM)
2025-08-30 11:43:22.530 [main] DEBUG com.blm.store.StoreApplication:[logStarting:51] - Running with Spring Boot v3.3.3, Spring v6.1.12
2025-08-30 11:43:22.530 [main] INFO  com.blm.store.StoreApplication:[logStartupProfileInfo:660] - The following 1 profile is active: "dev"
2025-08-30 11:43:22.927 [main] DEBUG o.s.cloud.openfeign.FeignClientsRegistrar$1:[scanCandidateComponents:476] - Identified candidate component class: file [D:\BUAA\大二暑假\BLM\common\target\classes\com\blm\common\feign\OrderServiceClient.class]
2025-08-30 11:43:22.928 [main] DEBUG o.s.cloud.openfeign.FeignClientsRegistrar$1:[scanCandidateComponents:476] - Identified candidate component class: file [D:\BUAA\大二暑假\BLM\common\target\classes\com\blm\common\feign\RiderServiceClient.class]
2025-08-30 11:43:22.928 [main] DEBUG o.s.cloud.openfeign.FeignClientsRegistrar$1:[scanCandidateComponents:476] - Identified candidate component class: file [D:\BUAA\大二暑假\BLM\common\target\classes\com\blm\common\feign\StoreServiceClient.class]
2025-08-30 11:43:22.928 [main] DEBUG o.s.cloud.openfeign.FeignClientsRegistrar$1:[scanCandidateComponents:476] - Identified candidate component class: file [D:\BUAA\大二暑假\BLM\common\target\classes\com\blm\common\feign\UserServiceClient.class]
2025-08-30 11:43:23.006 [main] DEBUG o.m.s.boot.autoconfigure.MybatisAutoConfiguration:[registerBeanDefinitions:247] - Searching for mappers annotated with @Mapper
2025-08-30 11:43:23.007 [main] DEBUG o.m.s.boot.autoconfigure.MybatisAutoConfiguration:[lambda$registerBeanDefinitions$0:251] - Using auto-configuration base package 'com.blm.store'
2025-08-30 11:43:23.141 [main] DEBUG org.apache.ibatis.logging.LogFactory:[setImplementation:112] - Logging initialized using 'class org.apache.ibatis.logging.slf4j.Slf4jImpl' adapter.
2025-08-30 11:43:23.144 [main] DEBUG org.mybatis.spring.mapper.ClassPathMapperScanner:[scanCandidateComponents:476] - Identified candidate component class: file [D:\BUAA\大二暑假\BLM\store-service\target\classes\com\blm\store\repository\FoodCategoryRepository.class]
2025-08-30 11:43:23.145 [main] DEBUG org.mybatis.spring.mapper.ClassPathMapperScanner:[scanCandidateComponents:476] - Identified candidate component class: file [D:\BUAA\大二暑假\BLM\store-service\target\classes\com\blm\store\repository\FoodRepository.class]
2025-08-30 11:43:23.145 [main] DEBUG org.mybatis.spring.mapper.ClassPathMapperScanner:[scanCandidateComponents:476] - Identified candidate component class: file [D:\BUAA\大二暑假\BLM\store-service\target\classes\com\blm\store\repository\PromotionRepository.class]
2025-08-30 11:43:23.145 [main] DEBUG org.mybatis.spring.mapper.ClassPathMapperScanner:[scanCandidateComponents:476] - Identified candidate component class: file [D:\BUAA\大二暑假\BLM\store-service\target\classes\com\blm\store\repository\StoreCategoryRepository.class]
2025-08-30 11:43:23.145 [main] DEBUG org.mybatis.spring.mapper.ClassPathMapperScanner:[scanCandidateComponents:476] - Identified candidate component class: file [D:\BUAA\大二暑假\BLM\store-service\target\classes\com\blm\store\repository\StoreRepository.class]
2025-08-30 11:43:23.145 [main] DEBUG org.mybatis.spring.mapper.ClassPathMapperScanner:[debug:49] - Creating MapperFactoryBean with name 'foodCategoryRepository' and 'com.blm.store.repository.FoodCategoryRepository' mapperInterface
2025-08-30 11:43:23.146 [main] DEBUG org.mybatis.spring.mapper.ClassPathMapperScanner:[debug:49] - Creating MapperFactoryBean with name 'foodRepository' and 'com.blm.store.repository.FoodRepository' mapperInterface
2025-08-30 11:43:23.147 [main] DEBUG org.mybatis.spring.mapper.ClassPathMapperScanner:[debug:49] - Creating MapperFactoryBean with name 'promotionRepository' and 'com.blm.store.repository.PromotionRepository' mapperInterface
2025-08-30 11:43:23.147 [main] DEBUG org.mybatis.spring.mapper.ClassPathMapperScanner:[debug:49] - Creating MapperFactoryBean with name 'storeCategoryRepository' and 'com.blm.store.repository.StoreCategoryRepository' mapperInterface
2025-08-30 11:43:23.147 [main] DEBUG org.mybatis.spring.mapper.ClassPathMapperScanner:[debug:49] - Creating MapperFactoryBean with name 'storeRepository' and 'com.blm.store.repository.StoreRepository' mapperInterface
2025-08-30 11:43:23.201 [main] INFO  o.springframework.cloud.context.scope.GenericScope:[setSerializationId:282] - BeanFactory id=9af39289-17b3-3793-86a2-4e31d680bb05
2025-08-30 11:43:23.303 [main] WARN  o.s.c.s.PostProcessorRegistrationDelegate$BeanPostProcessorChecker:[postProcessAfterInitialization:429] - Bean 'org.springframework.cloud.client.loadbalancer.LoadBalancerAutoConfiguration$DeferringLoadBalancerInterceptorConfig' of type [org.springframework.cloud.client.loadbalancer.LoadBalancerAutoConfiguration$DeferringLoadBalancerInterceptorConfig] is not eligible for getting processed by all BeanPostProcessors (for example: not eligible for auto-proxying). The currently created BeanPostProcessor [lbRestClientPostProcessor] is declared through a non-static factory method on that class; consider declaring it as static instead.
2025-08-30 11:43:23.304 [main] WARN  o.s.c.s.PostProcessorRegistrationDelegate$BeanPostProcessorChecker:[postProcessAfterInitialization:437] - Bean 'deferringLoadBalancerInterceptor' of type [org.springframework.cloud.client.loadbalancer.DeferringLoadBalancerInterceptor] is not eligible for getting processed by all BeanPostProcessors (for example: not eligible for auto-proxying). Is this bean getting eagerly injected into a currently created BeanPostProcessor [lbRestClientPostProcessor]? Check the corresponding BeanPostProcessor declaration and its dependencies.
2025-08-30 11:43:23.437 [main] INFO  o.s.boot.web.embedded.tomcat.TomcatWebServer:[initialize:111] - Tomcat initialized with port 8083 (http)
2025-08-30 11:43:23.448 [main] INFO  org.apache.catalina.core.StandardService:[log:173] - Starting service [Tomcat]
2025-08-30 11:43:23.449 [main] INFO  org.apache.catalina.core.StandardEngine:[log:173] - Starting Servlet engine: [Apache Tomcat/10.1.28]
2025-08-30 11:43:23.544 [main] INFO  o.a.c.core.ContainerBase.[Tomcat].[localhost].[/]:[log:173] - Initializing Spring embedded WebApplicationContext
2025-08-30 11:43:23.545 [main] INFO  o.s.b.w.s.c.ServletWebServerApplicationContext:[prepareWebApplicationContext:296] - Root WebApplicationContext: initialization completed in 986 ms
2025-08-30 11:43:23.604 [main] DEBUG com.zaxxer.hikari.HikariConfig:[attemptFromContextLoader:974] - Driver class com.mysql.cj.jdbc.Driver found in Thread context class loader jdk.internal.loader.ClassLoaders$AppClassLoader@36baf30c
2025-08-30 11:43:23.627 [main] DEBUG o.springframework.jdbc.datasource.DataSourceUtils:[doGetConnection:117] - Fetching JDBC Connection from DataSource
2025-08-30 11:43:23.628 [main] DEBUG com.zaxxer.hikari.HikariConfig:[logConfiguration:1106] - HikariPool-1 - configuration:
2025-08-30 11:43:23.629 [main] DEBUG com.zaxxer.hikari.HikariConfig:[logConfiguration:1138] - allowPoolSuspension.............false
2025-08-30 11:43:23.632 [main] DEBUG com.zaxxer.hikari.HikariConfig:[logConfiguration:1138] - autoCommit......................true
2025-08-30 11:43:23.633 [main] DEBUG com.zaxxer.hikari.HikariConfig:[logConfiguration:1138] - catalog.........................none
2025-08-30 11:43:23.634 [main] DEBUG com.zaxxer.hikari.HikariConfig:[logConfiguration:1138] - connectionInitSql...............none
2025-08-30 11:43:23.635 [main] DEBUG com.zaxxer.hikari.HikariConfig:[logConfiguration:1138] - connectionTestQuery.............none
2025-08-30 11:43:23.635 [main] DEBUG com.zaxxer.hikari.HikariConfig:[logConfiguration:1138] - connectionTimeout...............30000
2025-08-30 11:43:23.635 [main] DEBUG com.zaxxer.hikari.HikariConfig:[logConfiguration:1138] - dataSource......................none
2025-08-30 11:43:23.635 [main] DEBUG com.zaxxer.hikari.HikariConfig:[logConfiguration:1138] - dataSourceClassName.............none
2025-08-30 11:43:23.635 [main] DEBUG com.zaxxer.hikari.HikariConfig:[logConfiguration:1138] - dataSourceJNDI..................none
2025-08-30 11:43:23.635 [main] DEBUG com.zaxxer.hikari.HikariConfig:[logConfiguration:1138] - dataSourceProperties............{password=<masked>}
2025-08-30 11:43:23.635 [main] DEBUG com.zaxxer.hikari.HikariConfig:[logConfiguration:1138] - driverClassName................."com.mysql.cj.jdbc.Driver"
2025-08-30 11:43:23.636 [main] DEBUG com.zaxxer.hikari.HikariConfig:[logConfiguration:1138] - exceptionOverrideClassName......none
2025-08-30 11:43:23.636 [main] DEBUG com.zaxxer.hikari.HikariConfig:[logConfiguration:1138] - healthCheckProperties...........{}
2025-08-30 11:43:23.636 [main] DEBUG com.zaxxer.hikari.HikariConfig:[logConfiguration:1138] - healthCheckRegistry.............none
2025-08-30 11:43:23.636 [main] DEBUG com.zaxxer.hikari.HikariConfig:[logConfiguration:1138] - idleTimeout.....................600000
2025-08-30 11:43:23.636 [main] DEBUG com.zaxxer.hikari.HikariConfig:[logConfiguration:1138] - initializationFailTimeout.......1
2025-08-30 11:43:23.636 [main] DEBUG com.zaxxer.hikari.HikariConfig:[logConfiguration:1138] - isolateInternalQueries..........false
2025-08-30 11:43:23.636 [main] DEBUG com.zaxxer.hikari.HikariConfig:[logConfiguration:1138] - jdbcUrl.........................jdbc:mysql://localhost:3306/store_db?useUnicode=true&characterEncoding=utf-8&useSSL=false&serverTimezone=UTC
2025-08-30 11:43:23.636 [main] DEBUG com.zaxxer.hikari.HikariConfig:[logConfiguration:1138] - keepaliveTime...................0
2025-08-30 11:43:23.636 [main] DEBUG com.zaxxer.hikari.HikariConfig:[logConfiguration:1138] - leakDetectionThreshold..........0
2025-08-30 11:43:23.636 [main] DEBUG com.zaxxer.hikari.HikariConfig:[logConfiguration:1138] - maxLifetime.....................1800000
2025-08-30 11:43:23.637 [main] DEBUG com.zaxxer.hikari.HikariConfig:[logConfiguration:1138] - maximumPoolSize.................10
2025-08-30 11:43:23.637 [main] DEBUG com.zaxxer.hikari.HikariConfig:[logConfiguration:1138] - metricRegistry..................none
2025-08-30 11:43:23.637 [main] DEBUG com.zaxxer.hikari.HikariConfig:[logConfiguration:1138] - metricsTrackerFactory...........none
2025-08-30 11:43:23.637 [main] DEBUG com.zaxxer.hikari.HikariConfig:[logConfiguration:1138] - minimumIdle.....................10
2025-08-30 11:43:23.637 [main] DEBUG com.zaxxer.hikari.HikariConfig:[logConfiguration:1138] - password........................<masked>
2025-08-30 11:43:23.637 [main] DEBUG com.zaxxer.hikari.HikariConfig:[logConfiguration:1138] - poolName........................"HikariPool-1"
2025-08-30 11:43:23.637 [main] DEBUG com.zaxxer.hikari.HikariConfig:[logConfiguration:1138] - readOnly........................false
2025-08-30 11:43:23.637 [main] DEBUG com.zaxxer.hikari.HikariConfig:[logConfiguration:1138] - registerMbeans..................false
2025-08-30 11:43:23.637 [main] DEBUG com.zaxxer.hikari.HikariConfig:[logConfiguration:1138] - scheduledExecutor...............none
2025-08-30 11:43:23.637 [main] DEBUG com.zaxxer.hikari.HikariConfig:[logConfiguration:1138] - schema..........................none
2025-08-30 11:43:23.638 [main] DEBUG com.zaxxer.hikari.HikariConfig:[logConfiguration:1138] - threadFactory...................internal
2025-08-30 11:43:23.638 [main] DEBUG com.zaxxer.hikari.HikariConfig:[logConfiguration:1138] - transactionIsolation............default
2025-08-30 11:43:23.638 [main] DEBUG com.zaxxer.hikari.HikariConfig:[logConfiguration:1138] - username........................"root"
2025-08-30 11:43:23.639 [main] DEBUG com.zaxxer.hikari.HikariConfig:[logConfiguration:1138] - validationTimeout...............5000
2025-08-30 11:43:23.639 [main] INFO  com.zaxxer.hikari.HikariDataSource:[getConnection:109] - HikariPool-1 - Starting...
2025-08-30 11:43:23.753 [main] INFO  com.zaxxer.hikari.pool.HikariPool:[checkFailFast:554] - HikariPool-1 - Added connection com.mysql.cj.jdbc.ConnectionImpl@56e5c8fb
2025-08-30 11:43:23.754 [main] INFO  com.zaxxer.hikari.HikariDataSource:[getConnection:122] - HikariPool-1 - Start completed.
2025-08-30 11:43:23.857 [main] DEBUG org.mybatis.spring.SqlSessionFactoryBean:[debug:49] - Parsed mapper file: 'file [D:\BUAA\大二暑假\BLM\store-service\target\classes\mapper\FoodMapper.xml]'
2025-08-30 11:43:23.864 [main] DEBUG org.mybatis.spring.SqlSessionFactoryBean:[debug:49] - Parsed mapper file: 'file [D:\BUAA\大二暑假\BLM\store-service\target\classes\mapper\PromotionMapper.xml]'
2025-08-30 11:43:23.869 [HikariPool-1 housekeeper] DEBUG com.zaxxer.hikari.pool.HikariPool:[logPoolState:405] - HikariPool-1 - Pool stats (total=1, active=0, idle=1, waiting=0)
2025-08-30 11:43:23.873 [HikariPool-1 connection adder] DEBUG com.zaxxer.hikari.pool.HikariPool:[call:728] - HikariPool-1 - Added connection com.mysql.cj.jdbc.ConnectionImpl@54a554ae
2025-08-30 11:43:23.874 [main] DEBUG org.mybatis.spring.SqlSessionFactoryBean:[debug:49] - Parsed mapper file: 'file [D:\BUAA\大二暑假\BLM\store-service\target\classes\mapper\StoreMapper.xml]'
2025-08-30 11:43:23.882 [main] DEBUG o.s.cloud.openfeign.FeignClientFactoryBean:[<init>:125] - Creating a FeignClientFactoryBean.
2025-08-30 11:43:23.917 [HikariPool-1 connection adder] DEBUG com.zaxxer.hikari.pool.HikariPool:[logPoolState:405] - HikariPool-1 - After adding stats (total=2, active=0, idle=2, waiting=0)
2025-08-30 11:43:23.919 [HikariPool-1 connection adder] DEBUG com.zaxxer.hikari.pool.HikariPool:[call:728] - HikariPool-1 - Added connection com.mysql.cj.jdbc.ConnectionImpl@15985e95
2025-08-30 11:43:23.964 [HikariPool-1 connection adder] DEBUG com.zaxxer.hikari.pool.HikariPool:[logPoolState:405] - HikariPool-1 - After adding stats (total=3, active=0, idle=3, waiting=0)
2025-08-30 11:43:23.966 [HikariPool-1 connection adder] DEBUG com.zaxxer.hikari.pool.HikariPool:[call:728] - HikariPool-1 - Added connection com.mysql.cj.jdbc.ConnectionImpl@24472c58
2025-08-30 11:43:23.997 [HikariPool-1 connection adder] DEBUG com.zaxxer.hikari.pool.HikariPool:[logPoolState:405] - HikariPool-1 - After adding stats (total=4, active=0, idle=4, waiting=0)
2025-08-30 11:43:24.002 [HikariPool-1 connection adder] DEBUG com.zaxxer.hikari.pool.HikariPool:[call:728] - HikariPool-1 - Added connection com.mysql.cj.jdbc.ConnectionImpl@75b7a1da
2025-08-30 11:43:24.025 [main] INFO  o.s.cloud.openfeign.FeignClientFactoryBean:[getTarget:468] - For 'order-service' URL not provided. Will try picking an instance via load-balancing.
2025-08-30 11:43:24.043 [HikariPool-1 connection adder] DEBUG com.zaxxer.hikari.pool.HikariPool:[logPoolState:405] - HikariPool-1 - After adding stats (total=5, active=0, idle=5, waiting=0)
2025-08-30 11:43:24.044 [HikariPool-1 connection adder] DEBUG com.zaxxer.hikari.pool.HikariPool:[call:728] - HikariPool-1 - Added connection com.mysql.cj.jdbc.ConnectionImpl@7ab87496
2025-08-30 11:43:24.079 [main] DEBUG o.s.cloud.openfeign.FeignClientFactoryBean:[<init>:125] - Creating a FeignClientFactoryBean.
2025-08-30 11:43:24.087 [main] INFO  o.s.cloud.openfeign.FeignClientFactoryBean:[getTarget:468] - For 'user-service' URL not provided. Will try picking an instance via load-balancing.
2025-08-30 11:43:24.090 [HikariPool-1 connection adder] DEBUG com.zaxxer.hikari.pool.HikariPool:[logPoolState:405] - HikariPool-1 - After adding stats (total=6, active=0, idle=6, waiting=0)
2025-08-30 11:43:24.093 [HikariPool-1 connection adder] DEBUG com.zaxxer.hikari.pool.HikariPool:[call:728] - HikariPool-1 - Added connection com.mysql.cj.jdbc.ConnectionImpl@71f9b8cc
2025-08-30 11:43:24.106 [main] DEBUG o.s.cloud.openfeign.FeignClientFactoryBean:[<init>:125] - Creating a FeignClientFactoryBean.
2025-08-30 11:43:24.107 [main] DEBUG o.s.cloud.openfeign.FeignClientFactoryBean:[<init>:125] - Creating a FeignClientFactoryBean.
2025-08-30 11:43:24.138 [HikariPool-1 connection adder] DEBUG com.zaxxer.hikari.pool.HikariPool:[logPoolState:405] - HikariPool-1 - After adding stats (total=7, active=0, idle=7, waiting=0)
2025-08-30 11:43:24.140 [HikariPool-1 connection adder] DEBUG com.zaxxer.hikari.pool.HikariPool:[call:728] - HikariPool-1 - Added connection com.mysql.cj.jdbc.ConnectionImpl@2a304320
2025-08-30 11:43:24.185 [HikariPool-1 connection adder] DEBUG com.zaxxer.hikari.pool.HikariPool:[logPoolState:405] - HikariPool-1 - After adding stats (total=8, active=0, idle=8, waiting=0)
2025-08-30 11:43:24.188 [HikariPool-1 connection adder] DEBUG com.zaxxer.hikari.pool.HikariPool:[call:728] - HikariPool-1 - Added connection com.mysql.cj.jdbc.ConnectionImpl@6c7b5eec
2025-08-30 11:43:24.231 [HikariPool-1 connection adder] DEBUG com.zaxxer.hikari.pool.HikariPool:[logPoolState:405] - HikariPool-1 - After adding stats (total=9, active=0, idle=9, waiting=0)
2025-08-30 11:43:24.234 [HikariPool-1 connection adder] DEBUG com.zaxxer.hikari.pool.HikariPool:[call:728] - HikariPool-1 - Added connection com.mysql.cj.jdbc.ConnectionImpl@7b1867fa
2025-08-30 11:43:24.256 [main] DEBUG o.m.s.boot.autoconfigure.MybatisAutoConfiguration:[afterPropertiesSet:319] - Not found configuration for registering mapper bean using @MapperScan, MapperFactoryBean and MapperScannerConfigurer.
2025-08-30 11:43:24.278 [HikariPool-1 connection adder] DEBUG com.zaxxer.hikari.pool.HikariPool:[logPoolState:405] - HikariPool-1 - After adding stats (total=10, active=0, idle=10, waiting=0)
2025-08-30 11:43:24.364 [main] INFO  o.s.c.n.e.c.DiscoveryClientOptionalArgsConfiguration:[restTemplateDiscoveryClientOptionalArgs:80] - Eureka HTTP Client uses RestTemplate.
2025-08-30 11:43:24.376 [main] WARN  o.s.c.l.c.LoadBalancerCacheAutoConfiguration$LoadBalancerCaffeineWarnLogger:[afterPropertiesSet:94] - Spring Cloud LoadBalancer is currently working with the default cache. While this cache implementation is useful for development and tests, it's recommended to use Caffeine cache in production.You can switch to using Caffeine cache, by adding it and org.springframework.cache.caffeine.CaffeineCacheManager to the classpath.
2025-08-30 11:43:24.402 [main] INFO  o.s.cloud.netflix.eureka.InstanceInfoFactory:[create:67] - Setting initial instance status as: STARTING
2025-08-30 11:43:24.414 [main] INFO  com.netflix.discovery.DiscoveryClient:[<init>:329] - Initializing Eureka in region us-east-1
2025-08-30 11:43:24.416 [main] INFO  c.n.d.shared.resolver.aws.ConfigClusterResolver:[getClusterEndpoints:43] - Resolving eureka endpoints via configuration
2025-08-30 11:43:24.420 [main] INFO  com.netflix.discovery.DiscoveryClient:[fetchRegistry:954] - Disable delta property : false
2025-08-30 11:43:24.420 [main] INFO  com.netflix.discovery.DiscoveryClient:[fetchRegistry:955] - Single vip registry refresh property : null
2025-08-30 11:43:24.420 [main] INFO  com.netflix.discovery.DiscoveryClient:[fetchRegistry:956] - Force full registry fetch : false
2025-08-30 11:43:24.420 [main] INFO  com.netflix.discovery.DiscoveryClient:[fetchRegistry:957] - Application is null : false
2025-08-30 11:43:24.420 [main] INFO  com.netflix.discovery.DiscoveryClient:[fetchRegistry:958] - Registered Applications size is zero : true
2025-08-30 11:43:24.420 [main] INFO  com.netflix.discovery.DiscoveryClient:[fetchRegistry:960] - Application version is -1: true
2025-08-30 11:43:24.421 [main] INFO  com.netflix.discovery.DiscoveryClient:[getAndStoreFullRegistry:1042] - Getting all instance registry info from the eureka server
2025-08-30 11:43:24.635 [main] INFO  com.netflix.discovery.DiscoveryClient:[getAndStoreFullRegistry:1051] - The response status is 200
2025-08-30 11:43:24.636 [main] INFO  com.netflix.discovery.DiscoveryClient:[initScheduledTasks:1266] - Starting heartbeat executor: renew interval is: 10
2025-08-30 11:43:24.637 [main] INFO  com.netflix.discovery.InstanceInfoReplicator:[<init>:64] - InstanceInfoReplicator onDemand update allowed rate per min is 4
2025-08-30 11:43:24.638 [main] INFO  com.netflix.discovery.DiscoveryClient:[<init>:455] - Discovery Client initialized at timestamp 1756525404638 with initial instances count: 3
2025-08-30 11:43:24.641 [main] INFO  o.s.c.n.e.serviceregistry.EurekaServiceRegistry:[register:70] - Registering application STORE-SERVICE with eureka with status UP
2025-08-30 11:43:24.641 [main] INFO  com.netflix.discovery.DiscoveryClient:[notify:1297] - Saw local status change event StatusChangeEvent [timestamp=1756525404641, current=UP, previous=STARTING]
2025-08-30 11:43:24.642 [DiscoveryClient-InstanceInfoReplicator-%d] INFO  com.netflix.discovery.DiscoveryClient:[register:825] - DiscoveryClient_STORE-SERVICE/SS11041203:store-service:8083: registering service...
2025-08-30 11:43:24.656 [main] INFO  o.s.boot.web.embedded.tomcat.TomcatWebServer:[start:243] - Tomcat started on port 8083 (http) with context path '/'
2025-08-30 11:43:24.656 [main] INFO  o.s.c.n.e.s.EurekaAutoServiceRegistration:[onApplicationEvent:150] - Updating port to 8083
2025-08-30 11:43:24.666 [DiscoveryClient-InstanceInfoReplicator-%d] INFO  com.netflix.discovery.DiscoveryClient:[register:834] - DiscoveryClient_STORE-SERVICE/SS11041203:store-service:8083 - registration status: 204
2025-08-30 11:43:24.667 [main] INFO  com.blm.store.StoreApplication:[logStarted:56] - Started StoreApplication in 2.431 seconds (process running for 2.842)
2025-08-30 11:43:49.348 [http-nio-8083-exec-1] INFO  o.a.c.core.ContainerBase.[Tomcat].[localhost].[/]:[log:173] - Initializing Spring DispatcherServlet 'dispatcherServlet'
2025-08-30 11:43:49.348 [http-nio-8083-exec-1] INFO  org.springframework.web.servlet.DispatcherServlet:[initServletBean:532] - Initializing Servlet 'dispatcherServlet'
2025-08-30 11:43:49.349 [http-nio-8083-exec-1] INFO  org.springframework.web.servlet.DispatcherServlet:[initServletBean:554] - Completed initialization in 1 ms
2025-08-30 11:43:49.420 [http-nio-8083-exec-1] DEBUG o.springframework.jdbc.datasource.DataSourceUtils:[doGetConnection:117] - Fetching JDBC Connection from DataSource
2025-08-30 11:43:49.462 [http-nio-8083-exec-1] DEBUG o.s.jdbc.support.JdbcTransactionManager:[getTransaction:402] - Creating new transaction with name [com.blm.store.service.impl.FoodCategoryServiceImpl.addCategory]: PROPAGATION_REQUIRED,ISOLATION_DEFAULT
2025-08-30 11:43:49.463 [http-nio-8083-exec-1] DEBUG o.s.jdbc.support.JdbcTransactionManager:[doBegin:271] - Acquired Connection [HikariProxyConnection@866231142 wrapping com.mysql.cj.jdbc.ConnectionImpl@56e5c8fb] for JDBC transaction
2025-08-30 11:43:49.465 [http-nio-8083-exec-1] DEBUG o.s.jdbc.support.JdbcTransactionManager:[doBegin:289] - Switching JDBC Connection [HikariProxyConnection@866231142 wrapping com.mysql.cj.jdbc.ConnectionImpl@56e5c8fb] to manual commit
2025-08-30 11:43:49.477 [http-nio-8083-exec-1] INFO  c.blm.store.service.impl.FoodCategoryServiceImpl:[addCategory:46] - 添加商品分类成功，storeId=4，categoryId=7
2025-08-30 11:43:49.479 [http-nio-8083-exec-1] DEBUG o.s.jdbc.support.JdbcTransactionManager:[processCommit:790] - Initiating transaction commit
2025-08-30 11:43:49.479 [http-nio-8083-exec-1] DEBUG o.s.jdbc.support.JdbcTransactionManager:[doCommit:334] - Committing JDBC transaction on Connection [HikariProxyConnection@866231142 wrapping com.mysql.cj.jdbc.ConnectionImpl@56e5c8fb]
2025-08-30 11:43:49.485 [http-nio-8083-exec-1] DEBUG o.s.jdbc.support.JdbcTransactionManager:[doCleanupAfterCompletion:393] - Releasing JDBC Connection [HikariProxyConnection@866231142 wrapping com.mysql.cj.jdbc.ConnectionImpl@56e5c8fb] after transaction
2025-08-30 11:43:53.874 [HikariPool-1 housekeeper] DEBUG com.zaxxer.hikari.pool.HikariPool:[logPoolState:405] - HikariPool-1 - Pool stats (total=10, active=0, idle=10, waiting=0)
2025-08-30 11:43:53.874 [HikariPool-1 housekeeper] DEBUG com.zaxxer.hikari.pool.HikariPool:[fillPool:510] - HikariPool-1 - Fill pool skipped, pool has sufficient level or currently being filled.
2025-08-30 11:44:23.877 [HikariPool-1 housekeeper] DEBUG com.zaxxer.hikari.pool.HikariPool:[logPoolState:405] - HikariPool-1 - Pool stats (total=10, active=0, idle=10, waiting=0)
2025-08-30 11:44:23.878 [HikariPool-1 housekeeper] DEBUG com.zaxxer.hikari.pool.HikariPool:[fillPool:510] - HikariPool-1 - Fill pool skipped, pool has sufficient level or currently being filled.
2025-08-30 11:44:33.269 [http-nio-8083-exec-3] DEBUG o.springframework.jdbc.datasource.DataSourceUtils:[doGetConnection:117] - Fetching JDBC Connection from DataSource
2025-08-30 11:44:53.889 [HikariPool-1 housekeeper] DEBUG com.zaxxer.hikari.pool.HikariPool:[logPoolState:405] - HikariPool-1 - Pool stats (total=10, active=0, idle=10, waiting=0)
2025-08-30 11:44:53.890 [HikariPool-1 housekeeper] DEBUG com.zaxxer.hikari.pool.HikariPool:[fillPool:510] - HikariPool-1 - Fill pool skipped, pool has sufficient level or currently being filled.
2025-08-30 11:45:23.901 [HikariPool-1 housekeeper] DEBUG com.zaxxer.hikari.pool.HikariPool:[logPoolState:405] - HikariPool-1 - Pool stats (total=10, active=0, idle=10, waiting=0)
2025-08-30 11:45:23.902 [HikariPool-1 housekeeper] DEBUG com.zaxxer.hikari.pool.HikariPool:[fillPool:510] - HikariPool-1 - Fill pool skipped, pool has sufficient level or currently being filled.
2025-08-30 11:45:53.911 [HikariPool-1 housekeeper] DEBUG com.zaxxer.hikari.pool.HikariPool:[logPoolState:405] - HikariPool-1 - Pool stats (total=10, active=0, idle=10, waiting=0)
2025-08-30 11:45:53.911 [HikariPool-1 housekeeper] DEBUG com.zaxxer.hikari.pool.HikariPool:[fillPool:510] - HikariPool-1 - Fill pool skipped, pool has sufficient level or currently being filled.
2025-08-30 11:46:23.912 [HikariPool-1 housekeeper] DEBUG com.zaxxer.hikari.pool.HikariPool:[logPoolState:405] - HikariPool-1 - Pool stats (total=10, active=0, idle=10, waiting=0)
2025-08-30 11:46:23.912 [HikariPool-1 housekeeper] DEBUG com.zaxxer.hikari.pool.HikariPool:[fillPool:510] - HikariPool-1 - Fill pool skipped, pool has sufficient level or currently being filled.
2025-08-30 11:46:53.923 [HikariPool-1 housekeeper] DEBUG com.zaxxer.hikari.pool.HikariPool:[logPoolState:405] - HikariPool-1 - Pool stats (total=10, active=0, idle=10, waiting=0)
2025-08-30 11:46:53.923 [HikariPool-1 housekeeper] DEBUG com.zaxxer.hikari.pool.HikariPool:[fillPool:510] - HikariPool-1 - Fill pool skipped, pool has sufficient level or currently being filled.
2025-08-30 11:47:01.817 [SpringApplicationShutdownHook] INFO  o.s.c.n.e.serviceregistry.EurekaServiceRegistry:[deregister:91] - Unregistering application STORE-SERVICE with eureka with status DOWN
2025-08-30 11:47:01.818 [SpringApplicationShutdownHook] INFO  com.netflix.discovery.DiscoveryClient:[notify:1297] - Saw local status change event StatusChangeEvent [timestamp=1756525621818, current=DOWN, previous=UP]
2025-08-30 11:47:01.818 [DiscoveryClient-InstanceInfoReplicator-%d] INFO  com.netflix.discovery.DiscoveryClient:[register:825] - DiscoveryClient_STORE-SERVICE/SS11041203:store-service:8083: registering service...
2025-08-30 11:47:01.840 [DiscoveryClient-InstanceInfoReplicator-%d] INFO  com.netflix.discovery.DiscoveryClient:[register:834] - DiscoveryClient_STORE-SERVICE/SS11041203:store-service:8083 - registration status: 204
2025-08-30 11:47:01.855 [SpringApplicationShutdownHook] INFO  com.zaxxer.hikari.HikariDataSource:[close:349] - HikariPool-1 - Shutdown initiated...
2025-08-30 11:47:01.855 [SpringApplicationShutdownHook] DEBUG com.zaxxer.hikari.pool.HikariPool:[logPoolState:405] - HikariPool-1 - Before shutdown stats (total=10, active=0, idle=10, waiting=0)
2025-08-30 11:47:01.857 [HikariPool-1 connection closer] DEBUG com.zaxxer.hikari.pool.PoolBase:[quietlyCloseConnection:133] - HikariPool-1 - Closing connection com.mysql.cj.jdbc.ConnectionImpl@56e5c8fb: (connection evicted)
2025-08-30 11:47:01.865 [HikariPool-1 connection closer] DEBUG com.zaxxer.hikari.pool.PoolBase:[quietlyCloseConnection:133] - HikariPool-1 - Closing connection com.mysql.cj.jdbc.ConnectionImpl@54a554ae: (connection evicted)
2025-08-30 11:47:01.866 [HikariPool-1 connection closer] DEBUG com.zaxxer.hikari.pool.PoolBase:[quietlyCloseConnection:133] - HikariPool-1 - Closing connection com.mysql.cj.jdbc.ConnectionImpl@15985e95: (connection evicted)
2025-08-30 11:47:01.866 [HikariPool-1 connection closer] DEBUG com.zaxxer.hikari.pool.PoolBase:[quietlyCloseConnection:133] - HikariPool-1 - Closing connection com.mysql.cj.jdbc.ConnectionImpl@24472c58: (connection evicted)
2025-08-30 11:47:01.867 [HikariPool-1 connection closer] DEBUG com.zaxxer.hikari.pool.PoolBase:[quietlyCloseConnection:133] - HikariPool-1 - Closing connection com.mysql.cj.jdbc.ConnectionImpl@75b7a1da: (connection evicted)
2025-08-30 11:47:01.867 [HikariPool-1 connection closer] DEBUG com.zaxxer.hikari.pool.PoolBase:[quietlyCloseConnection:133] - HikariPool-1 - Closing connection com.mysql.cj.jdbc.ConnectionImpl@7ab87496: (connection evicted)
2025-08-30 11:47:01.867 [HikariPool-1 connection closer] DEBUG com.zaxxer.hikari.pool.PoolBase:[quietlyCloseConnection:133] - HikariPool-1 - Closing connection com.mysql.cj.jdbc.ConnectionImpl@71f9b8cc: (connection evicted)
2025-08-30 11:47:01.868 [HikariPool-1 connection closer] DEBUG com.zaxxer.hikari.pool.PoolBase:[quietlyCloseConnection:133] - HikariPool-1 - Closing connection com.mysql.cj.jdbc.ConnectionImpl@2a304320: (connection evicted)
2025-08-30 11:47:01.868 [HikariPool-1 connection closer] DEBUG com.zaxxer.hikari.pool.PoolBase:[quietlyCloseConnection:133] - HikariPool-1 - Closing connection com.mysql.cj.jdbc.ConnectionImpl@6c7b5eec: (connection evicted)
2025-08-30 11:47:01.868 [HikariPool-1 connection closer] DEBUG com.zaxxer.hikari.pool.PoolBase:[quietlyCloseConnection:133] - HikariPool-1 - Closing connection com.mysql.cj.jdbc.ConnectionImpl@7b1867fa: (connection evicted)
2025-08-30 11:47:01.869 [SpringApplicationShutdownHook] DEBUG com.zaxxer.hikari.pool.HikariPool:[logPoolState:405] - HikariPool-1 - After shutdown stats (total=0, active=0, idle=0, waiting=0)
2025-08-30 11:47:01.869 [SpringApplicationShutdownHook] INFO  com.zaxxer.hikari.HikariDataSource:[close:351] - HikariPool-1 - Shutdown completed.
2025-08-30 11:47:01.869 [SpringApplicationShutdownHook] INFO  com.netflix.discovery.DiscoveryClient:[shutdown:887] - Shutting down DiscoveryClient ...
2025-08-30 11:47:04.885 [SpringApplicationShutdownHook] INFO  com.netflix.discovery.DiscoveryClient:[unregister:918] - Unregistering ...
2025-08-30 11:47:04.902 [SpringApplicationShutdownHook] INFO  com.netflix.discovery.DiscoveryClient:[unregister:920] - DiscoveryClient_STORE-SERVICE/SS11041203:store-service:8083 - deregister  status: 200
2025-08-30 11:47:04.902 [SpringApplicationShutdownHook] INFO  com.netflix.discovery.DiscoveryClient:[shutdown:907] - Completed shut down of DiscoveryClient
2025-08-30 11:47:08.521 [main] INFO  com.blm.store.StoreApplication:[logStarting:50] - Starting StoreApplication using Java 21.0.8 with PID 36656 (D:\BUAA\大二暑假\BLM\store-service\target\classes started by Lenovo in D:\BUAA\大二暑假\BLM)
2025-08-30 11:47:08.525 [main] DEBUG com.blm.store.StoreApplication:[logStarting:51] - Running with Spring Boot v3.3.3, Spring v6.1.12
2025-08-30 11:47:08.525 [main] INFO  com.blm.store.StoreApplication:[logStartupProfileInfo:660] - The following 1 profile is active: "dev"
2025-08-30 11:47:08.932 [main] DEBUG o.s.cloud.openfeign.FeignClientsRegistrar$1:[scanCandidateComponents:476] - Identified candidate component class: file [D:\BUAA\大二暑假\BLM\common\target\classes\com\blm\common\feign\OrderServiceClient.class]
2025-08-30 11:47:08.932 [main] DEBUG o.s.cloud.openfeign.FeignClientsRegistrar$1:[scanCandidateComponents:476] - Identified candidate component class: file [D:\BUAA\大二暑假\BLM\common\target\classes\com\blm\common\feign\RiderServiceClient.class]
2025-08-30 11:47:08.932 [main] DEBUG o.s.cloud.openfeign.FeignClientsRegistrar$1:[scanCandidateComponents:476] - Identified candidate component class: file [D:\BUAA\大二暑假\BLM\common\target\classes\com\blm\common\feign\StoreServiceClient.class]
2025-08-30 11:47:08.932 [main] DEBUG o.s.cloud.openfeign.FeignClientsRegistrar$1:[scanCandidateComponents:476] - Identified candidate component class: file [D:\BUAA\大二暑假\BLM\common\target\classes\com\blm\common\feign\UserServiceClient.class]
2025-08-30 11:47:09.001 [main] DEBUG o.m.s.boot.autoconfigure.MybatisAutoConfiguration:[registerBeanDefinitions:247] - Searching for mappers annotated with @Mapper
2025-08-30 11:47:09.002 [main] DEBUG o.m.s.boot.autoconfigure.MybatisAutoConfiguration:[lambda$registerBeanDefinitions$0:251] - Using auto-configuration base package 'com.blm.store'
2025-08-30 11:47:09.126 [main] DEBUG org.apache.ibatis.logging.LogFactory:[setImplementation:112] - Logging initialized using 'class org.apache.ibatis.logging.slf4j.Slf4jImpl' adapter.
2025-08-30 11:47:09.129 [main] DEBUG org.mybatis.spring.mapper.ClassPathMapperScanner:[scanCandidateComponents:476] - Identified candidate component class: file [D:\BUAA\大二暑假\BLM\store-service\target\classes\com\blm\store\repository\FoodCategoryRepository.class]
2025-08-30 11:47:09.129 [main] DEBUG org.mybatis.spring.mapper.ClassPathMapperScanner:[scanCandidateComponents:476] - Identified candidate component class: file [D:\BUAA\大二暑假\BLM\store-service\target\classes\com\blm\store\repository\FoodRepository.class]
2025-08-30 11:47:09.129 [main] DEBUG org.mybatis.spring.mapper.ClassPathMapperScanner:[scanCandidateComponents:476] - Identified candidate component class: file [D:\BUAA\大二暑假\BLM\store-service\target\classes\com\blm\store\repository\PromotionRepository.class]
2025-08-30 11:47:09.129 [main] DEBUG org.mybatis.spring.mapper.ClassPathMapperScanner:[scanCandidateComponents:476] - Identified candidate component class: file [D:\BUAA\大二暑假\BLM\store-service\target\classes\com\blm\store\repository\StoreCategoryRepository.class]
2025-08-30 11:47:09.129 [main] DEBUG org.mybatis.spring.mapper.ClassPathMapperScanner:[scanCandidateComponents:476] - Identified candidate component class: file [D:\BUAA\大二暑假\BLM\store-service\target\classes\com\blm\store\repository\StoreRepository.class]
2025-08-30 11:47:09.130 [main] DEBUG org.mybatis.spring.mapper.ClassPathMapperScanner:[debug:49] - Creating MapperFactoryBean with name 'foodCategoryRepository' and 'com.blm.store.repository.FoodCategoryRepository' mapperInterface
2025-08-30 11:47:09.130 [main] DEBUG org.mybatis.spring.mapper.ClassPathMapperScanner:[debug:49] - Creating MapperFactoryBean with name 'foodRepository' and 'com.blm.store.repository.FoodRepository' mapperInterface
2025-08-30 11:47:09.130 [main] DEBUG org.mybatis.spring.mapper.ClassPathMapperScanner:[debug:49] - Creating MapperFactoryBean with name 'promotionRepository' and 'com.blm.store.repository.PromotionRepository' mapperInterface
2025-08-30 11:47:09.130 [main] DEBUG org.mybatis.spring.mapper.ClassPathMapperScanner:[debug:49] - Creating MapperFactoryBean with name 'storeCategoryRepository' and 'com.blm.store.repository.StoreCategoryRepository' mapperInterface
2025-08-30 11:47:09.131 [main] DEBUG org.mybatis.spring.mapper.ClassPathMapperScanner:[debug:49] - Creating MapperFactoryBean with name 'storeRepository' and 'com.blm.store.repository.StoreRepository' mapperInterface
2025-08-30 11:47:09.182 [main] INFO  o.springframework.cloud.context.scope.GenericScope:[setSerializationId:282] - BeanFactory id=9af39289-17b3-3793-86a2-4e31d680bb05
2025-08-30 11:47:09.289 [main] WARN  o.s.c.s.PostProcessorRegistrationDelegate$BeanPostProcessorChecker:[postProcessAfterInitialization:429] - Bean 'org.springframework.cloud.client.loadbalancer.LoadBalancerAutoConfiguration$DeferringLoadBalancerInterceptorConfig' of type [org.springframework.cloud.client.loadbalancer.LoadBalancerAutoConfiguration$DeferringLoadBalancerInterceptorConfig] is not eligible for getting processed by all BeanPostProcessors (for example: not eligible for auto-proxying). The currently created BeanPostProcessor [lbRestClientPostProcessor] is declared through a non-static factory method on that class; consider declaring it as static instead.
2025-08-30 11:47:09.290 [main] WARN  o.s.c.s.PostProcessorRegistrationDelegate$BeanPostProcessorChecker:[postProcessAfterInitialization:437] - Bean 'deferringLoadBalancerInterceptor' of type [org.springframework.cloud.client.loadbalancer.DeferringLoadBalancerInterceptor] is not eligible for getting processed by all BeanPostProcessors (for example: not eligible for auto-proxying). Is this bean getting eagerly injected into a currently created BeanPostProcessor [lbRestClientPostProcessor]? Check the corresponding BeanPostProcessor declaration and its dependencies.
2025-08-30 11:47:09.426 [main] INFO  o.s.boot.web.embedded.tomcat.TomcatWebServer:[initialize:111] - Tomcat initialized with port 8083 (http)
2025-08-30 11:47:09.434 [main] INFO  org.apache.catalina.core.StandardService:[log:173] - Starting service [Tomcat]
2025-08-30 11:47:09.434 [main] INFO  org.apache.catalina.core.StandardEngine:[log:173] - Starting Servlet engine: [Apache Tomcat/10.1.28]
2025-08-30 11:47:09.485 [main] INFO  o.a.c.core.ContainerBase.[Tomcat].[localhost].[/]:[log:173] - Initializing Spring embedded WebApplicationContext
2025-08-30 11:47:09.485 [main] INFO  o.s.b.w.s.c.ServletWebServerApplicationContext:[prepareWebApplicationContext:296] - Root WebApplicationContext: initialization completed in 931 ms
2025-08-30 11:47:09.521 [main] DEBUG com.zaxxer.hikari.HikariConfig:[attemptFromContextLoader:974] - Driver class com.mysql.cj.jdbc.Driver found in Thread context class loader jdk.internal.loader.ClassLoaders$AppClassLoader@36baf30c
2025-08-30 11:47:09.543 [main] DEBUG o.springframework.jdbc.datasource.DataSourceUtils:[doGetConnection:117] - Fetching JDBC Connection from DataSource
2025-08-30 11:47:09.543 [main] DEBUG com.zaxxer.hikari.HikariConfig:[logConfiguration:1106] - HikariPool-1 - configuration:
2025-08-30 11:47:09.545 [main] DEBUG com.zaxxer.hikari.HikariConfig:[logConfiguration:1138] - allowPoolSuspension.............false
2025-08-30 11:47:09.545 [main] DEBUG com.zaxxer.hikari.HikariConfig:[logConfiguration:1138] - autoCommit......................true
2025-08-30 11:47:09.545 [main] DEBUG com.zaxxer.hikari.HikariConfig:[logConfiguration:1138] - catalog.........................none
2025-08-30 11:47:09.545 [main] DEBUG com.zaxxer.hikari.HikariConfig:[logConfiguration:1138] - connectionInitSql...............none
2025-08-30 11:47:09.546 [main] DEBUG com.zaxxer.hikari.HikariConfig:[logConfiguration:1138] - connectionTestQuery.............none
2025-08-30 11:47:09.546 [main] DEBUG com.zaxxer.hikari.HikariConfig:[logConfiguration:1138] - connectionTimeout...............30000
2025-08-30 11:47:09.546 [main] DEBUG com.zaxxer.hikari.HikariConfig:[logConfiguration:1138] - dataSource......................none
2025-08-30 11:47:09.546 [main] DEBUG com.zaxxer.hikari.HikariConfig:[logConfiguration:1138] - dataSourceClassName.............none
2025-08-30 11:47:09.546 [main] DEBUG com.zaxxer.hikari.HikariConfig:[logConfiguration:1138] - dataSourceJNDI..................none
2025-08-30 11:47:09.547 [main] DEBUG com.zaxxer.hikari.HikariConfig:[logConfiguration:1138] - dataSourceProperties............{password=<masked>}
2025-08-30 11:47:09.547 [main] DEBUG com.zaxxer.hikari.HikariConfig:[logConfiguration:1138] - driverClassName................."com.mysql.cj.jdbc.Driver"
2025-08-30 11:47:09.547 [main] DEBUG com.zaxxer.hikari.HikariConfig:[logConfiguration:1138] - exceptionOverrideClassName......none
2025-08-30 11:47:09.547 [main] DEBUG com.zaxxer.hikari.HikariConfig:[logConfiguration:1138] - healthCheckProperties...........{}
2025-08-30 11:47:09.547 [main] DEBUG com.zaxxer.hikari.HikariConfig:[logConfiguration:1138] - healthCheckRegistry.............none
2025-08-30 11:47:09.547 [main] DEBUG com.zaxxer.hikari.HikariConfig:[logConfiguration:1138] - idleTimeout.....................600000
2025-08-30 11:47:09.547 [main] DEBUG com.zaxxer.hikari.HikariConfig:[logConfiguration:1138] - initializationFailTimeout.......1
2025-08-30 11:47:09.547 [main] DEBUG com.zaxxer.hikari.HikariConfig:[logConfiguration:1138] - isolateInternalQueries..........false
2025-08-30 11:47:09.548 [main] DEBUG com.zaxxer.hikari.HikariConfig:[logConfiguration:1138] - jdbcUrl.........................jdbc:mysql://localhost:3306/store_db?useUnicode=true&characterEncoding=utf-8&useSSL=false&serverTimezone=UTC
2025-08-30 11:47:09.548 [main] DEBUG com.zaxxer.hikari.HikariConfig:[logConfiguration:1138] - keepaliveTime...................0
2025-08-30 11:47:09.548 [main] DEBUG com.zaxxer.hikari.HikariConfig:[logConfiguration:1138] - leakDetectionThreshold..........0
2025-08-30 11:47:09.548 [main] DEBUG com.zaxxer.hikari.HikariConfig:[logConfiguration:1138] - maxLifetime.....................1800000
2025-08-30 11:47:09.548 [main] DEBUG com.zaxxer.hikari.HikariConfig:[logConfiguration:1138] - maximumPoolSize.................10
2025-08-30 11:47:09.548 [main] DEBUG com.zaxxer.hikari.HikariConfig:[logConfiguration:1138] - metricRegistry..................none
2025-08-30 11:47:09.548 [main] DEBUG com.zaxxer.hikari.HikariConfig:[logConfiguration:1138] - metricsTrackerFactory...........none
2025-08-30 11:47:09.548 [main] DEBUG com.zaxxer.hikari.HikariConfig:[logConfiguration:1138] - minimumIdle.....................10
2025-08-30 11:47:09.549 [main] DEBUG com.zaxxer.hikari.HikariConfig:[logConfiguration:1138] - password........................<masked>
2025-08-30 11:47:09.549 [main] DEBUG com.zaxxer.hikari.HikariConfig:[logConfiguration:1138] - poolName........................"HikariPool-1"
2025-08-30 11:47:09.549 [main] DEBUG com.zaxxer.hikari.HikariConfig:[logConfiguration:1138] - readOnly........................false
2025-08-30 11:47:09.549 [main] DEBUG com.zaxxer.hikari.HikariConfig:[logConfiguration:1138] - registerMbeans..................false
2025-08-30 11:47:09.549 [main] DEBUG com.zaxxer.hikari.HikariConfig:[logConfiguration:1138] - scheduledExecutor...............none
2025-08-30 11:47:09.549 [main] DEBUG com.zaxxer.hikari.HikariConfig:[logConfiguration:1138] - schema..........................none
2025-08-30 11:47:09.549 [main] DEBUG com.zaxxer.hikari.HikariConfig:[logConfiguration:1138] - threadFactory...................internal
2025-08-30 11:47:09.549 [main] DEBUG com.zaxxer.hikari.HikariConfig:[logConfiguration:1138] - transactionIsolation............default
2025-08-30 11:47:09.550 [main] DEBUG com.zaxxer.hikari.HikariConfig:[logConfiguration:1138] - username........................"root"
2025-08-30 11:47:09.550 [main] DEBUG com.zaxxer.hikari.HikariConfig:[logConfiguration:1138] - validationTimeout...............5000
2025-08-30 11:47:09.550 [main] INFO  com.zaxxer.hikari.HikariDataSource:[getConnection:109] - HikariPool-1 - Starting...
2025-08-30 11:47:09.628 [main] INFO  com.zaxxer.hikari.pool.HikariPool:[checkFailFast:554] - HikariPool-1 - Added connection com.mysql.cj.jdbc.ConnectionImpl@3b8507df
2025-08-30 11:47:09.629 [main] INFO  com.zaxxer.hikari.HikariDataSource:[getConnection:122] - HikariPool-1 - Start completed.
2025-08-30 11:47:09.729 [HikariPool-1 housekeeper] DEBUG com.zaxxer.hikari.pool.HikariPool:[logPoolState:405] - HikariPool-1 - Pool stats (total=1, active=0, idle=1, waiting=0)
2025-08-30 11:47:09.732 [HikariPool-1 connection adder] DEBUG com.zaxxer.hikari.pool.HikariPool:[call:728] - HikariPool-1 - Added connection com.mysql.cj.jdbc.ConnectionImpl@354ee817
2025-08-30 11:47:09.738 [main] DEBUG org.mybatis.spring.SqlSessionFactoryBean:[debug:49] - Parsed mapper file: 'file [D:\BUAA\大二暑假\BLM\store-service\target\classes\mapper\FoodMapper.xml]'
2025-08-30 11:47:09.746 [main] DEBUG org.mybatis.spring.SqlSessionFactoryBean:[debug:49] - Parsed mapper file: 'file [D:\BUAA\大二暑假\BLM\store-service\target\classes\mapper\PromotionMapper.xml]'
2025-08-30 11:47:09.759 [main] DEBUG org.mybatis.spring.SqlSessionFactoryBean:[debug:49] - Parsed mapper file: 'file [D:\BUAA\大二暑假\BLM\store-service\target\classes\mapper\StoreMapper.xml]'
2025-08-30 11:47:09.768 [main] DEBUG o.s.cloud.openfeign.FeignClientFactoryBean:[<init>:125] - Creating a FeignClientFactoryBean.
2025-08-30 11:47:09.775 [HikariPool-1 connection adder] DEBUG com.zaxxer.hikari.pool.HikariPool:[logPoolState:405] - HikariPool-1 - After adding stats (total=2, active=0, idle=2, waiting=0)
2025-08-30 11:47:09.779 [HikariPool-1 connection adder] DEBUG com.zaxxer.hikari.pool.HikariPool:[call:728] - HikariPool-1 - Added connection com.mysql.cj.jdbc.ConnectionImpl@7473e22c
2025-08-30 11:47:09.823 [HikariPool-1 connection adder] DEBUG com.zaxxer.hikari.pool.HikariPool:[logPoolState:405] - HikariPool-1 - After adding stats (total=3, active=0, idle=3, waiting=0)
2025-08-30 11:47:09.827 [HikariPool-1 connection adder] DEBUG com.zaxxer.hikari.pool.HikariPool:[call:728] - HikariPool-1 - Added connection com.mysql.cj.jdbc.ConnectionImpl@454d92a2
2025-08-30 11:47:09.871 [HikariPool-1 connection adder] DEBUG com.zaxxer.hikari.pool.HikariPool:[logPoolState:405] - HikariPool-1 - After adding stats (total=4, active=0, idle=4, waiting=0)
2025-08-30 11:47:09.874 [HikariPool-1 connection adder] DEBUG com.zaxxer.hikari.pool.HikariPool:[call:728] - HikariPool-1 - Added connection com.mysql.cj.jdbc.ConnectionImpl@145c1d63
2025-08-30 11:47:09.918 [HikariPool-1 connection adder] DEBUG com.zaxxer.hikari.pool.HikariPool:[logPoolState:405] - HikariPool-1 - After adding stats (total=5, active=0, idle=5, waiting=0)
2025-08-30 11:47:09.922 [HikariPool-1 connection adder] DEBUG com.zaxxer.hikari.pool.HikariPool:[call:728] - HikariPool-1 - Added connection com.mysql.cj.jdbc.ConnectionImpl@3445439f
2025-08-30 11:47:09.942 [main] INFO  o.s.cloud.openfeign.FeignClientFactoryBean:[getTarget:468] - For 'order-service' URL not provided. Will try picking an instance via load-balancing.
2025-08-30 11:47:09.966 [HikariPool-1 connection adder] DEBUG com.zaxxer.hikari.pool.HikariPool:[logPoolState:405] - HikariPool-1 - After adding stats (total=6, active=0, idle=6, waiting=0)
2025-08-30 11:47:09.969 [HikariPool-1 connection adder] DEBUG com.zaxxer.hikari.pool.HikariPool:[call:728] - HikariPool-1 - Added connection com.mysql.cj.jdbc.ConnectionImpl@1012e596
2025-08-30 11:47:10.008 [main] DEBUG o.s.cloud.openfeign.FeignClientFactoryBean:[<init>:125] - Creating a FeignClientFactoryBean.
2025-08-30 11:47:10.012 [HikariPool-1 connection adder] DEBUG com.zaxxer.hikari.pool.HikariPool:[logPoolState:405] - HikariPool-1 - After adding stats (total=7, active=0, idle=7, waiting=0)
2025-08-30 11:47:10.014 [HikariPool-1 connection adder] DEBUG com.zaxxer.hikari.pool.HikariPool:[call:728] - HikariPool-1 - Added connection com.mysql.cj.jdbc.ConnectionImpl@338c26d2
2025-08-30 11:47:10.016 [main] INFO  o.s.cloud.openfeign.FeignClientFactoryBean:[getTarget:468] - For 'user-service' URL not provided. Will try picking an instance via load-balancing.
2025-08-30 11:47:10.034 [main] DEBUG o.s.cloud.openfeign.FeignClientFactoryBean:[<init>:125] - Creating a FeignClientFactoryBean.
2025-08-30 11:47:10.035 [main] DEBUG o.s.cloud.openfeign.FeignClientFactoryBean:[<init>:125] - Creating a FeignClientFactoryBean.
2025-08-30 11:47:10.046 [HikariPool-1 connection adder] DEBUG com.zaxxer.hikari.pool.HikariPool:[logPoolState:405] - HikariPool-1 - After adding stats (total=8, active=0, idle=8, waiting=0)
2025-08-30 11:47:10.048 [HikariPool-1 connection adder] DEBUG com.zaxxer.hikari.pool.HikariPool:[call:728] - HikariPool-1 - Added connection com.mysql.cj.jdbc.ConnectionImpl@5ad151ac
2025-08-30 11:47:10.092 [HikariPool-1 connection adder] DEBUG com.zaxxer.hikari.pool.HikariPool:[logPoolState:405] - HikariPool-1 - After adding stats (total=9, active=0, idle=9, waiting=0)
2025-08-30 11:47:10.096 [HikariPool-1 connection adder] DEBUG com.zaxxer.hikari.pool.HikariPool:[call:728] - HikariPool-1 - Added connection com.mysql.cj.jdbc.ConnectionImpl@7b0babd8
2025-08-30 11:47:10.139 [HikariPool-1 connection adder] DEBUG com.zaxxer.hikari.pool.HikariPool:[logPoolState:405] - HikariPool-1 - After adding stats (total=10, active=0, idle=10, waiting=0)
2025-08-30 11:47:10.211 [main] DEBUG o.m.s.boot.autoconfigure.MybatisAutoConfiguration:[afterPropertiesSet:319] - Not found configuration for registering mapper bean using @MapperScan, MapperFactoryBean and MapperScannerConfigurer.
2025-08-30 11:47:10.330 [main] INFO  o.s.c.n.e.c.DiscoveryClientOptionalArgsConfiguration:[restTemplateDiscoveryClientOptionalArgs:80] - Eureka HTTP Client uses RestTemplate.
2025-08-30 11:47:10.341 [main] WARN  o.s.c.l.c.LoadBalancerCacheAutoConfiguration$LoadBalancerCaffeineWarnLogger:[afterPropertiesSet:94] - Spring Cloud LoadBalancer is currently working with the default cache. While this cache implementation is useful for development and tests, it's recommended to use Caffeine cache in production.You can switch to using Caffeine cache, by adding it and org.springframework.cache.caffeine.CaffeineCacheManager to the classpath.
2025-08-30 11:47:10.370 [main] INFO  o.s.cloud.netflix.eureka.InstanceInfoFactory:[create:67] - Setting initial instance status as: STARTING
2025-08-30 11:47:10.381 [main] INFO  com.netflix.discovery.DiscoveryClient:[<init>:329] - Initializing Eureka in region us-east-1
2025-08-30 11:47:10.383 [main] INFO  c.n.d.shared.resolver.aws.ConfigClusterResolver:[getClusterEndpoints:43] - Resolving eureka endpoints via configuration
2025-08-30 11:47:10.388 [main] INFO  com.netflix.discovery.DiscoveryClient:[fetchRegistry:954] - Disable delta property : false
2025-08-30 11:47:10.388 [main] INFO  com.netflix.discovery.DiscoveryClient:[fetchRegistry:955] - Single vip registry refresh property : null
2025-08-30 11:47:10.388 [main] INFO  com.netflix.discovery.DiscoveryClient:[fetchRegistry:956] - Force full registry fetch : false
2025-08-30 11:47:10.388 [main] INFO  com.netflix.discovery.DiscoveryClient:[fetchRegistry:957] - Application is null : false
2025-08-30 11:47:10.388 [main] INFO  com.netflix.discovery.DiscoveryClient:[fetchRegistry:958] - Registered Applications size is zero : true
2025-08-30 11:47:10.388 [main] INFO  com.netflix.discovery.DiscoveryClient:[fetchRegistry:960] - Application version is -1: true
2025-08-30 11:47:10.388 [main] INFO  com.netflix.discovery.DiscoveryClient:[getAndStoreFullRegistry:1042] - Getting all instance registry info from the eureka server
2025-08-30 11:47:10.596 [main] INFO  com.netflix.discovery.DiscoveryClient:[getAndStoreFullRegistry:1051] - The response status is 200
2025-08-30 11:47:10.597 [main] INFO  com.netflix.discovery.DiscoveryClient:[initScheduledTasks:1266] - Starting heartbeat executor: renew interval is: 10
2025-08-30 11:47:10.598 [main] INFO  com.netflix.discovery.InstanceInfoReplicator:[<init>:64] - InstanceInfoReplicator onDemand update allowed rate per min is 4
2025-08-30 11:47:10.599 [main] INFO  com.netflix.discovery.DiscoveryClient:[<init>:455] - Discovery Client initialized at timestamp 1756525630599 with initial instances count: 3
2025-08-30 11:47:10.601 [main] INFO  o.s.c.n.e.serviceregistry.EurekaServiceRegistry:[register:70] - Registering application STORE-SERVICE with eureka with status UP
2025-08-30 11:47:10.602 [main] INFO  com.netflix.discovery.DiscoveryClient:[notify:1297] - Saw local status change event StatusChangeEvent [timestamp=1756525630601, current=UP, previous=STARTING]
2025-08-30 11:47:10.602 [DiscoveryClient-InstanceInfoReplicator-%d] INFO  com.netflix.discovery.DiscoveryClient:[register:825] - DiscoveryClient_STORE-SERVICE/SS11041203:store-service:8083: registering service...
2025-08-30 11:47:10.614 [main] INFO  o.s.boot.web.embedded.tomcat.TomcatWebServer:[start:243] - Tomcat started on port 8083 (http) with context path '/'
2025-08-30 11:47:10.615 [main] INFO  o.s.c.n.e.s.EurekaAutoServiceRegistration:[onApplicationEvent:150] - Updating port to 8083
2025-08-30 11:47:10.622 [DiscoveryClient-InstanceInfoReplicator-%d] INFO  com.netflix.discovery.DiscoveryClient:[register:834] - DiscoveryClient_STORE-SERVICE/SS11041203:store-service:8083 - registration status: 204
2025-08-30 11:47:10.624 [main] INFO  com.blm.store.StoreApplication:[logStarted:56] - Started StoreApplication in 2.417 seconds (process running for 2.858)
2025-08-30 11:47:32.500 [http-nio-8083-exec-1] INFO  o.a.c.core.ContainerBase.[Tomcat].[localhost].[/]:[log:173] - Initializing Spring DispatcherServlet 'dispatcherServlet'
2025-08-30 11:47:32.500 [http-nio-8083-exec-1] INFO  org.springframework.web.servlet.DispatcherServlet:[initServletBean:532] - Initializing Servlet 'dispatcherServlet'
2025-08-30 11:47:32.501 [http-nio-8083-exec-1] INFO  org.springframework.web.servlet.DispatcherServlet:[initServletBean:554] - Completed initialization in 1 ms
2025-08-30 11:47:32.558 [http-nio-8083-exec-1] DEBUG o.springframework.jdbc.datasource.DataSourceUtils:[doGetConnection:117] - Fetching JDBC Connection from DataSource
2025-08-30 11:47:32.595 [http-nio-8083-exec-1] DEBUG o.s.jdbc.support.JdbcTransactionManager:[getTransaction:402] - Creating new transaction with name [com.blm.store.service.impl.FoodCategoryServiceImpl.addCategory]: PROPAGATION_REQUIRED,ISOLATION_DEFAULT
2025-08-30 11:47:32.596 [http-nio-8083-exec-1] DEBUG o.s.jdbc.support.JdbcTransactionManager:[doBegin:271] - Acquired Connection [HikariProxyConnection@189863066 wrapping com.mysql.cj.jdbc.ConnectionImpl@3b8507df] for JDBC transaction
2025-08-30 11:47:32.598 [http-nio-8083-exec-1] DEBUG o.s.jdbc.support.JdbcTransactionManager:[doBegin:289] - Switching JDBC Connection [HikariProxyConnection@189863066 wrapping com.mysql.cj.jdbc.ConnectionImpl@3b8507df] to manual commit
2025-08-30 11:47:32.607 [http-nio-8083-exec-1] INFO  c.blm.store.service.impl.FoodCategoryServiceImpl:[addCategory:46] - 添加商品分类成功，storeId=5，categoryId=8
2025-08-30 11:47:32.608 [http-nio-8083-exec-1] DEBUG o.s.jdbc.support.JdbcTransactionManager:[processCommit:790] - Initiating transaction commit
2025-08-30 11:47:32.609 [http-nio-8083-exec-1] DEBUG o.s.jdbc.support.JdbcTransactionManager:[doCommit:334] - Committing JDBC transaction on Connection [HikariProxyConnection@189863066 wrapping com.mysql.cj.jdbc.ConnectionImpl@3b8507df]
2025-08-30 11:47:32.615 [http-nio-8083-exec-1] DEBUG o.s.jdbc.support.JdbcTransactionManager:[doCleanupAfterCompletion:393] - Releasing JDBC Connection [HikariProxyConnection@189863066 wrapping com.mysql.cj.jdbc.ConnectionImpl@3b8507df] after transaction
2025-08-30 11:47:39.747 [HikariPool-1 housekeeper] DEBUG com.zaxxer.hikari.pool.HikariPool:[logPoolState:405] - HikariPool-1 - Pool stats (total=10, active=0, idle=10, waiting=0)
2025-08-30 11:47:39.748 [HikariPool-1 housekeeper] DEBUG com.zaxxer.hikari.pool.HikariPool:[fillPool:510] - HikariPool-1 - Fill pool skipped, pool has sufficient level or currently being filled.
2025-08-30 11:48:09.760 [HikariPool-1 housekeeper] DEBUG com.zaxxer.hikari.pool.HikariPool:[logPoolState:405] - HikariPool-1 - Pool stats (total=10, active=0, idle=10, waiting=0)
2025-08-30 11:48:09.760 [HikariPool-1 housekeeper] DEBUG com.zaxxer.hikari.pool.HikariPool:[fillPool:510] - HikariPool-1 - Fill pool skipped, pool has sufficient level or currently being filled.
2025-08-30 11:48:39.769 [HikariPool-1 housekeeper] DEBUG com.zaxxer.hikari.pool.HikariPool:[logPoolState:405] - HikariPool-1 - Pool stats (total=10, active=0, idle=10, waiting=0)
2025-08-30 11:48:39.769 [HikariPool-1 housekeeper] DEBUG com.zaxxer.hikari.pool.HikariPool:[fillPool:510] - HikariPool-1 - Fill pool skipped, pool has sufficient level or currently being filled.
2025-08-30 11:49:09.775 [HikariPool-1 housekeeper] DEBUG com.zaxxer.hikari.pool.HikariPool:[logPoolState:405] - HikariPool-1 - Pool stats (total=10, active=0, idle=10, waiting=0)
2025-08-30 11:49:09.776 [HikariPool-1 housekeeper] DEBUG com.zaxxer.hikari.pool.HikariPool:[fillPool:510] - HikariPool-1 - Fill pool skipped, pool has sufficient level or currently being filled.
2025-08-30 11:49:22.133 [http-nio-8083-exec-6] DEBUG o.springframework.jdbc.datasource.DataSourceUtils:[doGetConnection:117] - Fetching JDBC Connection from DataSource
2025-08-30 11:49:22.138 [http-nio-8083-exec-6] DEBUG o.springframework.jdbc.datasource.DataSourceUtils:[doGetConnection:117] - Fetching JDBC Connection from DataSource
2025-08-30 11:49:39.777 [HikariPool-1 housekeeper] DEBUG com.zaxxer.hikari.pool.HikariPool:[logPoolState:405] - HikariPool-1 - Pool stats (total=10, active=0, idle=10, waiting=0)
2025-08-30 11:49:39.777 [HikariPool-1 housekeeper] DEBUG com.zaxxer.hikari.pool.HikariPool:[fillPool:510] - HikariPool-1 - Fill pool skipped, pool has sufficient level or currently being filled.
2025-08-30 11:49:52.714 [http-nio-8083-exec-4] DEBUG o.springframework.jdbc.datasource.DataSourceUtils:[doGetConnection:117] - Fetching JDBC Connection from DataSource
2025-08-30 11:49:52.717 [http-nio-8083-exec-4] DEBUG o.s.jdbc.support.JdbcTransactionManager:[getTransaction:402] - Creating new transaction with name [com.blm.store.service.impl.FoodCategoryServiceImpl.updateCategory]: PROPAGATION_REQUIRED,ISOLATION_DEFAULT
2025-08-30 11:49:52.717 [http-nio-8083-exec-4] DEBUG o.s.jdbc.support.JdbcTransactionManager:[doBegin:271] - Acquired Connection [HikariProxyConnection@105492238 wrapping com.mysql.cj.jdbc.ConnectionImpl@3b8507df] for JDBC transaction
2025-08-30 11:49:52.717 [http-nio-8083-exec-4] DEBUG o.s.jdbc.support.JdbcTransactionManager:[doBegin:289] - Switching JDBC Connection [HikariProxyConnection@105492238 wrapping com.mysql.cj.jdbc.ConnectionImpl@3b8507df] to manual commit
2025-08-30 11:49:52.722 [http-nio-8083-exec-4] INFO  c.blm.store.service.impl.FoodCategoryServiceImpl:[updateCategory:68] - 更新商品分类成功，categoryId=8
2025-08-30 11:49:52.723 [http-nio-8083-exec-4] DEBUG o.s.jdbc.support.JdbcTransactionManager:[processCommit:790] - Initiating transaction commit
2025-08-30 11:49:52.723 [http-nio-8083-exec-4] DEBUG o.s.jdbc.support.JdbcTransactionManager:[doCommit:334] - Committing JDBC transaction on Connection [HikariProxyConnection@105492238 wrapping com.mysql.cj.jdbc.ConnectionImpl@3b8507df]
2025-08-30 11:49:52.728 [http-nio-8083-exec-4] DEBUG o.s.jdbc.support.JdbcTransactionManager:[doCleanupAfterCompletion:393] - Releasing JDBC Connection [HikariProxyConnection@105492238 wrapping com.mysql.cj.jdbc.ConnectionImpl@3b8507df] after transaction
2025-08-30 11:50:09.789 [HikariPool-1 housekeeper] DEBUG com.zaxxer.hikari.pool.HikariPool:[logPoolState:405] - HikariPool-1 - Pool stats (total=10, active=0, idle=10, waiting=0)
2025-08-30 11:50:09.790 [HikariPool-1 housekeeper] DEBUG com.zaxxer.hikari.pool.HikariPool:[fillPool:510] - HikariPool-1 - Fill pool skipped, pool has sufficient level or currently being filled.
2025-08-30 11:50:11.784 [http-nio-8083-exec-5] DEBUG o.springframework.jdbc.datasource.DataSourceUtils:[doGetConnection:117] - Fetching JDBC Connection from DataSource
2025-08-30 11:50:11.788 [http-nio-8083-exec-5] DEBUG o.s.jdbc.support.JdbcTransactionManager:[getTransaction:402] - Creating new transaction with name [com.blm.store.service.impl.FoodCategoryServiceImpl.deleteCategory]: PROPAGATION_REQUIRED,ISOLATION_DEFAULT
2025-08-30 11:50:11.788 [http-nio-8083-exec-5] DEBUG o.s.jdbc.support.JdbcTransactionManager:[doBegin:271] - Acquired Connection [HikariProxyConnection@1149555337 wrapping com.mysql.cj.jdbc.ConnectionImpl@3b8507df] for JDBC transaction
2025-08-30 11:50:11.789 [http-nio-8083-exec-5] DEBUG o.s.jdbc.support.JdbcTransactionManager:[doBegin:289] - Switching JDBC Connection [HikariProxyConnection@1149555337 wrapping com.mysql.cj.jdbc.ConnectionImpl@3b8507df] to manual commit
2025-08-30 11:50:11.796 [http-nio-8083-exec-5] INFO  c.blm.store.service.impl.FoodCategoryServiceImpl:[deleteCategory:86] - 删除商品分类成功，categoryId=8
2025-08-30 11:50:11.796 [http-nio-8083-exec-5] DEBUG o.s.jdbc.support.JdbcTransactionManager:[processCommit:790] - Initiating transaction commit
2025-08-30 11:50:11.796 [http-nio-8083-exec-5] DEBUG o.s.jdbc.support.JdbcTransactionManager:[doCommit:334] - Committing JDBC transaction on Connection [HikariProxyConnection@1149555337 wrapping com.mysql.cj.jdbc.ConnectionImpl@3b8507df]
2025-08-30 11:50:11.802 [http-nio-8083-exec-5] DEBUG o.s.jdbc.support.JdbcTransactionManager:[doCleanupAfterCompletion:393] - Releasing JDBC Connection [HikariProxyConnection@1149555337 wrapping com.mysql.cj.jdbc.ConnectionImpl@3b8507df] after transaction
2025-08-30 11:50:28.751 [http-nio-8083-exec-7] DEBUG o.springframework.jdbc.datasource.DataSourceUtils:[doGetConnection:117] - Fetching JDBC Connection from DataSource
2025-08-30 11:50:39.806 [HikariPool-1 housekeeper] DEBUG com.zaxxer.hikari.pool.HikariPool:[logPoolState:405] - HikariPool-1 - Pool stats (total=10, active=0, idle=10, waiting=0)
2025-08-30 11:50:39.806 [HikariPool-1 housekeeper] DEBUG com.zaxxer.hikari.pool.HikariPool:[fillPool:510] - HikariPool-1 - Fill pool skipped, pool has sufficient level or currently being filled.
2025-08-30 11:51:09.815 [HikariPool-1 housekeeper] DEBUG com.zaxxer.hikari.pool.HikariPool:[logPoolState:405] - HikariPool-1 - Pool stats (total=10, active=0, idle=10, waiting=0)
2025-08-30 11:51:09.816 [HikariPool-1 housekeeper] DEBUG com.zaxxer.hikari.pool.HikariPool:[fillPool:510] - HikariPool-1 - Fill pool skipped, pool has sufficient level or currently being filled.
2025-08-30 11:51:39.828 [HikariPool-1 housekeeper] DEBUG com.zaxxer.hikari.pool.HikariPool:[logPoolState:405] - HikariPool-1 - Pool stats (total=10, active=0, idle=10, waiting=0)
2025-08-30 11:51:39.829 [HikariPool-1 housekeeper] DEBUG com.zaxxer.hikari.pool.HikariPool:[fillPool:510] - HikariPool-1 - Fill pool skipped, pool has sufficient level or currently being filled.
2025-08-30 11:52:04.683 [http-nio-8083-exec-9] DEBUG o.springframework.jdbc.datasource.DataSourceUtils:[doGetConnection:117] - Fetching JDBC Connection from DataSource
2025-08-30 11:52:09.843 [HikariPool-1 housekeeper] DEBUG com.zaxxer.hikari.pool.HikariPool:[logPoolState:405] - HikariPool-1 - Pool stats (total=10, active=0, idle=10, waiting=0)
2025-08-30 11:52:09.843 [HikariPool-1 housekeeper] DEBUG com.zaxxer.hikari.pool.HikariPool:[fillPool:510] - HikariPool-1 - Fill pool skipped, pool has sufficient level or currently being filled.
2025-08-30 11:52:10.392 [AsyncResolver-bootstrap-executor-%d] INFO  c.n.d.shared.resolver.aws.ConfigClusterResolver:[getClusterEndpoints:43] - Resolving eureka endpoints via configuration
2025-08-30 11:52:39.844 [HikariPool-1 housekeeper] DEBUG com.zaxxer.hikari.pool.HikariPool:[logPoolState:405] - HikariPool-1 - Pool stats (total=10, active=0, idle=10, waiting=0)
2025-08-30 11:52:39.844 [HikariPool-1 housekeeper] DEBUG com.zaxxer.hikari.pool.HikariPool:[fillPool:510] - HikariPool-1 - Fill pool skipped, pool has sufficient level or currently being filled.
2025-08-30 11:53:09.850 [HikariPool-1 housekeeper] DEBUG com.zaxxer.hikari.pool.HikariPool:[logPoolState:405] - HikariPool-1 - Pool stats (total=10, active=0, idle=10, waiting=0)
2025-08-30 11:53:09.850 [HikariPool-1 housekeeper] DEBUG com.zaxxer.hikari.pool.HikariPool:[fillPool:510] - HikariPool-1 - Fill pool skipped, pool has sufficient level or currently being filled.
2025-08-30 11:53:12.569 [SpringApplicationShutdownHook] INFO  o.s.c.n.e.serviceregistry.EurekaServiceRegistry:[deregister:91] - Unregistering application STORE-SERVICE with eureka with status DOWN
2025-08-30 11:53:12.569 [SpringApplicationShutdownHook] INFO  com.netflix.discovery.DiscoveryClient:[notify:1297] - Saw local status change event StatusChangeEvent [timestamp=1756525992569, current=DOWN, previous=UP]
2025-08-30 11:53:12.570 [DiscoveryClient-InstanceInfoReplicator-%d] INFO  com.netflix.discovery.DiscoveryClient:[register:825] - DiscoveryClient_STORE-SERVICE/SS11041203:store-service:8083: registering service...
2025-08-30 11:53:12.574 [DiscoveryClient-InstanceInfoReplicator-%d] INFO  com.netflix.discovery.DiscoveryClient:[register:834] - DiscoveryClient_STORE-SERVICE/SS11041203:store-service:8083 - registration status: 204
2025-08-30 11:53:12.594 [SpringApplicationShutdownHook] INFO  com.zaxxer.hikari.HikariDataSource:[close:349] - HikariPool-1 - Shutdown initiated...
2025-08-30 11:53:12.594 [SpringApplicationShutdownHook] DEBUG com.zaxxer.hikari.pool.HikariPool:[logPoolState:405] - HikariPool-1 - Before shutdown stats (total=10, active=0, idle=10, waiting=0)
2025-08-30 11:53:12.595 [HikariPool-1 connection closer] DEBUG com.zaxxer.hikari.pool.PoolBase:[quietlyCloseConnection:133] - HikariPool-1 - Closing connection com.mysql.cj.jdbc.ConnectionImpl@3b8507df: (connection evicted)
2025-08-30 11:53:12.598 [HikariPool-1 connection closer] DEBUG com.zaxxer.hikari.pool.PoolBase:[quietlyCloseConnection:133] - HikariPool-1 - Closing connection com.mysql.cj.jdbc.ConnectionImpl@354ee817: (connection evicted)
2025-08-30 11:53:12.598 [HikariPool-1 connection closer] DEBUG com.zaxxer.hikari.pool.PoolBase:[quietlyCloseConnection:133] - HikariPool-1 - Closing connection com.mysql.cj.jdbc.ConnectionImpl@7473e22c: (connection evicted)
2025-08-30 11:53:12.598 [HikariPool-1 connection closer] DEBUG com.zaxxer.hikari.pool.PoolBase:[quietlyCloseConnection:133] - HikariPool-1 - Closing connection com.mysql.cj.jdbc.ConnectionImpl@454d92a2: (connection evicted)
2025-08-30 11:53:12.598 [HikariPool-1 connection closer] DEBUG com.zaxxer.hikari.pool.PoolBase:[quietlyCloseConnection:133] - HikariPool-1 - Closing connection com.mysql.cj.jdbc.ConnectionImpl@145c1d63: (connection evicted)
2025-08-30 11:53:12.599 [HikariPool-1 connection closer] DEBUG com.zaxxer.hikari.pool.PoolBase:[quietlyCloseConnection:133] - HikariPool-1 - Closing connection com.mysql.cj.jdbc.ConnectionImpl@3445439f: (connection evicted)
2025-08-30 11:53:12.599 [HikariPool-1 connection closer] DEBUG com.zaxxer.hikari.pool.PoolBase:[quietlyCloseConnection:133] - HikariPool-1 - Closing connection com.mysql.cj.jdbc.ConnectionImpl@1012e596: (connection evicted)
2025-08-30 11:53:12.599 [HikariPool-1 connection closer] DEBUG com.zaxxer.hikari.pool.PoolBase:[quietlyCloseConnection:133] - HikariPool-1 - Closing connection com.mysql.cj.jdbc.ConnectionImpl@338c26d2: (connection evicted)
2025-08-30 11:53:12.599 [HikariPool-1 connection closer] DEBUG com.zaxxer.hikari.pool.PoolBase:[quietlyCloseConnection:133] - HikariPool-1 - Closing connection com.mysql.cj.jdbc.ConnectionImpl@5ad151ac: (connection evicted)
2025-08-30 11:53:12.599 [HikariPool-1 connection closer] DEBUG com.zaxxer.hikari.pool.PoolBase:[quietlyCloseConnection:133] - HikariPool-1 - Closing connection com.mysql.cj.jdbc.ConnectionImpl@7b0babd8: (connection evicted)
2025-08-30 11:53:12.600 [SpringApplicationShutdownHook] DEBUG com.zaxxer.hikari.pool.HikariPool:[logPoolState:405] - HikariPool-1 - After shutdown stats (total=0, active=0, idle=0, waiting=0)
2025-08-30 11:53:12.600 [SpringApplicationShutdownHook] INFO  com.zaxxer.hikari.HikariDataSource:[close:351] - HikariPool-1 - Shutdown completed.
2025-08-30 11:53:12.600 [SpringApplicationShutdownHook] INFO  com.netflix.discovery.DiscoveryClient:[shutdown:887] - Shutting down DiscoveryClient ...
2025-08-30 11:53:15.606 [SpringApplicationShutdownHook] INFO  com.netflix.discovery.DiscoveryClient:[unregister:918] - Unregistering ...
2025-08-30 11:53:15.624 [SpringApplicationShutdownHook] INFO  com.netflix.discovery.DiscoveryClient:[unregister:920] - DiscoveryClient_STORE-SERVICE/SS11041203:store-service:8083 - deregister  status: 200
2025-08-30 11:53:15.624 [SpringApplicationShutdownHook] INFO  com.netflix.discovery.DiscoveryClient:[shutdown:907] - Completed shut down of DiscoveryClient
2025-08-30 11:53:19.297 [main] INFO  com.blm.store.StoreApplication:[logStarting:50] - Starting StoreApplication using Java 21.0.8 with PID 41464 (D:\BUAA\大二暑假\BLM\store-service\target\classes started by Lenovo in D:\BUAA\大二暑假\BLM)
2025-08-30 11:53:19.298 [main] DEBUG com.blm.store.StoreApplication:[logStarting:51] - Running with Spring Boot v3.3.3, Spring v6.1.12
2025-08-30 11:53:19.298 [main] INFO  com.blm.store.StoreApplication:[logStartupProfileInfo:660] - The following 1 profile is active: "dev"
2025-08-30 11:53:19.687 [main] DEBUG o.s.cloud.openfeign.FeignClientsRegistrar$1:[scanCandidateComponents:476] - Identified candidate component class: file [D:\BUAA\大二暑假\BLM\common\target\classes\com\blm\common\feign\OrderServiceClient.class]
2025-08-30 11:53:19.687 [main] DEBUG o.s.cloud.openfeign.FeignClientsRegistrar$1:[scanCandidateComponents:476] - Identified candidate component class: file [D:\BUAA\大二暑假\BLM\common\target\classes\com\blm\common\feign\RiderServiceClient.class]
2025-08-30 11:53:19.687 [main] DEBUG o.s.cloud.openfeign.FeignClientsRegistrar$1:[scanCandidateComponents:476] - Identified candidate component class: file [D:\BUAA\大二暑假\BLM\common\target\classes\com\blm\common\feign\StoreServiceClient.class]
2025-08-30 11:53:19.688 [main] DEBUG o.s.cloud.openfeign.FeignClientsRegistrar$1:[scanCandidateComponents:476] - Identified candidate component class: file [D:\BUAA\大二暑假\BLM\common\target\classes\com\blm\common\feign\UserServiceClient.class]
2025-08-30 11:53:19.756 [main] DEBUG o.m.s.boot.autoconfigure.MybatisAutoConfiguration:[registerBeanDefinitions:247] - Searching for mappers annotated with @Mapper
2025-08-30 11:53:19.757 [main] DEBUG o.m.s.boot.autoconfigure.MybatisAutoConfiguration:[lambda$registerBeanDefinitions$0:251] - Using auto-configuration base package 'com.blm.store'
2025-08-30 11:53:19.886 [main] DEBUG org.apache.ibatis.logging.LogFactory:[setImplementation:112] - Logging initialized using 'class org.apache.ibatis.logging.slf4j.Slf4jImpl' adapter.
2025-08-30 11:53:19.889 [main] DEBUG org.mybatis.spring.mapper.ClassPathMapperScanner:[scanCandidateComponents:476] - Identified candidate component class: file [D:\BUAA\大二暑假\BLM\store-service\target\classes\com\blm\store\repository\FoodCategoryRepository.class]
2025-08-30 11:53:19.889 [main] DEBUG org.mybatis.spring.mapper.ClassPathMapperScanner:[scanCandidateComponents:476] - Identified candidate component class: file [D:\BUAA\大二暑假\BLM\store-service\target\classes\com\blm\store\repository\FoodRepository.class]
2025-08-30 11:53:19.889 [main] DEBUG org.mybatis.spring.mapper.ClassPathMapperScanner:[scanCandidateComponents:476] - Identified candidate component class: file [D:\BUAA\大二暑假\BLM\store-service\target\classes\com\blm\store\repository\PromotionRepository.class]
2025-08-30 11:53:19.889 [main] DEBUG org.mybatis.spring.mapper.ClassPathMapperScanner:[scanCandidateComponents:476] - Identified candidate component class: file [D:\BUAA\大二暑假\BLM\store-service\target\classes\com\blm\store\repository\StoreCategoryRepository.class]
2025-08-30 11:53:19.889 [main] DEBUG org.mybatis.spring.mapper.ClassPathMapperScanner:[scanCandidateComponents:476] - Identified candidate component class: file [D:\BUAA\大二暑假\BLM\store-service\target\classes\com\blm\store\repository\StoreRepository.class]
2025-08-30 11:53:19.890 [main] DEBUG org.mybatis.spring.mapper.ClassPathMapperScanner:[debug:49] - Creating MapperFactoryBean with name 'foodCategoryRepository' and 'com.blm.store.repository.FoodCategoryRepository' mapperInterface
2025-08-30 11:53:19.891 [main] DEBUG org.mybatis.spring.mapper.ClassPathMapperScanner:[debug:49] - Creating MapperFactoryBean with name 'foodRepository' and 'com.blm.store.repository.FoodRepository' mapperInterface
2025-08-30 11:53:19.891 [main] DEBUG org.mybatis.spring.mapper.ClassPathMapperScanner:[debug:49] - Creating MapperFactoryBean with name 'promotionRepository' and 'com.blm.store.repository.PromotionRepository' mapperInterface
2025-08-30 11:53:19.892 [main] DEBUG org.mybatis.spring.mapper.ClassPathMapperScanner:[debug:49] - Creating MapperFactoryBean with name 'storeCategoryRepository' and 'com.blm.store.repository.StoreCategoryRepository' mapperInterface
2025-08-30 11:53:19.892 [main] DEBUG org.mybatis.spring.mapper.ClassPathMapperScanner:[debug:49] - Creating MapperFactoryBean with name 'storeRepository' and 'com.blm.store.repository.StoreRepository' mapperInterface
2025-08-30 11:53:19.951 [main] INFO  o.springframework.cloud.context.scope.GenericScope:[setSerializationId:282] - BeanFactory id=9af39289-17b3-3793-86a2-4e31d680bb05
2025-08-30 11:53:20.062 [main] WARN  o.s.c.s.PostProcessorRegistrationDelegate$BeanPostProcessorChecker:[postProcessAfterInitialization:429] - Bean 'org.springframework.cloud.client.loadbalancer.LoadBalancerAutoConfiguration$DeferringLoadBalancerInterceptorConfig' of type [org.springframework.cloud.client.loadbalancer.LoadBalancerAutoConfiguration$DeferringLoadBalancerInterceptorConfig] is not eligible for getting processed by all BeanPostProcessors (for example: not eligible for auto-proxying). The currently created BeanPostProcessor [lbRestClientPostProcessor] is declared through a non-static factory method on that class; consider declaring it as static instead.
2025-08-30 11:53:20.064 [main] WARN  o.s.c.s.PostProcessorRegistrationDelegate$BeanPostProcessorChecker:[postProcessAfterInitialization:437] - Bean 'deferringLoadBalancerInterceptor' of type [org.springframework.cloud.client.loadbalancer.DeferringLoadBalancerInterceptor] is not eligible for getting processed by all BeanPostProcessors (for example: not eligible for auto-proxying). Is this bean getting eagerly injected into a currently created BeanPostProcessor [lbRestClientPostProcessor]? Check the corresponding BeanPostProcessor declaration and its dependencies.
2025-08-30 11:53:20.208 [main] INFO  o.s.boot.web.embedded.tomcat.TomcatWebServer:[initialize:111] - Tomcat initialized with port 8083 (http)
2025-08-30 11:53:20.217 [main] INFO  org.apache.catalina.core.StandardService:[log:173] - Starting service [Tomcat]
2025-08-30 11:53:20.217 [main] INFO  org.apache.catalina.core.StandardEngine:[log:173] - Starting Servlet engine: [Apache Tomcat/10.1.28]
2025-08-30 11:53:20.269 [main] INFO  o.a.c.core.ContainerBase.[Tomcat].[localhost].[/]:[log:173] - Initializing Spring embedded WebApplicationContext
2025-08-30 11:53:20.269 [main] INFO  o.s.b.w.s.c.ServletWebServerApplicationContext:[prepareWebApplicationContext:296] - Root WebApplicationContext: initialization completed in 942 ms
2025-08-30 11:53:20.315 [main] DEBUG com.zaxxer.hikari.HikariConfig:[attemptFromContextLoader:974] - Driver class com.mysql.cj.jdbc.Driver found in Thread context class loader jdk.internal.loader.ClassLoaders$AppClassLoader@36baf30c
2025-08-30 11:53:20.329 [main] DEBUG o.springframework.jdbc.datasource.DataSourceUtils:[doGetConnection:117] - Fetching JDBC Connection from DataSource
2025-08-30 11:53:20.329 [main] DEBUG com.zaxxer.hikari.HikariConfig:[logConfiguration:1106] - HikariPool-1 - configuration:
2025-08-30 11:53:20.331 [main] DEBUG com.zaxxer.hikari.HikariConfig:[logConfiguration:1138] - allowPoolSuspension.............false
2025-08-30 11:53:20.331 [main] DEBUG com.zaxxer.hikari.HikariConfig:[logConfiguration:1138] - autoCommit......................true
2025-08-30 11:53:20.333 [main] DEBUG com.zaxxer.hikari.HikariConfig:[logConfiguration:1138] - catalog.........................none
2025-08-30 11:53:20.333 [main] DEBUG com.zaxxer.hikari.HikariConfig:[logConfiguration:1138] - connectionInitSql...............none
2025-08-30 11:53:20.333 [main] DEBUG com.zaxxer.hikari.HikariConfig:[logConfiguration:1138] - connectionTestQuery.............none
2025-08-30 11:53:20.334 [main] DEBUG com.zaxxer.hikari.HikariConfig:[logConfiguration:1138] - connectionTimeout...............30000
2025-08-30 11:53:20.334 [main] DEBUG com.zaxxer.hikari.HikariConfig:[logConfiguration:1138] - dataSource......................none
2025-08-30 11:53:20.334 [main] DEBUG com.zaxxer.hikari.HikariConfig:[logConfiguration:1138] - dataSourceClassName.............none
2025-08-30 11:53:20.334 [main] DEBUG com.zaxxer.hikari.HikariConfig:[logConfiguration:1138] - dataSourceJNDI..................none
2025-08-30 11:53:20.334 [main] DEBUG com.zaxxer.hikari.HikariConfig:[logConfiguration:1138] - dataSourceProperties............{password=<masked>}
2025-08-30 11:53:20.334 [main] DEBUG com.zaxxer.hikari.HikariConfig:[logConfiguration:1138] - driverClassName................."com.mysql.cj.jdbc.Driver"
2025-08-30 11:53:20.334 [main] DEBUG com.zaxxer.hikari.HikariConfig:[logConfiguration:1138] - exceptionOverrideClassName......none
2025-08-30 11:53:20.334 [main] DEBUG com.zaxxer.hikari.HikariConfig:[logConfiguration:1138] - healthCheckProperties...........{}
2025-08-30 11:53:20.335 [main] DEBUG com.zaxxer.hikari.HikariConfig:[logConfiguration:1138] - healthCheckRegistry.............none
2025-08-30 11:53:20.335 [main] DEBUG com.zaxxer.hikari.HikariConfig:[logConfiguration:1138] - idleTimeout.....................600000
2025-08-30 11:53:20.335 [main] DEBUG com.zaxxer.hikari.HikariConfig:[logConfiguration:1138] - initializationFailTimeout.......1
2025-08-30 11:53:20.335 [main] DEBUG com.zaxxer.hikari.HikariConfig:[logConfiguration:1138] - isolateInternalQueries..........false
2025-08-30 11:53:20.335 [main] DEBUG com.zaxxer.hikari.HikariConfig:[logConfiguration:1138] - jdbcUrl.........................jdbc:mysql://localhost:3306/store_db?useUnicode=true&characterEncoding=utf-8&useSSL=false&serverTimezone=UTC
2025-08-30 11:53:20.335 [main] DEBUG com.zaxxer.hikari.HikariConfig:[logConfiguration:1138] - keepaliveTime...................0
2025-08-30 11:53:20.335 [main] DEBUG com.zaxxer.hikari.HikariConfig:[logConfiguration:1138] - leakDetectionThreshold..........0
2025-08-30 11:53:20.335 [main] DEBUG com.zaxxer.hikari.HikariConfig:[logConfiguration:1138] - maxLifetime.....................1800000
2025-08-30 11:53:20.335 [main] DEBUG com.zaxxer.hikari.HikariConfig:[logConfiguration:1138] - maximumPoolSize.................10
2025-08-30 11:53:20.336 [main] DEBUG com.zaxxer.hikari.HikariConfig:[logConfiguration:1138] - metricRegistry..................none
2025-08-30 11:53:20.336 [main] DEBUG com.zaxxer.hikari.HikariConfig:[logConfiguration:1138] - metricsTrackerFactory...........none
2025-08-30 11:53:20.336 [main] DEBUG com.zaxxer.hikari.HikariConfig:[logConfiguration:1138] - minimumIdle.....................10
2025-08-30 11:53:20.336 [main] DEBUG com.zaxxer.hikari.HikariConfig:[logConfiguration:1138] - password........................<masked>
2025-08-30 11:53:20.336 [main] DEBUG com.zaxxer.hikari.HikariConfig:[logConfiguration:1138] - poolName........................"HikariPool-1"
2025-08-30 11:53:20.336 [main] DEBUG com.zaxxer.hikari.HikariConfig:[logConfiguration:1138] - readOnly........................false
2025-08-30 11:53:20.336 [main] DEBUG com.zaxxer.hikari.HikariConfig:[logConfiguration:1138] - registerMbeans..................false
2025-08-30 11:53:20.336 [main] DEBUG com.zaxxer.hikari.HikariConfig:[logConfiguration:1138] - scheduledExecutor...............none
2025-08-30 11:53:20.336 [main] DEBUG com.zaxxer.hikari.HikariConfig:[logConfiguration:1138] - schema..........................none
2025-08-30 11:53:20.336 [main] DEBUG com.zaxxer.hikari.HikariConfig:[logConfiguration:1138] - threadFactory...................internal
2025-08-30 11:53:20.337 [main] DEBUG com.zaxxer.hikari.HikariConfig:[logConfiguration:1138] - transactionIsolation............default
2025-08-30 11:53:20.337 [main] DEBUG com.zaxxer.hikari.HikariConfig:[logConfiguration:1138] - username........................"root"
2025-08-30 11:53:20.337 [main] DEBUG com.zaxxer.hikari.HikariConfig:[logConfiguration:1138] - validationTimeout...............5000
2025-08-30 11:53:20.337 [main] INFO  com.zaxxer.hikari.HikariDataSource:[getConnection:109] - HikariPool-1 - Starting...
2025-08-30 11:53:20.422 [main] INFO  com.zaxxer.hikari.pool.HikariPool:[checkFailFast:554] - HikariPool-1 - Added connection com.mysql.cj.jdbc.ConnectionImpl@4a833595
2025-08-30 11:53:20.423 [main] INFO  com.zaxxer.hikari.HikariDataSource:[getConnection:122] - HikariPool-1 - Start completed.
2025-08-30 11:53:20.527 [HikariPool-1 housekeeper] DEBUG com.zaxxer.hikari.pool.HikariPool:[logPoolState:405] - HikariPool-1 - Pool stats (total=1, active=0, idle=1, waiting=0)
2025-08-30 11:53:20.530 [HikariPool-1 connection adder] DEBUG com.zaxxer.hikari.pool.HikariPool:[call:728] - HikariPool-1 - Added connection com.mysql.cj.jdbc.ConnectionImpl@5af9b608
2025-08-30 11:53:20.534 [main] DEBUG org.mybatis.spring.SqlSessionFactoryBean:[debug:49] - Parsed mapper file: 'file [D:\BUAA\大二暑假\BLM\store-service\target\classes\mapper\FoodMapper.xml]'
2025-08-30 11:53:20.544 [main] DEBUG org.mybatis.spring.SqlSessionFactoryBean:[debug:49] - Parsed mapper file: 'file [D:\BUAA\大二暑假\BLM\store-service\target\classes\mapper\PromotionMapper.xml]'
2025-08-30 11:53:20.552 [main] DEBUG org.mybatis.spring.SqlSessionFactoryBean:[debug:49] - Parsed mapper file: 'file [D:\BUAA\大二暑假\BLM\store-service\target\classes\mapper\StoreMapper.xml]'
2025-08-30 11:53:20.561 [main] DEBUG o.s.cloud.openfeign.FeignClientFactoryBean:[<init>:125] - Creating a FeignClientFactoryBean.
2025-08-30 11:53:20.575 [HikariPool-1 connection adder] DEBUG com.zaxxer.hikari.pool.HikariPool:[logPoolState:405] - HikariPool-1 - After adding stats (total=2, active=0, idle=2, waiting=0)
2025-08-30 11:53:20.577 [HikariPool-1 connection adder] DEBUG com.zaxxer.hikari.pool.HikariPool:[call:728] - HikariPool-1 - Added connection com.mysql.cj.jdbc.ConnectionImpl@7fd4dc7c
2025-08-30 11:53:20.622 [HikariPool-1 connection adder] DEBUG com.zaxxer.hikari.pool.HikariPool:[logPoolState:405] - HikariPool-1 - After adding stats (total=3, active=0, idle=3, waiting=0)
2025-08-30 11:53:20.625 [HikariPool-1 connection adder] DEBUG com.zaxxer.hikari.pool.HikariPool:[call:728] - HikariPool-1 - Added connection com.mysql.cj.jdbc.ConnectionImpl@72ff9afc
2025-08-30 11:53:20.669 [HikariPool-1 connection adder] DEBUG com.zaxxer.hikari.pool.HikariPool:[logPoolState:405] - HikariPool-1 - After adding stats (total=4, active=0, idle=4, waiting=0)
2025-08-30 11:53:20.672 [HikariPool-1 connection adder] DEBUG com.zaxxer.hikari.pool.HikariPool:[call:728] - HikariPool-1 - Added connection com.mysql.cj.jdbc.ConnectionImpl@7e2f6cfa
2025-08-30 11:53:20.717 [HikariPool-1 connection adder] DEBUG com.zaxxer.hikari.pool.HikariPool:[logPoolState:405] - HikariPool-1 - After adding stats (total=5, active=0, idle=5, waiting=0)
2025-08-30 11:53:20.719 [HikariPool-1 connection adder] DEBUG com.zaxxer.hikari.pool.HikariPool:[call:728] - HikariPool-1 - Added connection com.mysql.cj.jdbc.ConnectionImpl@14bc9272
2025-08-30 11:53:20.744 [main] INFO  o.s.cloud.openfeign.FeignClientFactoryBean:[getTarget:468] - For 'order-service' URL not provided. Will try picking an instance via load-balancing.
2025-08-30 11:53:20.764 [HikariPool-1 connection adder] DEBUG com.zaxxer.hikari.pool.HikariPool:[logPoolState:405] - HikariPool-1 - After adding stats (total=6, active=0, idle=6, waiting=0)
2025-08-30 11:53:20.766 [HikariPool-1 connection adder] DEBUG com.zaxxer.hikari.pool.HikariPool:[call:728] - HikariPool-1 - Added connection com.mysql.cj.jdbc.ConnectionImpl@2c498cb9
2025-08-30 11:53:20.803 [main] DEBUG o.s.cloud.openfeign.FeignClientFactoryBean:[<init>:125] - Creating a FeignClientFactoryBean.
2025-08-30 11:53:20.811 [HikariPool-1 connection adder] DEBUG com.zaxxer.hikari.pool.HikariPool:[logPoolState:405] - HikariPool-1 - After adding stats (total=7, active=0, idle=7, waiting=0)
2025-08-30 11:53:20.811 [main] INFO  o.s.cloud.openfeign.FeignClientFactoryBean:[getTarget:468] - For 'user-service' URL not provided. Will try picking an instance via load-balancing.
2025-08-30 11:53:20.813 [HikariPool-1 connection adder] DEBUG com.zaxxer.hikari.pool.HikariPool:[call:728] - HikariPool-1 - Added connection com.mysql.cj.jdbc.ConnectionImpl@2d80de56
2025-08-30 11:53:20.827 [main] DEBUG o.s.cloud.openfeign.FeignClientFactoryBean:[<init>:125] - Creating a FeignClientFactoryBean.
2025-08-30 11:53:20.828 [main] DEBUG o.s.cloud.openfeign.FeignClientFactoryBean:[<init>:125] - Creating a FeignClientFactoryBean.
2025-08-30 11:53:20.858 [HikariPool-1 connection adder] DEBUG com.zaxxer.hikari.pool.HikariPool:[logPoolState:405] - HikariPool-1 - After adding stats (total=8, active=0, idle=8, waiting=0)
2025-08-30 11:53:20.862 [HikariPool-1 connection adder] DEBUG com.zaxxer.hikari.pool.HikariPool:[call:728] - HikariPool-1 - Added connection com.mysql.cj.jdbc.ConnectionImpl@37eeef33
2025-08-30 11:53:20.905 [HikariPool-1 connection adder] DEBUG com.zaxxer.hikari.pool.HikariPool:[logPoolState:405] - HikariPool-1 - After adding stats (total=9, active=0, idle=9, waiting=0)
2025-08-30 11:53:20.908 [HikariPool-1 connection adder] DEBUG com.zaxxer.hikari.pool.HikariPool:[call:728] - HikariPool-1 - Added connection com.mysql.cj.jdbc.ConnectionImpl@92fbc40
2025-08-30 11:53:20.952 [HikariPool-1 connection adder] DEBUG com.zaxxer.hikari.pool.HikariPool:[logPoolState:405] - HikariPool-1 - After adding stats (total=10, active=0, idle=10, waiting=0)
2025-08-30 11:53:20.994 [main] DEBUG o.m.s.boot.autoconfigure.MybatisAutoConfiguration:[afterPropertiesSet:319] - Not found configuration for registering mapper bean using @MapperScan, MapperFactoryBean and MapperScannerConfigurer.
2025-08-30 11:53:21.106 [main] INFO  o.s.c.n.e.c.DiscoveryClientOptionalArgsConfiguration:[restTemplateDiscoveryClientOptionalArgs:80] - Eureka HTTP Client uses RestTemplate.
2025-08-30 11:53:21.120 [main] WARN  o.s.c.l.c.LoadBalancerCacheAutoConfiguration$LoadBalancerCaffeineWarnLogger:[afterPropertiesSet:94] - Spring Cloud LoadBalancer is currently working with the default cache. While this cache implementation is useful for development and tests, it's recommended to use Caffeine cache in production.You can switch to using Caffeine cache, by adding it and org.springframework.cache.caffeine.CaffeineCacheManager to the classpath.
2025-08-30 11:53:21.151 [main] INFO  o.s.cloud.netflix.eureka.InstanceInfoFactory:[create:67] - Setting initial instance status as: STARTING
2025-08-30 11:53:21.163 [main] INFO  com.netflix.discovery.DiscoveryClient:[<init>:329] - Initializing Eureka in region us-east-1
2025-08-30 11:53:21.166 [main] INFO  c.n.d.shared.resolver.aws.ConfigClusterResolver:[getClusterEndpoints:43] - Resolving eureka endpoints via configuration
2025-08-30 11:53:21.170 [main] INFO  com.netflix.discovery.DiscoveryClient:[fetchRegistry:954] - Disable delta property : false
2025-08-30 11:53:21.170 [main] INFO  com.netflix.discovery.DiscoveryClient:[fetchRegistry:955] - Single vip registry refresh property : null
2025-08-30 11:53:21.171 [main] INFO  com.netflix.discovery.DiscoveryClient:[fetchRegistry:956] - Force full registry fetch : false
2025-08-30 11:53:21.171 [main] INFO  com.netflix.discovery.DiscoveryClient:[fetchRegistry:957] - Application is null : false
2025-08-30 11:53:21.171 [main] INFO  com.netflix.discovery.DiscoveryClient:[fetchRegistry:958] - Registered Applications size is zero : true
2025-08-30 11:53:21.171 [main] INFO  com.netflix.discovery.DiscoveryClient:[fetchRegistry:960] - Application version is -1: true
2025-08-30 11:53:21.171 [main] INFO  com.netflix.discovery.DiscoveryClient:[getAndStoreFullRegistry:1042] - Getting all instance registry info from the eureka server
2025-08-30 11:53:21.383 [main] INFO  com.netflix.discovery.DiscoveryClient:[getAndStoreFullRegistry:1051] - The response status is 200
2025-08-30 11:53:21.385 [main] INFO  com.netflix.discovery.DiscoveryClient:[initScheduledTasks:1266] - Starting heartbeat executor: renew interval is: 10
2025-08-30 11:53:21.386 [main] INFO  com.netflix.discovery.InstanceInfoReplicator:[<init>:64] - InstanceInfoReplicator onDemand update allowed rate per min is 4
2025-08-30 11:53:21.387 [main] INFO  com.netflix.discovery.DiscoveryClient:[<init>:455] - Discovery Client initialized at timestamp 1756526001387 with initial instances count: 3
2025-08-30 11:53:21.389 [main] INFO  o.s.c.n.e.serviceregistry.EurekaServiceRegistry:[register:70] - Registering application STORE-SERVICE with eureka with status UP
2025-08-30 11:53:21.389 [main] INFO  com.netflix.discovery.DiscoveryClient:[notify:1297] - Saw local status change event StatusChangeEvent [timestamp=1756526001389, current=UP, previous=STARTING]
2025-08-30 11:53:21.390 [DiscoveryClient-InstanceInfoReplicator-%d] INFO  com.netflix.discovery.DiscoveryClient:[register:825] - DiscoveryClient_STORE-SERVICE/SS11041203:store-service:8083: registering service...
2025-08-30 11:53:21.403 [main] INFO  o.s.boot.web.embedded.tomcat.TomcatWebServer:[start:243] - Tomcat started on port 8083 (http) with context path '/'
2025-08-30 11:53:21.404 [main] INFO  o.s.c.n.e.s.EurekaAutoServiceRegistration:[onApplicationEvent:150] - Updating port to 8083
2025-08-30 11:53:21.412 [DiscoveryClient-InstanceInfoReplicator-%d] INFO  com.netflix.discovery.DiscoveryClient:[register:834] - DiscoveryClient_STORE-SERVICE/SS11041203:store-service:8083 - registration status: 204
2025-08-30 11:53:21.413 [main] INFO  com.blm.store.StoreApplication:[logStarted:56] - Started StoreApplication in 2.441 seconds (process running for 3.024)
2025-08-30 11:53:25.491 [http-nio-8083-exec-1] INFO  o.a.c.core.ContainerBase.[Tomcat].[localhost].[/]:[log:173] - Initializing Spring DispatcherServlet 'dispatcherServlet'
2025-08-30 11:53:25.492 [http-nio-8083-exec-1] INFO  org.springframework.web.servlet.DispatcherServlet:[initServletBean:532] - Initializing Servlet 'dispatcherServlet'
2025-08-30 11:53:25.493 [http-nio-8083-exec-1] INFO  org.springframework.web.servlet.DispatcherServlet:[initServletBean:554] - Completed initialization in 1 ms
2025-08-30 11:53:36.131 [http-nio-8083-exec-1] DEBUG o.springframework.jdbc.datasource.DataSourceUtils:[doGetConnection:117] - Fetching JDBC Connection from DataSource
2025-08-30 11:54:35.483 [HikariPool-1 housekeeper] WARN  com.zaxxer.hikari.pool.HikariPool:[run:797] - HikariPool-1 - Thread starvation or clock leap detected (housekeeper delta=1m14s956ms113µs400ns).
2025-08-30 11:54:35.483 [HikariPool-1 housekeeper] DEBUG com.zaxxer.hikari.pool.HikariPool:[logPoolState:405] - HikariPool-1 - Pool stats (total=10, active=0, idle=10, waiting=0)
2025-08-30 11:54:35.483 [HikariPool-1 housekeeper] DEBUG com.zaxxer.hikari.pool.HikariPool:[fillPool:510] - HikariPool-1 - Fill pool skipped, pool has sufficient level or currently being filled.
2025-08-30 11:54:35.486 [http-nio-8083-exec-1] DEBUG feign.template.Template:[resolveExpression:133] - Explicit slash decoding specified, decoding all slashes in uri
2025-08-30 11:54:35.486 [http-nio-8083-exec-1] DEBUG feign.template.Template:[resolveExpression:133] - Explicit slash decoding specified, decoding all slashes in uri
2025-08-30 11:54:35.487 [http-nio-8083-exec-1] DEBUG feign.template.Template:[resolveExpression:133] - Explicit slash decoding specified, decoding all slashes in uri
2025-08-30 11:54:35.487 [http-nio-8083-exec-1] DEBUG feign.template.Template:[resolveExpression:133] - Explicit slash decoding specified, decoding all slashes in uri
2025-08-30 11:54:35.488 [http-nio-8083-exec-1] DEBUG com.blm.common.feign.OrderServiceClient:[log:72] - [OrderServiceClient#getReviewsByStoreIdAndRating] ---> GET http://order-service/internal/orders/reviews/store/5/rate?rating=5&page=0&size=10 HTTP/1.1
2025-08-30 11:54:35.489 [http-nio-8083-exec-1] DEBUG com.blm.common.feign.OrderServiceClient:[log:72] - [OrderServiceClient#getReviewsByStoreIdAndRating] ---> END HTTP (0-byte body)
2025-08-30 11:54:35.546 [http-nio-8083-exec-1] WARN  o.s.cloud.loadbalancer.core.RoundRobinLoadBalancer:[getInstanceResponse:98] - No servers available for service: order-service
2025-08-30 11:54:35.549 [http-nio-8083-exec-1] WARN  o.s.c.o.l.FeignBlockingLoadBalancerClient:[execute:124] - Load balancer does not contain an instance for the service order-service
2025-08-30 11:54:35.551 [http-nio-8083-exec-1] DEBUG com.blm.common.feign.OrderServiceClient:[log:72] - [OrderServiceClient#getReviewsByStoreIdAndRating] <--- HTTP/1.1 503 (61ms)
2025-08-30 11:54:35.551 [http-nio-8083-exec-1] DEBUG com.blm.common.feign.OrderServiceClient:[log:72] - [OrderServiceClient#getReviewsByStoreIdAndRating] 
2025-08-30 11:54:35.551 [http-nio-8083-exec-1] DEBUG com.blm.common.feign.OrderServiceClient:[log:72] - [OrderServiceClient#getReviewsByStoreIdAndRating] Load balancer does not contain an instance for the service order-service
2025-08-30 11:54:35.551 [http-nio-8083-exec-1] DEBUG com.blm.common.feign.OrderServiceClient:[log:72] - [OrderServiceClient#getReviewsByStoreIdAndRating] <--- END HTTP (72-byte body)
2025-08-30 11:54:46.790 [http-nio-8083-exec-2] DEBUG o.springframework.jdbc.datasource.DataSourceUtils:[doGetConnection:117] - Fetching JDBC Connection from DataSource
2025-08-30 11:54:56.256 [http-nio-8083-exec-2] DEBUG feign.template.Template:[resolveExpression:133] - Explicit slash decoding specified, decoding all slashes in uri
2025-08-30 11:54:56.256 [http-nio-8083-exec-2] DEBUG feign.template.Template:[resolveExpression:133] - Explicit slash decoding specified, decoding all slashes in uri
2025-08-30 11:54:56.256 [http-nio-8083-exec-2] DEBUG feign.template.Template:[resolveExpression:133] - Explicit slash decoding specified, decoding all slashes in uri
2025-08-30 11:54:56.256 [http-nio-8083-exec-2] DEBUG feign.template.Template:[resolveExpression:133] - Explicit slash decoding specified, decoding all slashes in uri
2025-08-30 11:54:56.257 [http-nio-8083-exec-2] DEBUG com.blm.common.feign.OrderServiceClient:[log:72] - [OrderServiceClient#getReviewsByStoreIdAndRating] ---> GET http://order-service/internal/orders/reviews/store/5/rate?rating=5&page=0&size=10 HTTP/1.1
2025-08-30 11:54:56.257 [http-nio-8083-exec-2] DEBUG com.blm.common.feign.OrderServiceClient:[log:72] - [OrderServiceClient#getReviewsByStoreIdAndRating] ---> END HTTP (0-byte body)
2025-08-30 11:54:56.259 [http-nio-8083-exec-2] WARN  o.s.cloud.loadbalancer.core.RoundRobinLoadBalancer:[getInstanceResponse:98] - No servers available for service: order-service
2025-08-30 11:54:56.259 [http-nio-8083-exec-2] WARN  o.s.c.o.l.FeignBlockingLoadBalancerClient:[execute:124] - Load balancer does not contain an instance for the service order-service
2025-08-30 11:54:56.259 [http-nio-8083-exec-2] DEBUG com.blm.common.feign.OrderServiceClient:[log:72] - [OrderServiceClient#getReviewsByStoreIdAndRating] <--- HTTP/1.1 503 (2ms)
2025-08-30 11:54:56.260 [http-nio-8083-exec-2] DEBUG com.blm.common.feign.OrderServiceClient:[log:72] - [OrderServiceClient#getReviewsByStoreIdAndRating] 
2025-08-30 11:54:56.260 [http-nio-8083-exec-2] DEBUG com.blm.common.feign.OrderServiceClient:[log:72] - [OrderServiceClient#getReviewsByStoreIdAndRating] Load balancer does not contain an instance for the service order-service
2025-08-30 11:54:56.260 [http-nio-8083-exec-2] DEBUG com.blm.common.feign.OrderServiceClient:[log:72] - [OrderServiceClient#getReviewsByStoreIdAndRating] <--- END HTTP (72-byte body)
2025-08-30 11:55:01.073 [SpringApplicationShutdownHook] INFO  o.s.c.n.e.serviceregistry.EurekaServiceRegistry:[deregister:91] - Unregistering application STORE-SERVICE with eureka with status DOWN
2025-08-30 11:55:01.073 [SpringApplicationShutdownHook] INFO  com.netflix.discovery.DiscoveryClient:[notify:1297] - Saw local status change event StatusChangeEvent [timestamp=1756526101073, current=DOWN, previous=UP]
2025-08-30 11:55:01.073 [DiscoveryClient-InstanceInfoReplicator-%d] INFO  com.netflix.discovery.DiscoveryClient:[register:825] - DiscoveryClient_STORE-SERVICE/SS11041203:store-service:8083: registering service...
2025-08-30 11:55:01.088 [DiscoveryClient-InstanceInfoReplicator-%d] INFO  com.netflix.discovery.DiscoveryClient:[register:834] - DiscoveryClient_STORE-SERVICE/SS11041203:store-service:8083 - registration status: 204
2025-08-30 11:55:01.096 [SpringApplicationShutdownHook] INFO  com.zaxxer.hikari.HikariDataSource:[close:349] - HikariPool-1 - Shutdown initiated...
2025-08-30 11:55:01.096 [SpringApplicationShutdownHook] DEBUG com.zaxxer.hikari.pool.HikariPool:[logPoolState:405] - HikariPool-1 - Before shutdown stats (total=10, active=0, idle=10, waiting=0)
2025-08-30 11:55:01.097 [HikariPool-1 connection closer] DEBUG com.zaxxer.hikari.pool.PoolBase:[quietlyCloseConnection:133] - HikariPool-1 - Closing connection com.mysql.cj.jdbc.ConnectionImpl@4a833595: (connection evicted)
2025-08-30 11:55:01.100 [HikariPool-1 connection closer] DEBUG com.zaxxer.hikari.pool.PoolBase:[quietlyCloseConnection:133] - HikariPool-1 - Closing connection com.mysql.cj.jdbc.ConnectionImpl@5af9b608: (connection evicted)
2025-08-30 11:55:01.100 [HikariPool-1 connection closer] DEBUG com.zaxxer.hikari.pool.PoolBase:[quietlyCloseConnection:133] - HikariPool-1 - Closing connection com.mysql.cj.jdbc.ConnectionImpl@7fd4dc7c: (connection evicted)
2025-08-30 11:55:01.100 [HikariPool-1 connection closer] DEBUG com.zaxxer.hikari.pool.PoolBase:[quietlyCloseConnection:133] - HikariPool-1 - Closing connection com.mysql.cj.jdbc.ConnectionImpl@72ff9afc: (connection evicted)
2025-08-30 11:55:01.100 [HikariPool-1 connection closer] DEBUG com.zaxxer.hikari.pool.PoolBase:[quietlyCloseConnection:133] - HikariPool-1 - Closing connection com.mysql.cj.jdbc.ConnectionImpl@7e2f6cfa: (connection evicted)
2025-08-30 11:55:01.101 [HikariPool-1 connection closer] DEBUG com.zaxxer.hikari.pool.PoolBase:[quietlyCloseConnection:133] - HikariPool-1 - Closing connection com.mysql.cj.jdbc.ConnectionImpl@14bc9272: (connection evicted)
2025-08-30 11:55:01.101 [HikariPool-1 connection closer] DEBUG com.zaxxer.hikari.pool.PoolBase:[quietlyCloseConnection:133] - HikariPool-1 - Closing connection com.mysql.cj.jdbc.ConnectionImpl@2c498cb9: (connection evicted)
2025-08-30 11:55:01.101 [HikariPool-1 connection closer] DEBUG com.zaxxer.hikari.pool.PoolBase:[quietlyCloseConnection:133] - HikariPool-1 - Closing connection com.mysql.cj.jdbc.ConnectionImpl@2d80de56: (connection evicted)
2025-08-30 11:55:01.101 [HikariPool-1 connection closer] DEBUG com.zaxxer.hikari.pool.PoolBase:[quietlyCloseConnection:133] - HikariPool-1 - Closing connection com.mysql.cj.jdbc.ConnectionImpl@37eeef33: (connection evicted)
2025-08-30 11:55:01.101 [HikariPool-1 connection closer] DEBUG com.zaxxer.hikari.pool.PoolBase:[quietlyCloseConnection:133] - HikariPool-1 - Closing connection com.mysql.cj.jdbc.ConnectionImpl@92fbc40: (connection evicted)
2025-08-30 11:55:01.102 [SpringApplicationShutdownHook] DEBUG com.zaxxer.hikari.pool.HikariPool:[logPoolState:405] - HikariPool-1 - After shutdown stats (total=0, active=0, idle=0, waiting=0)
2025-08-30 11:55:01.102 [SpringApplicationShutdownHook] INFO  com.zaxxer.hikari.HikariDataSource:[close:351] - HikariPool-1 - Shutdown completed.
2025-08-30 11:55:01.102 [SpringApplicationShutdownHook] INFO  com.netflix.discovery.DiscoveryClient:[shutdown:887] - Shutting down DiscoveryClient ...
2025-08-30 11:55:04.108 [SpringApplicationShutdownHook] INFO  com.netflix.discovery.DiscoveryClient:[unregister:918] - Unregistering ...
2025-08-30 11:55:04.125 [SpringApplicationShutdownHook] INFO  com.netflix.discovery.DiscoveryClient:[unregister:920] - DiscoveryClient_STORE-SERVICE/SS11041203:store-service:8083 - deregister  status: 200
2025-08-30 11:55:04.125 [SpringApplicationShutdownHook] INFO  com.netflix.discovery.DiscoveryClient:[shutdown:907] - Completed shut down of DiscoveryClient
2025-08-30 11:55:07.046 [main] INFO  com.blm.store.StoreApplication:[logStarting:50] - Starting StoreApplication using Java 21.0.8 with PID 9420 (D:\BUAA\大二暑假\BLM\store-service\target\classes started by Lenovo in D:\BUAA\大二暑假\BLM)
2025-08-30 11:55:07.047 [main] DEBUG com.blm.store.StoreApplication:[logStarting:51] - Running with Spring Boot v3.3.3, Spring v6.1.12
2025-08-30 11:55:07.048 [main] INFO  com.blm.store.StoreApplication:[logStartupProfileInfo:660] - The following 1 profile is active: "dev"
2025-08-30 11:55:07.428 [main] DEBUG o.s.cloud.openfeign.FeignClientsRegistrar$1:[scanCandidateComponents:476] - Identified candidate component class: file [D:\BUAA\大二暑假\BLM\common\target\classes\com\blm\common\feign\OrderServiceClient.class]
2025-08-30 11:55:07.428 [main] DEBUG o.s.cloud.openfeign.FeignClientsRegistrar$1:[scanCandidateComponents:476] - Identified candidate component class: file [D:\BUAA\大二暑假\BLM\common\target\classes\com\blm\common\feign\RiderServiceClient.class]
2025-08-30 11:55:07.428 [main] DEBUG o.s.cloud.openfeign.FeignClientsRegistrar$1:[scanCandidateComponents:476] - Identified candidate component class: file [D:\BUAA\大二暑假\BLM\common\target\classes\com\blm\common\feign\StoreServiceClient.class]
2025-08-30 11:55:07.428 [main] DEBUG o.s.cloud.openfeign.FeignClientsRegistrar$1:[scanCandidateComponents:476] - Identified candidate component class: file [D:\BUAA\大二暑假\BLM\common\target\classes\com\blm\common\feign\UserServiceClient.class]
2025-08-30 11:55:07.500 [main] DEBUG o.m.s.boot.autoconfigure.MybatisAutoConfiguration:[registerBeanDefinitions:247] - Searching for mappers annotated with @Mapper
2025-08-30 11:55:07.500 [main] DEBUG o.m.s.boot.autoconfigure.MybatisAutoConfiguration:[lambda$registerBeanDefinitions$0:251] - Using auto-configuration base package 'com.blm.store'
2025-08-30 11:55:07.626 [main] DEBUG org.apache.ibatis.logging.LogFactory:[setImplementation:112] - Logging initialized using 'class org.apache.ibatis.logging.slf4j.Slf4jImpl' adapter.
2025-08-30 11:55:07.629 [main] DEBUG org.mybatis.spring.mapper.ClassPathMapperScanner:[scanCandidateComponents:476] - Identified candidate component class: file [D:\BUAA\大二暑假\BLM\store-service\target\classes\com\blm\store\repository\FoodCategoryRepository.class]
2025-08-30 11:55:07.629 [main] DEBUG org.mybatis.spring.mapper.ClassPathMapperScanner:[scanCandidateComponents:476] - Identified candidate component class: file [D:\BUAA\大二暑假\BLM\store-service\target\classes\com\blm\store\repository\FoodRepository.class]
2025-08-30 11:55:07.629 [main] DEBUG org.mybatis.spring.mapper.ClassPathMapperScanner:[scanCandidateComponents:476] - Identified candidate component class: file [D:\BUAA\大二暑假\BLM\store-service\target\classes\com\blm\store\repository\PromotionRepository.class]
2025-08-30 11:55:07.630 [main] DEBUG org.mybatis.spring.mapper.ClassPathMapperScanner:[scanCandidateComponents:476] - Identified candidate component class: file [D:\BUAA\大二暑假\BLM\store-service\target\classes\com\blm\store\repository\StoreCategoryRepository.class]
2025-08-30 11:55:07.630 [main] DEBUG org.mybatis.spring.mapper.ClassPathMapperScanner:[scanCandidateComponents:476] - Identified candidate component class: file [D:\BUAA\大二暑假\BLM\store-service\target\classes\com\blm\store\repository\StoreRepository.class]
2025-08-30 11:55:07.630 [main] DEBUG org.mybatis.spring.mapper.ClassPathMapperScanner:[debug:49] - Creating MapperFactoryBean with name 'foodCategoryRepository' and 'com.blm.store.repository.FoodCategoryRepository' mapperInterface
2025-08-30 11:55:07.631 [main] DEBUG org.mybatis.spring.mapper.ClassPathMapperScanner:[debug:49] - Creating MapperFactoryBean with name 'foodRepository' and 'com.blm.store.repository.FoodRepository' mapperInterface
2025-08-30 11:55:07.631 [main] DEBUG org.mybatis.spring.mapper.ClassPathMapperScanner:[debug:49] - Creating MapperFactoryBean with name 'promotionRepository' and 'com.blm.store.repository.PromotionRepository' mapperInterface
2025-08-30 11:55:07.632 [main] DEBUG org.mybatis.spring.mapper.ClassPathMapperScanner:[debug:49] - Creating MapperFactoryBean with name 'storeCategoryRepository' and 'com.blm.store.repository.StoreCategoryRepository' mapperInterface
2025-08-30 11:55:07.632 [main] DEBUG org.mybatis.spring.mapper.ClassPathMapperScanner:[debug:49] - Creating MapperFactoryBean with name 'storeRepository' and 'com.blm.store.repository.StoreRepository' mapperInterface
2025-08-30 11:55:07.683 [main] INFO  o.springframework.cloud.context.scope.GenericScope:[setSerializationId:282] - BeanFactory id=9af39289-17b3-3793-86a2-4e31d680bb05
2025-08-30 11:55:07.796 [main] WARN  o.s.c.s.PostProcessorRegistrationDelegate$BeanPostProcessorChecker:[postProcessAfterInitialization:429] - Bean 'org.springframework.cloud.client.loadbalancer.LoadBalancerAutoConfiguration$DeferringLoadBalancerInterceptorConfig' of type [org.springframework.cloud.client.loadbalancer.LoadBalancerAutoConfiguration$DeferringLoadBalancerInterceptorConfig] is not eligible for getting processed by all BeanPostProcessors (for example: not eligible for auto-proxying). The currently created BeanPostProcessor [lbRestClientPostProcessor] is declared through a non-static factory method on that class; consider declaring it as static instead.
2025-08-30 11:55:07.798 [main] WARN  o.s.c.s.PostProcessorRegistrationDelegate$BeanPostProcessorChecker:[postProcessAfterInitialization:437] - Bean 'deferringLoadBalancerInterceptor' of type [org.springframework.cloud.client.loadbalancer.DeferringLoadBalancerInterceptor] is not eligible for getting processed by all BeanPostProcessors (for example: not eligible for auto-proxying). Is this bean getting eagerly injected into a currently created BeanPostProcessor [lbRestClientPostProcessor]? Check the corresponding BeanPostProcessor declaration and its dependencies.
2025-08-30 11:55:07.929 [main] INFO  o.s.boot.web.embedded.tomcat.TomcatWebServer:[initialize:111] - Tomcat initialized with port 8083 (http)
2025-08-30 11:55:07.940 [main] INFO  org.apache.catalina.core.StandardService:[log:173] - Starting service [Tomcat]
2025-08-30 11:55:07.941 [main] INFO  org.apache.catalina.core.StandardEngine:[log:173] - Starting Servlet engine: [Apache Tomcat/10.1.28]
2025-08-30 11:55:07.991 [main] INFO  o.a.c.core.ContainerBase.[Tomcat].[localhost].[/]:[log:173] - Initializing Spring embedded WebApplicationContext
2025-08-30 11:55:07.992 [main] INFO  o.s.b.w.s.c.ServletWebServerApplicationContext:[prepareWebApplicationContext:296] - Root WebApplicationContext: initialization completed in 915 ms
2025-08-30 11:55:08.032 [main] DEBUG com.zaxxer.hikari.HikariConfig:[attemptFromContextLoader:974] - Driver class com.mysql.cj.jdbc.Driver found in Thread context class loader jdk.internal.loader.ClassLoaders$AppClassLoader@36baf30c
2025-08-30 11:55:08.049 [main] DEBUG o.springframework.jdbc.datasource.DataSourceUtils:[doGetConnection:117] - Fetching JDBC Connection from DataSource
2025-08-30 11:55:08.049 [main] DEBUG com.zaxxer.hikari.HikariConfig:[logConfiguration:1106] - HikariPool-1 - configuration:
2025-08-30 11:55:08.051 [main] DEBUG com.zaxxer.hikari.HikariConfig:[logConfiguration:1138] - allowPoolSuspension.............false
2025-08-30 11:55:08.051 [main] DEBUG com.zaxxer.hikari.HikariConfig:[logConfiguration:1138] - autoCommit......................true
2025-08-30 11:55:08.052 [main] DEBUG com.zaxxer.hikari.HikariConfig:[logConfiguration:1138] - catalog.........................none
2025-08-30 11:55:08.052 [main] DEBUG com.zaxxer.hikari.HikariConfig:[logConfiguration:1138] - connectionInitSql...............none
2025-08-30 11:55:08.052 [main] DEBUG com.zaxxer.hikari.HikariConfig:[logConfiguration:1138] - connectionTestQuery.............none
2025-08-30 11:55:08.052 [main] DEBUG com.zaxxer.hikari.HikariConfig:[logConfiguration:1138] - connectionTimeout...............30000
2025-08-30 11:55:08.052 [main] DEBUG com.zaxxer.hikari.HikariConfig:[logConfiguration:1138] - dataSource......................none
2025-08-30 11:55:08.052 [main] DEBUG com.zaxxer.hikari.HikariConfig:[logConfiguration:1138] - dataSourceClassName.............none
2025-08-30 11:55:08.052 [main] DEBUG com.zaxxer.hikari.HikariConfig:[logConfiguration:1138] - dataSourceJNDI..................none
2025-08-30 11:55:08.053 [main] DEBUG com.zaxxer.hikari.HikariConfig:[logConfiguration:1138] - dataSourceProperties............{password=<masked>}
2025-08-30 11:55:08.053 [main] DEBUG com.zaxxer.hikari.HikariConfig:[logConfiguration:1138] - driverClassName................."com.mysql.cj.jdbc.Driver"
2025-08-30 11:55:08.053 [main] DEBUG com.zaxxer.hikari.HikariConfig:[logConfiguration:1138] - exceptionOverrideClassName......none
2025-08-30 11:55:08.053 [main] DEBUG com.zaxxer.hikari.HikariConfig:[logConfiguration:1138] - healthCheckProperties...........{}
2025-08-30 11:55:08.053 [main] DEBUG com.zaxxer.hikari.HikariConfig:[logConfiguration:1138] - healthCheckRegistry.............none
2025-08-30 11:55:08.053 [main] DEBUG com.zaxxer.hikari.HikariConfig:[logConfiguration:1138] - idleTimeout.....................600000
2025-08-30 11:55:08.054 [main] DEBUG com.zaxxer.hikari.HikariConfig:[logConfiguration:1138] - initializationFailTimeout.......1
2025-08-30 11:55:08.054 [main] DEBUG com.zaxxer.hikari.HikariConfig:[logConfiguration:1138] - isolateInternalQueries..........false
2025-08-30 11:55:08.054 [main] DEBUG com.zaxxer.hikari.HikariConfig:[logConfiguration:1138] - jdbcUrl.........................jdbc:mysql://localhost:3306/store_db?useUnicode=true&characterEncoding=utf-8&useSSL=false&serverTimezone=UTC
2025-08-30 11:55:08.054 [main] DEBUG com.zaxxer.hikari.HikariConfig:[logConfiguration:1138] - keepaliveTime...................0
2025-08-30 11:55:08.054 [main] DEBUG com.zaxxer.hikari.HikariConfig:[logConfiguration:1138] - leakDetectionThreshold..........0
2025-08-30 11:55:08.054 [main] DEBUG com.zaxxer.hikari.HikariConfig:[logConfiguration:1138] - maxLifetime.....................1800000
2025-08-30 11:55:08.054 [main] DEBUG com.zaxxer.hikari.HikariConfig:[logConfiguration:1138] - maximumPoolSize.................10
2025-08-30 11:55:08.054 [main] DEBUG com.zaxxer.hikari.HikariConfig:[logConfiguration:1138] - metricRegistry..................none
2025-08-30 11:55:08.054 [main] DEBUG com.zaxxer.hikari.HikariConfig:[logConfiguration:1138] - metricsTrackerFactory...........none
2025-08-30 11:55:08.054 [main] DEBUG com.zaxxer.hikari.HikariConfig:[logConfiguration:1138] - minimumIdle.....................10
2025-08-30 11:55:08.054 [main] DEBUG com.zaxxer.hikari.HikariConfig:[logConfiguration:1138] - password........................<masked>
2025-08-30 11:55:08.054 [main] DEBUG com.zaxxer.hikari.HikariConfig:[logConfiguration:1138] - poolName........................"HikariPool-1"
2025-08-30 11:55:08.055 [main] DEBUG com.zaxxer.hikari.HikariConfig:[logConfiguration:1138] - readOnly........................false
2025-08-30 11:55:08.055 [main] DEBUG com.zaxxer.hikari.HikariConfig:[logConfiguration:1138] - registerMbeans..................false
2025-08-30 11:55:08.055 [main] DEBUG com.zaxxer.hikari.HikariConfig:[logConfiguration:1138] - scheduledExecutor...............none
2025-08-30 11:55:08.055 [main] DEBUG com.zaxxer.hikari.HikariConfig:[logConfiguration:1138] - schema..........................none
2025-08-30 11:55:08.055 [main] DEBUG com.zaxxer.hikari.HikariConfig:[logConfiguration:1138] - threadFactory...................internal
2025-08-30 11:55:08.055 [main] DEBUG com.zaxxer.hikari.HikariConfig:[logConfiguration:1138] - transactionIsolation............default
2025-08-30 11:55:08.055 [main] DEBUG com.zaxxer.hikari.HikariConfig:[logConfiguration:1138] - username........................"root"
2025-08-30 11:55:08.056 [main] DEBUG com.zaxxer.hikari.HikariConfig:[logConfiguration:1138] - validationTimeout...............5000
2025-08-30 11:55:08.056 [main] INFO  com.zaxxer.hikari.HikariDataSource:[getConnection:109] - HikariPool-1 - Starting...
2025-08-30 11:55:08.125 [main] INFO  com.zaxxer.hikari.pool.HikariPool:[checkFailFast:554] - HikariPool-1 - Added connection com.mysql.cj.jdbc.ConnectionImpl@446c8c72
2025-08-30 11:55:08.126 [main] INFO  com.zaxxer.hikari.HikariDataSource:[getConnection:122] - HikariPool-1 - Start completed.
2025-08-30 11:55:08.217 [main] DEBUG org.mybatis.spring.SqlSessionFactoryBean:[debug:49] - Parsed mapper file: 'file [D:\BUAA\大二暑假\BLM\store-service\target\classes\mapper\FoodMapper.xml]'
2025-08-30 11:55:08.223 [main] DEBUG org.mybatis.spring.SqlSessionFactoryBean:[debug:49] - Parsed mapper file: 'file [D:\BUAA\大二暑假\BLM\store-service\target\classes\mapper\PromotionMapper.xml]'
2025-08-30 11:55:08.233 [main] DEBUG org.mybatis.spring.SqlSessionFactoryBean:[debug:49] - Parsed mapper file: 'file [D:\BUAA\大二暑假\BLM\store-service\target\classes\mapper\StoreMapper.xml]'
2025-08-30 11:55:08.236 [HikariPool-1 housekeeper] DEBUG com.zaxxer.hikari.pool.HikariPool:[logPoolState:405] - HikariPool-1 - Pool stats (total=1, active=0, idle=1, waiting=0)
2025-08-30 11:55:08.239 [HikariPool-1 connection adder] DEBUG com.zaxxer.hikari.pool.HikariPool:[call:728] - HikariPool-1 - Added connection com.mysql.cj.jdbc.ConnectionImpl@49887d4
2025-08-30 11:55:08.240 [main] DEBUG o.s.cloud.openfeign.FeignClientFactoryBean:[<init>:125] - Creating a FeignClientFactoryBean.
2025-08-30 11:55:08.283 [HikariPool-1 connection adder] DEBUG com.zaxxer.hikari.pool.HikariPool:[logPoolState:405] - HikariPool-1 - After adding stats (total=2, active=0, idle=2, waiting=0)
2025-08-30 11:55:08.286 [HikariPool-1 connection adder] DEBUG com.zaxxer.hikari.pool.HikariPool:[call:728] - HikariPool-1 - Added connection com.mysql.cj.jdbc.ConnectionImpl@45a58def
2025-08-30 11:55:08.329 [HikariPool-1 connection adder] DEBUG com.zaxxer.hikari.pool.HikariPool:[logPoolState:405] - HikariPool-1 - After adding stats (total=3, active=0, idle=3, waiting=0)
2025-08-30 11:55:08.331 [HikariPool-1 connection adder] DEBUG com.zaxxer.hikari.pool.HikariPool:[call:728] - HikariPool-1 - Added connection com.mysql.cj.jdbc.ConnectionImpl@742a8ade
2025-08-30 11:55:08.376 [HikariPool-1 connection adder] DEBUG com.zaxxer.hikari.pool.HikariPool:[logPoolState:405] - HikariPool-1 - After adding stats (total=4, active=0, idle=4, waiting=0)
2025-08-30 11:55:08.379 [HikariPool-1 connection adder] DEBUG com.zaxxer.hikari.pool.HikariPool:[call:728] - HikariPool-1 - Added connection com.mysql.cj.jdbc.ConnectionImpl@258a72a0
2025-08-30 11:55:08.403 [main] INFO  o.s.cloud.openfeign.FeignClientFactoryBean:[getTarget:468] - For 'order-service' URL not provided. Will try picking an instance via load-balancing.
2025-08-30 11:55:08.424 [HikariPool-1 connection adder] DEBUG com.zaxxer.hikari.pool.HikariPool:[logPoolState:405] - HikariPool-1 - After adding stats (total=5, active=0, idle=5, waiting=0)
2025-08-30 11:55:08.427 [HikariPool-1 connection adder] DEBUG com.zaxxer.hikari.pool.HikariPool:[call:728] - HikariPool-1 - Added connection com.mysql.cj.jdbc.ConnectionImpl@51237283
2025-08-30 11:55:08.467 [main] DEBUG o.s.cloud.openfeign.FeignClientFactoryBean:[<init>:125] - Creating a FeignClientFactoryBean.
2025-08-30 11:55:08.471 [HikariPool-1 connection adder] DEBUG com.zaxxer.hikari.pool.HikariPool:[logPoolState:405] - HikariPool-1 - After adding stats (total=6, active=0, idle=6, waiting=0)
2025-08-30 11:55:08.473 [HikariPool-1 connection adder] DEBUG com.zaxxer.hikari.pool.HikariPool:[call:728] - HikariPool-1 - Added connection com.mysql.cj.jdbc.ConnectionImpl@21c42b83
2025-08-30 11:55:08.475 [main] INFO  o.s.cloud.openfeign.FeignClientFactoryBean:[getTarget:468] - For 'user-service' URL not provided. Will try picking an instance via load-balancing.
2025-08-30 11:55:08.493 [main] DEBUG o.s.cloud.openfeign.FeignClientFactoryBean:[<init>:125] - Creating a FeignClientFactoryBean.
2025-08-30 11:55:08.494 [main] DEBUG o.s.cloud.openfeign.FeignClientFactoryBean:[<init>:125] - Creating a FeignClientFactoryBean.
2025-08-30 11:55:08.519 [HikariPool-1 connection adder] DEBUG com.zaxxer.hikari.pool.HikariPool:[logPoolState:405] - HikariPool-1 - After adding stats (total=7, active=0, idle=7, waiting=0)
2025-08-30 11:55:08.522 [HikariPool-1 connection adder] DEBUG com.zaxxer.hikari.pool.HikariPool:[call:728] - HikariPool-1 - Added connection com.mysql.cj.jdbc.ConnectionImpl@611c721c
2025-08-30 11:55:08.566 [HikariPool-1 connection adder] DEBUG com.zaxxer.hikari.pool.HikariPool:[logPoolState:405] - HikariPool-1 - After adding stats (total=8, active=0, idle=8, waiting=0)
2025-08-30 11:55:08.568 [HikariPool-1 connection adder] DEBUG com.zaxxer.hikari.pool.HikariPool:[call:728] - HikariPool-1 - Added connection com.mysql.cj.jdbc.ConnectionImpl@5cf1faca
2025-08-30 11:55:08.613 [HikariPool-1 connection adder] DEBUG com.zaxxer.hikari.pool.HikariPool:[logPoolState:405] - HikariPool-1 - After adding stats (total=9, active=0, idle=9, waiting=0)
2025-08-30 11:55:08.617 [HikariPool-1 connection adder] DEBUG com.zaxxer.hikari.pool.HikariPool:[call:728] - HikariPool-1 - Added connection com.mysql.cj.jdbc.ConnectionImpl@786cb7fd
2025-08-30 11:55:08.660 [HikariPool-1 connection adder] DEBUG com.zaxxer.hikari.pool.HikariPool:[logPoolState:405] - HikariPool-1 - After adding stats (total=10, active=0, idle=10, waiting=0)
2025-08-30 11:55:08.664 [main] DEBUG o.m.s.boot.autoconfigure.MybatisAutoConfiguration:[afterPropertiesSet:319] - Not found configuration for registering mapper bean using @MapperScan, MapperFactoryBean and MapperScannerConfigurer.
2025-08-30 11:55:08.771 [main] INFO  o.s.c.n.e.c.DiscoveryClientOptionalArgsConfiguration:[restTemplateDiscoveryClientOptionalArgs:80] - Eureka HTTP Client uses RestTemplate.
2025-08-30 11:55:08.781 [main] WARN  o.s.c.l.c.LoadBalancerCacheAutoConfiguration$LoadBalancerCaffeineWarnLogger:[afterPropertiesSet:94] - Spring Cloud LoadBalancer is currently working with the default cache. While this cache implementation is useful for development and tests, it's recommended to use Caffeine cache in production.You can switch to using Caffeine cache, by adding it and org.springframework.cache.caffeine.CaffeineCacheManager to the classpath.
2025-08-30 11:55:08.809 [main] INFO  o.s.cloud.netflix.eureka.InstanceInfoFactory:[create:67] - Setting initial instance status as: STARTING
2025-08-30 11:55:08.820 [main] INFO  com.netflix.discovery.DiscoveryClient:[<init>:329] - Initializing Eureka in region us-east-1
2025-08-30 11:55:08.823 [main] INFO  c.n.d.shared.resolver.aws.ConfigClusterResolver:[getClusterEndpoints:43] - Resolving eureka endpoints via configuration
2025-08-30 11:55:08.827 [main] INFO  com.netflix.discovery.DiscoveryClient:[fetchRegistry:954] - Disable delta property : false
2025-08-30 11:55:08.828 [main] INFO  com.netflix.discovery.DiscoveryClient:[fetchRegistry:955] - Single vip registry refresh property : null
2025-08-30 11:55:08.828 [main] INFO  com.netflix.discovery.DiscoveryClient:[fetchRegistry:956] - Force full registry fetch : false
2025-08-30 11:55:08.828 [main] INFO  com.netflix.discovery.DiscoveryClient:[fetchRegistry:957] - Application is null : false
2025-08-30 11:55:08.828 [main] INFO  com.netflix.discovery.DiscoveryClient:[fetchRegistry:958] - Registered Applications size is zero : true
2025-08-30 11:55:08.828 [main] INFO  com.netflix.discovery.DiscoveryClient:[fetchRegistry:960] - Application version is -1: true
2025-08-30 11:55:08.828 [main] INFO  com.netflix.discovery.DiscoveryClient:[getAndStoreFullRegistry:1042] - Getting all instance registry info from the eureka server
2025-08-30 11:55:09.020 [main] INFO  com.netflix.discovery.DiscoveryClient:[getAndStoreFullRegistry:1051] - The response status is 200
2025-08-30 11:55:09.021 [main] INFO  com.netflix.discovery.DiscoveryClient:[initScheduledTasks:1266] - Starting heartbeat executor: renew interval is: 10
2025-08-30 11:55:09.022 [main] INFO  com.netflix.discovery.InstanceInfoReplicator:[<init>:64] - InstanceInfoReplicator onDemand update allowed rate per min is 4
2025-08-30 11:55:09.023 [main] INFO  com.netflix.discovery.DiscoveryClient:[<init>:455] - Discovery Client initialized at timestamp 1756526109022 with initial instances count: 3
2025-08-30 11:55:09.024 [main] INFO  o.s.c.n.e.serviceregistry.EurekaServiceRegistry:[register:70] - Registering application STORE-SERVICE with eureka with status UP
2025-08-30 11:55:09.025 [main] INFO  com.netflix.discovery.DiscoveryClient:[notify:1297] - Saw local status change event StatusChangeEvent [timestamp=1756526109025, current=UP, previous=STARTING]
2025-08-30 11:55:09.025 [DiscoveryClient-InstanceInfoReplicator-%d] INFO  com.netflix.discovery.DiscoveryClient:[register:825] - DiscoveryClient_STORE-SERVICE/SS11041203:store-service:8083: registering service...
2025-08-30 11:55:09.039 [main] INFO  o.s.boot.web.embedded.tomcat.TomcatWebServer:[start:243] - Tomcat started on port 8083 (http) with context path '/'
2025-08-30 11:55:09.039 [main] INFO  o.s.c.n.e.s.EurekaAutoServiceRegistration:[onApplicationEvent:150] - Updating port to 8083
2025-08-30 11:55:09.046 [DiscoveryClient-InstanceInfoReplicator-%d] INFO  com.netflix.discovery.DiscoveryClient:[register:834] - DiscoveryClient_STORE-SERVICE/SS11041203:store-service:8083 - registration status: 204
2025-08-30 11:55:09.049 [main] INFO  com.blm.store.StoreApplication:[logStarted:56] - Started StoreApplication in 2.274 seconds (process running for 2.646)
2025-08-30 11:55:15.149 [http-nio-8083-exec-1] INFO  o.a.c.core.ContainerBase.[Tomcat].[localhost].[/]:[log:173] - Initializing Spring DispatcherServlet 'dispatcherServlet'
2025-08-30 11:55:15.149 [http-nio-8083-exec-1] INFO  org.springframework.web.servlet.DispatcherServlet:[initServletBean:532] - Initializing Servlet 'dispatcherServlet'
2025-08-30 11:55:15.150 [http-nio-8083-exec-1] INFO  org.springframework.web.servlet.DispatcherServlet:[initServletBean:554] - Completed initialization in 1 ms
2025-08-30 11:55:15.178 [http-nio-8083-exec-1] DEBUG o.springframework.jdbc.datasource.DataSourceUtils:[doGetConnection:117] - Fetching JDBC Connection from DataSource
2025-08-30 11:55:15.210 [http-nio-8083-exec-1] DEBUG feign.template.Template:[resolveExpression:133] - Explicit slash decoding specified, decoding all slashes in uri
2025-08-30 11:55:15.211 [http-nio-8083-exec-1] DEBUG feign.template.Template:[resolveExpression:133] - Explicit slash decoding specified, decoding all slashes in uri
2025-08-30 11:55:15.211 [http-nio-8083-exec-1] DEBUG feign.template.Template:[resolveExpression:133] - Explicit slash decoding specified, decoding all slashes in uri
2025-08-30 11:55:15.211 [http-nio-8083-exec-1] DEBUG feign.template.Template:[resolveExpression:133] - Explicit slash decoding specified, decoding all slashes in uri
2025-08-30 11:55:15.214 [http-nio-8083-exec-1] DEBUG com.blm.common.feign.OrderServiceClient:[log:72] - [OrderServiceClient#getReviewsByStoreIdAndRating] ---> GET http://order-service/internal/orders/reviews/store/5/rate?rating=5&page=0&size=10 HTTP/1.1
2025-08-30 11:55:15.215 [http-nio-8083-exec-1] DEBUG com.blm.common.feign.OrderServiceClient:[log:72] - [OrderServiceClient#getReviewsByStoreIdAndRating] ---> END HTTP (0-byte body)
2025-08-30 11:55:15.259 [http-nio-8083-exec-1] WARN  o.s.cloud.loadbalancer.core.RoundRobinLoadBalancer:[getInstanceResponse:98] - No servers available for service: order-service
2025-08-30 11:55:15.261 [http-nio-8083-exec-1] WARN  o.s.c.o.l.FeignBlockingLoadBalancerClient:[execute:124] - Load balancer does not contain an instance for the service order-service
2025-08-30 11:55:15.262 [http-nio-8083-exec-1] DEBUG com.blm.common.feign.OrderServiceClient:[log:72] - [OrderServiceClient#getReviewsByStoreIdAndRating] <--- HTTP/1.1 503 (47ms)
2025-08-30 11:55:15.262 [http-nio-8083-exec-1] DEBUG com.blm.common.feign.OrderServiceClient:[log:72] - [OrderServiceClient#getReviewsByStoreIdAndRating] 
2025-08-30 11:55:15.262 [http-nio-8083-exec-1] DEBUG com.blm.common.feign.OrderServiceClient:[log:72] - [OrderServiceClient#getReviewsByStoreIdAndRating] Load balancer does not contain an instance for the service order-service
2025-08-30 11:55:15.262 [http-nio-8083-exec-1] DEBUG com.blm.common.feign.OrderServiceClient:[log:72] - [OrderServiceClient#getReviewsByStoreIdAndRating] <--- END HTTP (72-byte body)
2025-08-30 11:55:38.262 [HikariPool-1 housekeeper] DEBUG com.zaxxer.hikari.pool.HikariPool:[logPoolState:405] - HikariPool-1 - Pool stats (total=10, active=0, idle=10, waiting=0)
2025-08-30 11:55:38.263 [HikariPool-1 housekeeper] DEBUG com.zaxxer.hikari.pool.HikariPool:[fillPool:510] - HikariPool-1 - Fill pool skipped, pool has sufficient level or currently being filled.
2025-08-30 11:56:08.275 [HikariPool-1 housekeeper] DEBUG com.zaxxer.hikari.pool.HikariPool:[logPoolState:405] - HikariPool-1 - Pool stats (total=10, active=0, idle=10, waiting=0)
2025-08-30 11:56:08.275 [HikariPool-1 housekeeper] DEBUG com.zaxxer.hikari.pool.HikariPool:[fillPool:510] - HikariPool-1 - Fill pool skipped, pool has sufficient level or currently being filled.
2025-08-30 11:56:15.782 [http-nio-8083-exec-2] DEBUG o.springframework.jdbc.datasource.DataSourceUtils:[doGetConnection:117] - Fetching JDBC Connection from DataSource
2025-08-30 11:56:15.784 [http-nio-8083-exec-2] DEBUG feign.template.Template:[resolveExpression:133] - Explicit slash decoding specified, decoding all slashes in uri
2025-08-30 11:56:15.784 [http-nio-8083-exec-2] DEBUG feign.template.Template:[resolveExpression:133] - Explicit slash decoding specified, decoding all slashes in uri
2025-08-30 11:56:15.784 [http-nio-8083-exec-2] DEBUG feign.template.Template:[resolveExpression:133] - Explicit slash decoding specified, decoding all slashes in uri
2025-08-30 11:56:15.784 [http-nio-8083-exec-2] DEBUG feign.template.Template:[resolveExpression:133] - Explicit slash decoding specified, decoding all slashes in uri
2025-08-30 11:56:15.784 [http-nio-8083-exec-2] DEBUG com.blm.common.feign.OrderServiceClient:[log:72] - [OrderServiceClient#getReviewsByStoreIdAndRating] ---> GET http://order-service/internal/orders/reviews/store/5/rate?rating=5&page=0&size=10 HTTP/1.1
2025-08-30 11:56:15.785 [http-nio-8083-exec-2] DEBUG com.blm.common.feign.OrderServiceClient:[log:72] - [OrderServiceClient#getReviewsByStoreIdAndRating] ---> END HTTP (0-byte body)
2025-08-30 11:56:15.785 [http-nio-8083-exec-2] WARN  o.s.cloud.loadbalancer.core.RoundRobinLoadBalancer:[getInstanceResponse:98] - No servers available for service: order-service
2025-08-30 11:56:15.785 [http-nio-8083-exec-2] WARN  o.s.c.o.l.FeignBlockingLoadBalancerClient:[execute:124] - Load balancer does not contain an instance for the service order-service
2025-08-30 11:56:15.785 [http-nio-8083-exec-2] DEBUG com.blm.common.feign.OrderServiceClient:[log:72] - [OrderServiceClient#getReviewsByStoreIdAndRating] <--- HTTP/1.1 503 (0ms)
2025-08-30 11:56:15.786 [http-nio-8083-exec-2] DEBUG com.blm.common.feign.OrderServiceClient:[log:72] - [OrderServiceClient#getReviewsByStoreIdAndRating] 
2025-08-30 11:56:15.786 [http-nio-8083-exec-2] DEBUG com.blm.common.feign.OrderServiceClient:[log:72] - [OrderServiceClient#getReviewsByStoreIdAndRating] Load balancer does not contain an instance for the service order-service
2025-08-30 11:56:15.786 [http-nio-8083-exec-2] DEBUG com.blm.common.feign.OrderServiceClient:[log:72] - [OrderServiceClient#getReviewsByStoreIdAndRating] <--- END HTTP (72-byte body)
2025-08-30 11:56:19.968 [http-nio-8083-exec-5] DEBUG o.springframework.jdbc.datasource.DataSourceUtils:[doGetConnection:117] - Fetching JDBC Connection from DataSource
2025-08-30 11:56:19.970 [http-nio-8083-exec-5] DEBUG feign.template.Template:[resolveExpression:133] - Explicit slash decoding specified, decoding all slashes in uri
2025-08-30 11:56:19.971 [http-nio-8083-exec-5] DEBUG feign.template.Template:[resolveExpression:133] - Explicit slash decoding specified, decoding all slashes in uri
2025-08-30 11:56:19.971 [http-nio-8083-exec-5] DEBUG feign.template.Template:[resolveExpression:133] - Explicit slash decoding specified, decoding all slashes in uri
2025-08-30 11:56:19.971 [http-nio-8083-exec-5] DEBUG feign.template.Template:[resolveExpression:133] - Explicit slash decoding specified, decoding all slashes in uri
2025-08-30 11:56:19.971 [http-nio-8083-exec-5] DEBUG com.blm.common.feign.OrderServiceClient:[log:72] - [OrderServiceClient#getReviewsByStoreIdAndRating] ---> GET http://order-service/internal/orders/reviews/store/5/rate?rating=5&page=0&size=10 HTTP/1.1
2025-08-30 11:56:19.971 [http-nio-8083-exec-5] DEBUG com.blm.common.feign.OrderServiceClient:[log:72] - [OrderServiceClient#getReviewsByStoreIdAndRating] ---> END HTTP (0-byte body)
2025-08-30 11:56:19.972 [http-nio-8083-exec-5] WARN  o.s.cloud.loadbalancer.core.RoundRobinLoadBalancer:[getInstanceResponse:98] - No servers available for service: order-service
2025-08-30 11:56:19.972 [http-nio-8083-exec-5] WARN  o.s.c.o.l.FeignBlockingLoadBalancerClient:[execute:124] - Load balancer does not contain an instance for the service order-service
2025-08-30 11:56:19.973 [http-nio-8083-exec-5] DEBUG com.blm.common.feign.OrderServiceClient:[log:72] - [OrderServiceClient#getReviewsByStoreIdAndRating] <--- HTTP/1.1 503 (0ms)
2025-08-30 11:56:19.973 [http-nio-8083-exec-5] DEBUG com.blm.common.feign.OrderServiceClient:[log:72] - [OrderServiceClient#getReviewsByStoreIdAndRating] 
2025-08-30 11:56:19.973 [http-nio-8083-exec-5] DEBUG com.blm.common.feign.OrderServiceClient:[log:72] - [OrderServiceClient#getReviewsByStoreIdAndRating] Load balancer does not contain an instance for the service order-service
2025-08-30 11:56:19.973 [http-nio-8083-exec-5] DEBUG com.blm.common.feign.OrderServiceClient:[log:72] - [OrderServiceClient#getReviewsByStoreIdAndRating] <--- END HTTP (72-byte body)
2025-08-30 11:56:20.624 [http-nio-8083-exec-3] DEBUG o.springframework.jdbc.datasource.DataSourceUtils:[doGetConnection:117] - Fetching JDBC Connection from DataSource
2025-08-30 11:56:20.626 [http-nio-8083-exec-3] DEBUG feign.template.Template:[resolveExpression:133] - Explicit slash decoding specified, decoding all slashes in uri
2025-08-30 11:56:20.626 [http-nio-8083-exec-3] DEBUG feign.template.Template:[resolveExpression:133] - Explicit slash decoding specified, decoding all slashes in uri
2025-08-30 11:56:20.626 [http-nio-8083-exec-3] DEBUG feign.template.Template:[resolveExpression:133] - Explicit slash decoding specified, decoding all slashes in uri
2025-08-30 11:56:20.626 [http-nio-8083-exec-3] DEBUG feign.template.Template:[resolveExpression:133] - Explicit slash decoding specified, decoding all slashes in uri
2025-08-30 11:56:20.626 [http-nio-8083-exec-3] DEBUG com.blm.common.feign.OrderServiceClient:[log:72] - [OrderServiceClient#getReviewsByStoreIdAndRating] ---> GET http://order-service/internal/orders/reviews/store/5/rate?rating=5&page=0&size=10 HTTP/1.1
2025-08-30 11:56:20.626 [http-nio-8083-exec-3] DEBUG com.blm.common.feign.OrderServiceClient:[log:72] - [OrderServiceClient#getReviewsByStoreIdAndRating] ---> END HTTP (0-byte body)
2025-08-30 11:56:20.627 [http-nio-8083-exec-3] WARN  o.s.cloud.loadbalancer.core.RoundRobinLoadBalancer:[getInstanceResponse:98] - No servers available for service: order-service
2025-08-30 11:56:20.628 [http-nio-8083-exec-3] WARN  o.s.c.o.l.FeignBlockingLoadBalancerClient:[execute:124] - Load balancer does not contain an instance for the service order-service
2025-08-30 11:56:20.628 [http-nio-8083-exec-3] DEBUG com.blm.common.feign.OrderServiceClient:[log:72] - [OrderServiceClient#getReviewsByStoreIdAndRating] <--- HTTP/1.1 503 (1ms)
2025-08-30 11:56:20.628 [http-nio-8083-exec-3] DEBUG com.blm.common.feign.OrderServiceClient:[log:72] - [OrderServiceClient#getReviewsByStoreIdAndRating] 
2025-08-30 11:56:20.628 [http-nio-8083-exec-3] DEBUG com.blm.common.feign.OrderServiceClient:[log:72] - [OrderServiceClient#getReviewsByStoreIdAndRating] Load balancer does not contain an instance for the service order-service
2025-08-30 11:56:20.628 [http-nio-8083-exec-3] DEBUG com.blm.common.feign.OrderServiceClient:[log:72] - [OrderServiceClient#getReviewsByStoreIdAndRating] <--- END HTTP (72-byte body)
2025-08-30 11:56:20.922 [http-nio-8083-exec-6] DEBUG o.springframework.jdbc.datasource.DataSourceUtils:[doGetConnection:117] - Fetching JDBC Connection from DataSource
2025-08-30 11:56:20.923 [http-nio-8083-exec-6] DEBUG feign.template.Template:[resolveExpression:133] - Explicit slash decoding specified, decoding all slashes in uri
2025-08-30 11:56:20.924 [http-nio-8083-exec-6] DEBUG feign.template.Template:[resolveExpression:133] - Explicit slash decoding specified, decoding all slashes in uri
2025-08-30 11:56:20.924 [http-nio-8083-exec-6] DEBUG feign.template.Template:[resolveExpression:133] - Explicit slash decoding specified, decoding all slashes in uri
2025-08-30 11:56:20.924 [http-nio-8083-exec-6] DEBUG feign.template.Template:[resolveExpression:133] - Explicit slash decoding specified, decoding all slashes in uri
2025-08-30 11:56:20.924 [http-nio-8083-exec-6] DEBUG com.blm.common.feign.OrderServiceClient:[log:72] - [OrderServiceClient#getReviewsByStoreIdAndRating] ---> GET http://order-service/internal/orders/reviews/store/5/rate?rating=5&page=0&size=10 HTTP/1.1
2025-08-30 11:56:20.925 [http-nio-8083-exec-6] DEBUG com.blm.common.feign.OrderServiceClient:[log:72] - [OrderServiceClient#getReviewsByStoreIdAndRating] ---> END HTTP (0-byte body)
2025-08-30 11:56:20.925 [http-nio-8083-exec-6] WARN  o.s.cloud.loadbalancer.core.RoundRobinLoadBalancer:[getInstanceResponse:98] - No servers available for service: order-service
2025-08-30 11:56:20.926 [http-nio-8083-exec-6] WARN  o.s.c.o.l.FeignBlockingLoadBalancerClient:[execute:124] - Load balancer does not contain an instance for the service order-service
2025-08-30 11:56:20.926 [http-nio-8083-exec-6] DEBUG com.blm.common.feign.OrderServiceClient:[log:72] - [OrderServiceClient#getReviewsByStoreIdAndRating] <--- HTTP/1.1 503 (0ms)
2025-08-30 11:56:20.926 [http-nio-8083-exec-6] DEBUG com.blm.common.feign.OrderServiceClient:[log:72] - [OrderServiceClient#getReviewsByStoreIdAndRating] 
2025-08-30 11:56:20.926 [http-nio-8083-exec-6] DEBUG com.blm.common.feign.OrderServiceClient:[log:72] - [OrderServiceClient#getReviewsByStoreIdAndRating] Load balancer does not contain an instance for the service order-service
2025-08-30 11:56:20.926 [http-nio-8083-exec-6] DEBUG com.blm.common.feign.OrderServiceClient:[log:72] - [OrderServiceClient#getReviewsByStoreIdAndRating] <--- END HTTP (72-byte body)
2025-08-30 11:56:21.125 [http-nio-8083-exec-7] DEBUG o.springframework.jdbc.datasource.DataSourceUtils:[doGetConnection:117] - Fetching JDBC Connection from DataSource
2025-08-30 11:56:21.128 [http-nio-8083-exec-7] DEBUG feign.template.Template:[resolveExpression:133] - Explicit slash decoding specified, decoding all slashes in uri
2025-08-30 11:56:21.128 [http-nio-8083-exec-7] DEBUG feign.template.Template:[resolveExpression:133] - Explicit slash decoding specified, decoding all slashes in uri
2025-08-30 11:56:21.129 [http-nio-8083-exec-7] DEBUG feign.template.Template:[resolveExpression:133] - Explicit slash decoding specified, decoding all slashes in uri
2025-08-30 11:56:21.129 [http-nio-8083-exec-7] DEBUG feign.template.Template:[resolveExpression:133] - Explicit slash decoding specified, decoding all slashes in uri
2025-08-30 11:56:21.130 [http-nio-8083-exec-7] DEBUG com.blm.common.feign.OrderServiceClient:[log:72] - [OrderServiceClient#getReviewsByStoreIdAndRating] ---> GET http://order-service/internal/orders/reviews/store/5/rate?rating=5&page=0&size=10 HTTP/1.1
2025-08-30 11:56:21.130 [http-nio-8083-exec-7] DEBUG com.blm.common.feign.OrderServiceClient:[log:72] - [OrderServiceClient#getReviewsByStoreIdAndRating] ---> END HTTP (0-byte body)
2025-08-30 11:56:21.131 [http-nio-8083-exec-7] WARN  o.s.cloud.loadbalancer.core.RoundRobinLoadBalancer:[getInstanceResponse:98] - No servers available for service: order-service
2025-08-30 11:56:21.132 [http-nio-8083-exec-7] WARN  o.s.c.o.l.FeignBlockingLoadBalancerClient:[execute:124] - Load balancer does not contain an instance for the service order-service
2025-08-30 11:56:21.132 [http-nio-8083-exec-7] DEBUG com.blm.common.feign.OrderServiceClient:[log:72] - [OrderServiceClient#getReviewsByStoreIdAndRating] <--- HTTP/1.1 503 (1ms)
2025-08-30 11:56:21.132 [http-nio-8083-exec-7] DEBUG com.blm.common.feign.OrderServiceClient:[log:72] - [OrderServiceClient#getReviewsByStoreIdAndRating] 
2025-08-30 11:56:21.133 [http-nio-8083-exec-7] DEBUG com.blm.common.feign.OrderServiceClient:[log:72] - [OrderServiceClient#getReviewsByStoreIdAndRating] Load balancer does not contain an instance for the service order-service
2025-08-30 11:56:21.133 [http-nio-8083-exec-7] DEBUG com.blm.common.feign.OrderServiceClient:[log:72] - [OrderServiceClient#getReviewsByStoreIdAndRating] <--- END HTTP (72-byte body)
2025-08-30 11:56:21.353 [http-nio-8083-exec-8] DEBUG o.springframework.jdbc.datasource.DataSourceUtils:[doGetConnection:117] - Fetching JDBC Connection from DataSource
2025-08-30 11:56:21.355 [http-nio-8083-exec-8] DEBUG feign.template.Template:[resolveExpression:133] - Explicit slash decoding specified, decoding all slashes in uri
2025-08-30 11:56:21.355 [http-nio-8083-exec-8] DEBUG feign.template.Template:[resolveExpression:133] - Explicit slash decoding specified, decoding all slashes in uri
2025-08-30 11:56:21.356 [http-nio-8083-exec-8] DEBUG feign.template.Template:[resolveExpression:133] - Explicit slash decoding specified, decoding all slashes in uri
2025-08-30 11:56:21.356 [http-nio-8083-exec-8] DEBUG feign.template.Template:[resolveExpression:133] - Explicit slash decoding specified, decoding all slashes in uri
2025-08-30 11:56:21.356 [http-nio-8083-exec-8] DEBUG com.blm.common.feign.OrderServiceClient:[log:72] - [OrderServiceClient#getReviewsByStoreIdAndRating] ---> GET http://order-service/internal/orders/reviews/store/5/rate?rating=5&page=0&size=10 HTTP/1.1
2025-08-30 11:56:21.356 [http-nio-8083-exec-8] DEBUG com.blm.common.feign.OrderServiceClient:[log:72] - [OrderServiceClient#getReviewsByStoreIdAndRating] ---> END HTTP (0-byte body)
2025-08-30 11:56:21.357 [http-nio-8083-exec-8] WARN  o.s.cloud.loadbalancer.core.RoundRobinLoadBalancer:[getInstanceResponse:98] - No servers available for service: order-service
2025-08-30 11:56:21.357 [http-nio-8083-exec-8] WARN  o.s.c.o.l.FeignBlockingLoadBalancerClient:[execute:124] - Load balancer does not contain an instance for the service order-service
2025-08-30 11:56:21.357 [http-nio-8083-exec-8] DEBUG com.blm.common.feign.OrderServiceClient:[log:72] - [OrderServiceClient#getReviewsByStoreIdAndRating] <--- HTTP/1.1 503 (1ms)
2025-08-30 11:56:21.357 [http-nio-8083-exec-8] DEBUG com.blm.common.feign.OrderServiceClient:[log:72] - [OrderServiceClient#getReviewsByStoreIdAndRating] 
2025-08-30 11:56:21.357 [http-nio-8083-exec-8] DEBUG com.blm.common.feign.OrderServiceClient:[log:72] - [OrderServiceClient#getReviewsByStoreIdAndRating] Load balancer does not contain an instance for the service order-service
2025-08-30 11:56:21.358 [http-nio-8083-exec-8] DEBUG com.blm.common.feign.OrderServiceClient:[log:72] - [OrderServiceClient#getReviewsByStoreIdAndRating] <--- END HTTP (72-byte body)
2025-08-30 11:56:33.181 [http-nio-8083-exec-1] INFO  org.springdoc.api.AbstractOpenApiResource:[getOpenApi:387] - Init duration for springdoc-openapi is: 848 ms
2025-08-30 11:56:38.290 [HikariPool-1 housekeeper] DEBUG com.zaxxer.hikari.pool.HikariPool:[logPoolState:405] - HikariPool-1 - Pool stats (total=10, active=0, idle=10, waiting=0)
2025-08-30 11:56:38.290 [HikariPool-1 housekeeper] DEBUG com.zaxxer.hikari.pool.HikariPool:[fillPool:510] - HikariPool-1 - Fill pool skipped, pool has sufficient level or currently being filled.
2025-08-30 11:56:45.549 [http-nio-8083-exec-4] DEBUG o.springframework.jdbc.datasource.DataSourceUtils:[doGetConnection:117] - Fetching JDBC Connection from DataSource
2025-08-30 11:56:45.551 [http-nio-8083-exec-4] DEBUG feign.template.Template:[resolveExpression:133] - Explicit slash decoding specified, decoding all slashes in uri
2025-08-30 11:56:45.552 [http-nio-8083-exec-4] DEBUG feign.template.Template:[resolveExpression:133] - Explicit slash decoding specified, decoding all slashes in uri
2025-08-30 11:56:45.552 [http-nio-8083-exec-4] DEBUG feign.template.Template:[resolveExpression:133] - Explicit slash decoding specified, decoding all slashes in uri
2025-08-30 11:56:45.552 [http-nio-8083-exec-4] DEBUG feign.template.Template:[resolveExpression:133] - Explicit slash decoding specified, decoding all slashes in uri
2025-08-30 11:56:45.552 [http-nio-8083-exec-4] DEBUG com.blm.common.feign.OrderServiceClient:[log:72] - [OrderServiceClient#getReviewsByStoreIdAndRating] ---> GET http://order-service/internal/orders/reviews/store/5/rate?rating=5&page=0&size=10 HTTP/1.1
2025-08-30 11:56:45.553 [http-nio-8083-exec-4] DEBUG com.blm.common.feign.OrderServiceClient:[log:72] - [OrderServiceClient#getReviewsByStoreIdAndRating] ---> END HTTP (0-byte body)
2025-08-30 11:56:46.813 [http-nio-8083-exec-4] DEBUG com.blm.common.feign.OrderServiceClient:[log:72] - [OrderServiceClient#getReviewsByStoreIdAndRating] <--- HTTP/1.1 200 (1259ms)
2025-08-30 11:56:46.813 [http-nio-8083-exec-4] DEBUG com.blm.common.feign.OrderServiceClient:[log:72] - [OrderServiceClient#getReviewsByStoreIdAndRating] connection: keep-alive
2025-08-30 11:56:46.813 [http-nio-8083-exec-4] DEBUG com.blm.common.feign.OrderServiceClient:[log:72] - [OrderServiceClient#getReviewsByStoreIdAndRating] content-type: application/json
2025-08-30 11:56:46.813 [http-nio-8083-exec-4] DEBUG com.blm.common.feign.OrderServiceClient:[log:72] - [OrderServiceClient#getReviewsByStoreIdAndRating] date: Sat, 30 Aug 2025 03:56:46 GMT
2025-08-30 11:56:46.813 [http-nio-8083-exec-4] DEBUG com.blm.common.feign.OrderServiceClient:[log:72] - [OrderServiceClient#getReviewsByStoreIdAndRating] keep-alive: timeout=60
2025-08-30 11:56:46.814 [http-nio-8083-exec-4] DEBUG com.blm.common.feign.OrderServiceClient:[log:72] - [OrderServiceClient#getReviewsByStoreIdAndRating] transfer-encoding: chunked
2025-08-30 11:56:46.814 [http-nio-8083-exec-4] DEBUG com.blm.common.feign.OrderServiceClient:[log:72] - [OrderServiceClient#getReviewsByStoreIdAndRating] 
2025-08-30 11:56:46.815 [http-nio-8083-exec-4] DEBUG com.blm.common.feign.OrderServiceClient:[log:72] - [OrderServiceClient#getReviewsByStoreIdAndRating] null
2025-08-30 11:56:46.815 [http-nio-8083-exec-4] DEBUG com.blm.common.feign.OrderServiceClient:[log:72] - [OrderServiceClient#getReviewsByStoreIdAndRating] <--- END HTTP (4-byte body)
2025-08-30 11:57:08.297 [HikariPool-1 housekeeper] DEBUG com.zaxxer.hikari.pool.HikariPool:[logPoolState:405] - HikariPool-1 - Pool stats (total=10, active=0, idle=10, waiting=0)
2025-08-30 11:57:08.297 [HikariPool-1 housekeeper] DEBUG com.zaxxer.hikari.pool.HikariPool:[fillPool:510] - HikariPool-1 - Fill pool skipped, pool has sufficient level or currently being filled.
2025-08-30 11:57:29.849 [http-nio-8083-exec-2] DEBUG o.springframework.jdbc.datasource.DataSourceUtils:[doGetConnection:117] - Fetching JDBC Connection from DataSource
2025-08-30 11:57:29.851 [http-nio-8083-exec-2] DEBUG feign.template.Template:[resolveExpression:133] - Explicit slash decoding specified, decoding all slashes in uri
2025-08-30 11:57:29.851 [http-nio-8083-exec-2] DEBUG feign.template.Template:[resolveExpression:133] - Explicit slash decoding specified, decoding all slashes in uri
2025-08-30 11:57:29.851 [http-nio-8083-exec-2] DEBUG feign.template.Template:[resolveExpression:133] - Explicit slash decoding specified, decoding all slashes in uri
2025-08-30 11:57:29.851 [http-nio-8083-exec-2] DEBUG feign.template.Template:[resolveExpression:133] - Explicit slash decoding specified, decoding all slashes in uri
2025-08-30 11:57:29.851 [http-nio-8083-exec-2] DEBUG com.blm.common.feign.OrderServiceClient:[log:72] - [OrderServiceClient#getReviewsByStoreIdAndRating] ---> GET http://order-service/internal/orders/reviews/store/5/rate?rating=5&page=0&size=10 HTTP/1.1
2025-08-30 11:57:29.851 [http-nio-8083-exec-2] DEBUG com.blm.common.feign.OrderServiceClient:[log:72] - [OrderServiceClient#getReviewsByStoreIdAndRating] ---> END HTTP (0-byte body)
2025-08-30 11:57:30.868 [http-nio-8083-exec-2] DEBUG com.blm.common.feign.OrderServiceClient:[log:72] - [OrderServiceClient#getReviewsByStoreIdAndRating] <--- HTTP/1.1 200 (1017ms)
2025-08-30 11:57:30.869 [http-nio-8083-exec-2] DEBUG com.blm.common.feign.OrderServiceClient:[log:72] - [OrderServiceClient#getReviewsByStoreIdAndRating] connection: keep-alive
2025-08-30 11:57:30.869 [http-nio-8083-exec-2] DEBUG com.blm.common.feign.OrderServiceClient:[log:72] - [OrderServiceClient#getReviewsByStoreIdAndRating] content-type: application/json
2025-08-30 11:57:30.869 [http-nio-8083-exec-2] DEBUG com.blm.common.feign.OrderServiceClient:[log:72] - [OrderServiceClient#getReviewsByStoreIdAndRating] date: Sat, 30 Aug 2025 03:57:30 GMT
2025-08-30 11:57:30.869 [http-nio-8083-exec-2] DEBUG com.blm.common.feign.OrderServiceClient:[log:72] - [OrderServiceClient#getReviewsByStoreIdAndRating] keep-alive: timeout=60
2025-08-30 11:57:30.870 [http-nio-8083-exec-2] DEBUG com.blm.common.feign.OrderServiceClient:[log:72] - [OrderServiceClient#getReviewsByStoreIdAndRating] transfer-encoding: chunked
2025-08-30 11:57:30.870 [http-nio-8083-exec-2] DEBUG com.blm.common.feign.OrderServiceClient:[log:72] - [OrderServiceClient#getReviewsByStoreIdAndRating] 
2025-08-30 11:57:30.870 [http-nio-8083-exec-2] DEBUG com.blm.common.feign.OrderServiceClient:[log:72] - [OrderServiceClient#getReviewsByStoreIdAndRating] null
2025-08-30 11:57:30.870 [http-nio-8083-exec-2] DEBUG com.blm.common.feign.OrderServiceClient:[log:72] - [OrderServiceClient#getReviewsByStoreIdAndRating] <--- END HTTP (4-byte body)
2025-08-30 11:57:38.301 [HikariPool-1 housekeeper] DEBUG com.zaxxer.hikari.pool.HikariPool:[logPoolState:405] - HikariPool-1 - Pool stats (total=10, active=0, idle=10, waiting=0)
2025-08-30 11:57:38.301 [HikariPool-1 housekeeper] DEBUG com.zaxxer.hikari.pool.HikariPool:[fillPool:510] - HikariPool-1 - Fill pool skipped, pool has sufficient level or currently being filled.
2025-08-30 11:57:59.341 [http-nio-8083-exec-3] DEBUG o.springframework.jdbc.datasource.DataSourceUtils:[doGetConnection:117] - Fetching JDBC Connection from DataSource
2025-08-30 11:58:08.306 [HikariPool-1 housekeeper] DEBUG com.zaxxer.hikari.pool.HikariPool:[logPoolState:405] - HikariPool-1 - Pool stats (total=10, active=0, idle=10, waiting=0)
2025-08-30 11:58:08.306 [HikariPool-1 housekeeper] DEBUG com.zaxxer.hikari.pool.HikariPool:[fillPool:510] - HikariPool-1 - Fill pool skipped, pool has sufficient level or currently being filled.
2025-08-30 11:58:38.313 [HikariPool-1 housekeeper] DEBUG com.zaxxer.hikari.pool.HikariPool:[logPoolState:405] - HikariPool-1 - Pool stats (total=10, active=0, idle=10, waiting=0)
2025-08-30 11:58:38.314 [HikariPool-1 housekeeper] DEBUG com.zaxxer.hikari.pool.HikariPool:[fillPool:510] - HikariPool-1 - Fill pool skipped, pool has sufficient level or currently being filled.
2025-08-30 11:58:47.724 [SpringApplicationShutdownHook] INFO  o.s.c.n.e.serviceregistry.EurekaServiceRegistry:[deregister:91] - Unregistering application STORE-SERVICE with eureka with status DOWN
2025-08-30 11:58:47.724 [SpringApplicationShutdownHook] INFO  com.netflix.discovery.DiscoveryClient:[notify:1297] - Saw local status change event StatusChangeEvent [timestamp=1756526327724, current=DOWN, previous=UP]
2025-08-30 11:58:47.724 [DiscoveryClient-InstanceInfoReplicator-%d] INFO  com.netflix.discovery.DiscoveryClient:[register:825] - DiscoveryClient_STORE-SERVICE/SS11041203:store-service:8083: registering service...
2025-08-30 11:58:47.728 [DiscoveryClient-InstanceInfoReplicator-%d] INFO  com.netflix.discovery.DiscoveryClient:[register:834] - DiscoveryClient_STORE-SERVICE/SS11041203:store-service:8083 - registration status: 204
2025-08-30 11:58:47.735 [SpringApplicationShutdownHook] INFO  com.zaxxer.hikari.HikariDataSource:[close:349] - HikariPool-1 - Shutdown initiated...
2025-08-30 11:58:47.736 [SpringApplicationShutdownHook] DEBUG com.zaxxer.hikari.pool.HikariPool:[logPoolState:405] - HikariPool-1 - Before shutdown stats (total=10, active=0, idle=10, waiting=0)
2025-08-30 11:58:47.736 [HikariPool-1 connection closer] DEBUG com.zaxxer.hikari.pool.PoolBase:[quietlyCloseConnection:133] - HikariPool-1 - Closing connection com.mysql.cj.jdbc.ConnectionImpl@446c8c72: (connection evicted)
2025-08-30 11:58:47.738 [HikariPool-1 connection closer] DEBUG com.zaxxer.hikari.pool.PoolBase:[quietlyCloseConnection:133] - HikariPool-1 - Closing connection com.mysql.cj.jdbc.ConnectionImpl@49887d4: (connection evicted)
2025-08-30 11:58:47.739 [HikariPool-1 connection closer] DEBUG com.zaxxer.hikari.pool.PoolBase:[quietlyCloseConnection:133] - HikariPool-1 - Closing connection com.mysql.cj.jdbc.ConnectionImpl@45a58def: (connection evicted)
2025-08-30 11:58:47.739 [HikariPool-1 connection closer] DEBUG com.zaxxer.hikari.pool.PoolBase:[quietlyCloseConnection:133] - HikariPool-1 - Closing connection com.mysql.cj.jdbc.ConnectionImpl@742a8ade: (connection evicted)
2025-08-30 11:58:47.739 [HikariPool-1 connection closer] DEBUG com.zaxxer.hikari.pool.PoolBase:[quietlyCloseConnection:133] - HikariPool-1 - Closing connection com.mysql.cj.jdbc.ConnectionImpl@258a72a0: (connection evicted)
2025-08-30 11:58:47.739 [HikariPool-1 connection closer] DEBUG com.zaxxer.hikari.pool.PoolBase:[quietlyCloseConnection:133] - HikariPool-1 - Closing connection com.mysql.cj.jdbc.ConnectionImpl@51237283: (connection evicted)
2025-08-30 11:58:47.739 [HikariPool-1 connection closer] DEBUG com.zaxxer.hikari.pool.PoolBase:[quietlyCloseConnection:133] - HikariPool-1 - Closing connection com.mysql.cj.jdbc.ConnectionImpl@21c42b83: (connection evicted)
2025-08-30 11:58:47.739 [HikariPool-1 connection closer] DEBUG com.zaxxer.hikari.pool.PoolBase:[quietlyCloseConnection:133] - HikariPool-1 - Closing connection com.mysql.cj.jdbc.ConnectionImpl@611c721c: (connection evicted)
2025-08-30 11:58:47.740 [HikariPool-1 connection closer] DEBUG com.zaxxer.hikari.pool.PoolBase:[quietlyCloseConnection:133] - HikariPool-1 - Closing connection com.mysql.cj.jdbc.ConnectionImpl@5cf1faca: (connection evicted)
2025-08-30 11:58:47.740 [HikariPool-1 connection closer] DEBUG com.zaxxer.hikari.pool.PoolBase:[quietlyCloseConnection:133] - HikariPool-1 - Closing connection com.mysql.cj.jdbc.ConnectionImpl@786cb7fd: (connection evicted)
2025-08-30 11:58:47.740 [SpringApplicationShutdownHook] DEBUG com.zaxxer.hikari.pool.HikariPool:[logPoolState:405] - HikariPool-1 - After shutdown stats (total=0, active=0, idle=0, waiting=0)
2025-08-30 11:58:47.740 [SpringApplicationShutdownHook] INFO  com.zaxxer.hikari.HikariDataSource:[close:351] - HikariPool-1 - Shutdown completed.
2025-08-30 11:58:47.740 [SpringApplicationShutdownHook] INFO  com.netflix.discovery.DiscoveryClient:[shutdown:887] - Shutting down DiscoveryClient ...
2025-08-30 11:58:50.748 [SpringApplicationShutdownHook] INFO  com.netflix.discovery.DiscoveryClient:[unregister:918] - Unregistering ...
2025-08-30 11:58:50.750 [SpringApplicationShutdownHook] INFO  com.netflix.discovery.DiscoveryClient:[unregister:920] - DiscoveryClient_STORE-SERVICE/SS11041203:store-service:8083 - deregister  status: 200
2025-08-30 11:58:50.750 [SpringApplicationShutdownHook] INFO  com.netflix.discovery.DiscoveryClient:[shutdown:907] - Completed shut down of DiscoveryClient
2025-08-30 11:58:54.044 [main] INFO  com.blm.store.StoreApplication:[logStarting:50] - Starting StoreApplication using Java 21.0.8 with PID 29556 (D:\BUAA\大二暑假\BLM\store-service\target\classes started by Lenovo in D:\BUAA\大二暑假\BLM)
2025-08-30 11:58:54.046 [main] DEBUG com.blm.store.StoreApplication:[logStarting:51] - Running with Spring Boot v3.3.3, Spring v6.1.12
2025-08-30 11:58:54.046 [main] INFO  com.blm.store.StoreApplication:[logStartupProfileInfo:660] - The following 1 profile is active: "dev"
2025-08-30 11:58:54.516 [main] DEBUG o.s.cloud.openfeign.FeignClientsRegistrar$1:[scanCandidateComponents:476] - Identified candidate component class: file [D:\BUAA\大二暑假\BLM\common\target\classes\com\blm\common\feign\OrderServiceClient.class]
2025-08-30 11:58:54.516 [main] DEBUG o.s.cloud.openfeign.FeignClientsRegistrar$1:[scanCandidateComponents:476] - Identified candidate component class: file [D:\BUAA\大二暑假\BLM\common\target\classes\com\blm\common\feign\RiderServiceClient.class]
2025-08-30 11:58:54.516 [main] DEBUG o.s.cloud.openfeign.FeignClientsRegistrar$1:[scanCandidateComponents:476] - Identified candidate component class: file [D:\BUAA\大二暑假\BLM\common\target\classes\com\blm\common\feign\StoreServiceClient.class]
2025-08-30 11:58:54.517 [main] DEBUG o.s.cloud.openfeign.FeignClientsRegistrar$1:[scanCandidateComponents:476] - Identified candidate component class: file [D:\BUAA\大二暑假\BLM\common\target\classes\com\blm\common\feign\UserServiceClient.class]
2025-08-30 11:58:54.619 [main] DEBUG o.m.s.boot.autoconfigure.MybatisAutoConfiguration:[registerBeanDefinitions:247] - Searching for mappers annotated with @Mapper
2025-08-30 11:58:54.620 [main] DEBUG o.m.s.boot.autoconfigure.MybatisAutoConfiguration:[lambda$registerBeanDefinitions$0:251] - Using auto-configuration base package 'com.blm.store'
2025-08-30 11:58:54.767 [main] DEBUG org.apache.ibatis.logging.LogFactory:[setImplementation:112] - Logging initialized using 'class org.apache.ibatis.logging.slf4j.Slf4jImpl' adapter.
2025-08-30 11:58:54.770 [main] DEBUG org.mybatis.spring.mapper.ClassPathMapperScanner:[scanCandidateComponents:476] - Identified candidate component class: file [D:\BUAA\大二暑假\BLM\store-service\target\classes\com\blm\store\repository\FoodCategoryRepository.class]
2025-08-30 11:58:54.770 [main] DEBUG org.mybatis.spring.mapper.ClassPathMapperScanner:[scanCandidateComponents:476] - Identified candidate component class: file [D:\BUAA\大二暑假\BLM\store-service\target\classes\com\blm\store\repository\FoodRepository.class]
2025-08-30 11:58:54.770 [main] DEBUG org.mybatis.spring.mapper.ClassPathMapperScanner:[scanCandidateComponents:476] - Identified candidate component class: file [D:\BUAA\大二暑假\BLM\store-service\target\classes\com\blm\store\repository\PromotionRepository.class]
2025-08-30 11:58:54.770 [main] DEBUG org.mybatis.spring.mapper.ClassPathMapperScanner:[scanCandidateComponents:476] - Identified candidate component class: file [D:\BUAA\大二暑假\BLM\store-service\target\classes\com\blm\store\repository\StoreCategoryRepository.class]
2025-08-30 11:58:54.771 [main] DEBUG org.mybatis.spring.mapper.ClassPathMapperScanner:[scanCandidateComponents:476] - Identified candidate component class: file [D:\BUAA\大二暑假\BLM\store-service\target\classes\com\blm\store\repository\StoreRepository.class]
2025-08-30 11:58:54.771 [main] DEBUG org.mybatis.spring.mapper.ClassPathMapperScanner:[debug:49] - Creating MapperFactoryBean with name 'foodCategoryRepository' and 'com.blm.store.repository.FoodCategoryRepository' mapperInterface
2025-08-30 11:58:54.772 [main] DEBUG org.mybatis.spring.mapper.ClassPathMapperScanner:[debug:49] - Creating MapperFactoryBean with name 'foodRepository' and 'com.blm.store.repository.FoodRepository' mapperInterface
2025-08-30 11:58:54.772 [main] DEBUG org.mybatis.spring.mapper.ClassPathMapperScanner:[debug:49] - Creating MapperFactoryBean with name 'promotionRepository' and 'com.blm.store.repository.PromotionRepository' mapperInterface
2025-08-30 11:58:54.773 [main] DEBUG org.mybatis.spring.mapper.ClassPathMapperScanner:[debug:49] - Creating MapperFactoryBean with name 'storeCategoryRepository' and 'com.blm.store.repository.StoreCategoryRepository' mapperInterface
2025-08-30 11:58:54.773 [main] DEBUG org.mybatis.spring.mapper.ClassPathMapperScanner:[debug:49] - Creating MapperFactoryBean with name 'storeRepository' and 'com.blm.store.repository.StoreRepository' mapperInterface
2025-08-30 11:58:54.839 [main] INFO  o.springframework.cloud.context.scope.GenericScope:[setSerializationId:282] - BeanFactory id=9af39289-17b3-3793-86a2-4e31d680bb05
2025-08-30 11:58:54.952 [main] WARN  o.s.c.s.PostProcessorRegistrationDelegate$BeanPostProcessorChecker:[postProcessAfterInitialization:429] - Bean 'org.springframework.cloud.client.loadbalancer.LoadBalancerAutoConfiguration$DeferringLoadBalancerInterceptorConfig' of type [org.springframework.cloud.client.loadbalancer.LoadBalancerAutoConfiguration$DeferringLoadBalancerInterceptorConfig] is not eligible for getting processed by all BeanPostProcessors (for example: not eligible for auto-proxying). The currently created BeanPostProcessor [lbRestClientPostProcessor] is declared through a non-static factory method on that class; consider declaring it as static instead.
2025-08-30 11:58:54.953 [main] WARN  o.s.c.s.PostProcessorRegistrationDelegate$BeanPostProcessorChecker:[postProcessAfterInitialization:437] - Bean 'deferringLoadBalancerInterceptor' of type [org.springframework.cloud.client.loadbalancer.DeferringLoadBalancerInterceptor] is not eligible for getting processed by all BeanPostProcessors (for example: not eligible for auto-proxying). Is this bean getting eagerly injected into a currently created BeanPostProcessor [lbRestClientPostProcessor]? Check the corresponding BeanPostProcessor declaration and its dependencies.
2025-08-30 11:58:55.097 [main] INFO  o.s.boot.web.embedded.tomcat.TomcatWebServer:[initialize:111] - Tomcat initialized with port 8083 (http)
2025-08-30 11:58:55.106 [main] INFO  org.apache.catalina.core.StandardService:[log:173] - Starting service [Tomcat]
2025-08-30 11:58:55.107 [main] INFO  org.apache.catalina.core.StandardEngine:[log:173] - Starting Servlet engine: [Apache Tomcat/10.1.28]
2025-08-30 11:58:55.158 [main] INFO  o.a.c.core.ContainerBase.[Tomcat].[localhost].[/]:[log:173] - Initializing Spring embedded WebApplicationContext
2025-08-30 11:58:55.158 [main] INFO  o.s.b.w.s.c.ServletWebServerApplicationContext:[prepareWebApplicationContext:296] - Root WebApplicationContext: initialization completed in 1073 ms
2025-08-30 11:58:55.201 [main] DEBUG com.zaxxer.hikari.HikariConfig:[attemptFromContextLoader:974] - Driver class com.mysql.cj.jdbc.Driver found in Thread context class loader jdk.internal.loader.ClassLoaders$AppClassLoader@36baf30c
2025-08-30 11:58:55.215 [main] DEBUG o.springframework.jdbc.datasource.DataSourceUtils:[doGetConnection:117] - Fetching JDBC Connection from DataSource
2025-08-30 11:58:55.216 [main] DEBUG com.zaxxer.hikari.HikariConfig:[logConfiguration:1106] - HikariPool-1 - configuration:
2025-08-30 11:58:55.217 [main] DEBUG com.zaxxer.hikari.HikariConfig:[logConfiguration:1138] - allowPoolSuspension.............false
2025-08-30 11:58:55.220 [main] DEBUG com.zaxxer.hikari.HikariConfig:[logConfiguration:1138] - autoCommit......................true
2025-08-30 11:58:55.220 [main] DEBUG com.zaxxer.hikari.HikariConfig:[logConfiguration:1138] - catalog.........................none
2025-08-30 11:58:55.221 [main] DEBUG com.zaxxer.hikari.HikariConfig:[logConfiguration:1138] - connectionInitSql...............none
2025-08-30 11:58:55.221 [main] DEBUG com.zaxxer.hikari.HikariConfig:[logConfiguration:1138] - connectionTestQuery.............none
2025-08-30 11:58:55.222 [main] DEBUG com.zaxxer.hikari.HikariConfig:[logConfiguration:1138] - connectionTimeout...............30000
2025-08-30 11:58:55.222 [main] DEBUG com.zaxxer.hikari.HikariConfig:[logConfiguration:1138] - dataSource......................none
2025-08-30 11:58:55.222 [main] DEBUG com.zaxxer.hikari.HikariConfig:[logConfiguration:1138] - dataSourceClassName.............none
2025-08-30 11:58:55.222 [main] DEBUG com.zaxxer.hikari.HikariConfig:[logConfiguration:1138] - dataSourceJNDI..................none
2025-08-30 11:58:55.222 [main] DEBUG com.zaxxer.hikari.HikariConfig:[logConfiguration:1138] - dataSourceProperties............{password=<masked>}
2025-08-30 11:58:55.222 [main] DEBUG com.zaxxer.hikari.HikariConfig:[logConfiguration:1138] - driverClassName................."com.mysql.cj.jdbc.Driver"
2025-08-30 11:58:55.222 [main] DEBUG com.zaxxer.hikari.HikariConfig:[logConfiguration:1138] - exceptionOverrideClassName......none
2025-08-30 11:58:55.222 [main] DEBUG com.zaxxer.hikari.HikariConfig:[logConfiguration:1138] - healthCheckProperties...........{}
2025-08-30 11:58:55.222 [main] DEBUG com.zaxxer.hikari.HikariConfig:[logConfiguration:1138] - healthCheckRegistry.............none
2025-08-30 11:58:55.223 [main] DEBUG com.zaxxer.hikari.HikariConfig:[logConfiguration:1138] - idleTimeout.....................600000
2025-08-30 11:58:55.223 [main] DEBUG com.zaxxer.hikari.HikariConfig:[logConfiguration:1138] - initializationFailTimeout.......1
2025-08-30 11:58:55.223 [main] DEBUG com.zaxxer.hikari.HikariConfig:[logConfiguration:1138] - isolateInternalQueries..........false
2025-08-30 11:58:55.223 [main] DEBUG com.zaxxer.hikari.HikariConfig:[logConfiguration:1138] - jdbcUrl.........................jdbc:mysql://localhost:3306/store_db?useUnicode=true&characterEncoding=utf-8&useSSL=false&serverTimezone=UTC
2025-08-30 11:58:55.223 [main] DEBUG com.zaxxer.hikari.HikariConfig:[logConfiguration:1138] - keepaliveTime...................0
2025-08-30 11:58:55.223 [main] DEBUG com.zaxxer.hikari.HikariConfig:[logConfiguration:1138] - leakDetectionThreshold..........0
2025-08-30 11:58:55.223 [main] DEBUG com.zaxxer.hikari.HikariConfig:[logConfiguration:1138] - maxLifetime.....................1800000
2025-08-30 11:58:55.223 [main] DEBUG com.zaxxer.hikari.HikariConfig:[logConfiguration:1138] - maximumPoolSize.................10
2025-08-30 11:58:55.223 [main] DEBUG com.zaxxer.hikari.HikariConfig:[logConfiguration:1138] - metricRegistry..................none
2025-08-30 11:58:55.224 [main] DEBUG com.zaxxer.hikari.HikariConfig:[logConfiguration:1138] - metricsTrackerFactory...........none
2025-08-30 11:58:55.224 [main] DEBUG com.zaxxer.hikari.HikariConfig:[logConfiguration:1138] - minimumIdle.....................10
2025-08-30 11:58:55.224 [main] DEBUG com.zaxxer.hikari.HikariConfig:[logConfiguration:1138] - password........................<masked>
2025-08-30 11:58:55.224 [main] DEBUG com.zaxxer.hikari.HikariConfig:[logConfiguration:1138] - poolName........................"HikariPool-1"
2025-08-30 11:58:55.224 [main] DEBUG com.zaxxer.hikari.HikariConfig:[logConfiguration:1138] - readOnly........................false
2025-08-30 11:58:55.224 [main] DEBUG com.zaxxer.hikari.HikariConfig:[logConfiguration:1138] - registerMbeans..................false
2025-08-30 11:58:55.224 [main] DEBUG com.zaxxer.hikari.HikariConfig:[logConfiguration:1138] - scheduledExecutor...............none
2025-08-30 11:58:55.224 [main] DEBUG com.zaxxer.hikari.HikariConfig:[logConfiguration:1138] - schema..........................none
2025-08-30 11:58:55.225 [main] DEBUG com.zaxxer.hikari.HikariConfig:[logConfiguration:1138] - threadFactory...................internal
2025-08-30 11:58:55.225 [main] DEBUG com.zaxxer.hikari.HikariConfig:[logConfiguration:1138] - transactionIsolation............default
2025-08-30 11:58:55.225 [main] DEBUG com.zaxxer.hikari.HikariConfig:[logConfiguration:1138] - username........................"root"
2025-08-30 11:58:55.225 [main] DEBUG com.zaxxer.hikari.HikariConfig:[logConfiguration:1138] - validationTimeout...............5000
2025-08-30 11:58:55.226 [main] INFO  com.zaxxer.hikari.HikariDataSource:[getConnection:109] - HikariPool-1 - Starting...
2025-08-30 11:58:55.307 [main] INFO  com.zaxxer.hikari.pool.HikariPool:[checkFailFast:554] - HikariPool-1 - Added connection com.mysql.cj.jdbc.ConnectionImpl@5d6b42cf
2025-08-30 11:58:55.308 [main] INFO  com.zaxxer.hikari.HikariDataSource:[getConnection:122] - HikariPool-1 - Start completed.
2025-08-30 11:58:55.404 [main] DEBUG org.mybatis.spring.SqlSessionFactoryBean:[debug:49] - Parsed mapper file: 'file [D:\BUAA\大二暑假\BLM\store-service\target\classes\mapper\FoodMapper.xml]'
2025-08-30 11:58:55.409 [HikariPool-1 housekeeper] DEBUG com.zaxxer.hikari.pool.HikariPool:[logPoolState:405] - HikariPool-1 - Pool stats (total=1, active=0, idle=1, waiting=0)
2025-08-30 11:58:55.413 [main] DEBUG org.mybatis.spring.SqlSessionFactoryBean:[debug:49] - Parsed mapper file: 'file [D:\BUAA\大二暑假\BLM\store-service\target\classes\mapper\PromotionMapper.xml]'
2025-08-30 11:58:55.414 [HikariPool-1 connection adder] DEBUG com.zaxxer.hikari.pool.HikariPool:[call:728] - HikariPool-1 - Added connection com.mysql.cj.jdbc.ConnectionImpl@1ef2e678
2025-08-30 11:58:55.421 [main] DEBUG org.mybatis.spring.SqlSessionFactoryBean:[debug:49] - Parsed mapper file: 'file [D:\BUAA\大二暑假\BLM\store-service\target\classes\mapper\StoreMapper.xml]'
2025-08-30 11:58:55.429 [main] DEBUG o.s.cloud.openfeign.FeignClientFactoryBean:[<init>:125] - Creating a FeignClientFactoryBean.
2025-08-30 11:58:55.456 [HikariPool-1 connection adder] DEBUG com.zaxxer.hikari.pool.HikariPool:[logPoolState:405] - HikariPool-1 - After adding stats (total=2, active=0, idle=2, waiting=0)
2025-08-30 11:58:55.459 [HikariPool-1 connection adder] DEBUG com.zaxxer.hikari.pool.HikariPool:[call:728] - HikariPool-1 - Added connection com.mysql.cj.jdbc.ConnectionImpl@3bdf948d
2025-08-30 11:58:55.503 [HikariPool-1 connection adder] DEBUG com.zaxxer.hikari.pool.HikariPool:[logPoolState:405] - HikariPool-1 - After adding stats (total=3, active=0, idle=3, waiting=0)
2025-08-30 11:58:55.506 [HikariPool-1 connection adder] DEBUG com.zaxxer.hikari.pool.HikariPool:[call:728] - HikariPool-1 - Added connection com.mysql.cj.jdbc.ConnectionImpl@546d3664
2025-08-30 11:58:55.550 [HikariPool-1 connection adder] DEBUG com.zaxxer.hikari.pool.HikariPool:[logPoolState:405] - HikariPool-1 - After adding stats (total=4, active=0, idle=4, waiting=0)
2025-08-30 11:58:55.552 [HikariPool-1 connection adder] DEBUG com.zaxxer.hikari.pool.HikariPool:[call:728] - HikariPool-1 - Added connection com.mysql.cj.jdbc.ConnectionImpl@7a6a806f
2025-08-30 11:58:55.588 [main] INFO  o.s.cloud.openfeign.FeignClientFactoryBean:[getTarget:468] - For 'order-service' URL not provided. Will try picking an instance via load-balancing.
2025-08-30 11:58:55.597 [HikariPool-1 connection adder] DEBUG com.zaxxer.hikari.pool.HikariPool:[logPoolState:405] - HikariPool-1 - After adding stats (total=5, active=0, idle=5, waiting=0)
2025-08-30 11:58:55.600 [HikariPool-1 connection adder] DEBUG com.zaxxer.hikari.pool.HikariPool:[call:728] - HikariPool-1 - Added connection com.mysql.cj.jdbc.ConnectionImpl@2b01020f
2025-08-30 11:58:55.644 [HikariPool-1 connection adder] DEBUG com.zaxxer.hikari.pool.HikariPool:[logPoolState:405] - HikariPool-1 - After adding stats (total=6, active=0, idle=6, waiting=0)
2025-08-30 11:58:55.646 [HikariPool-1 connection adder] DEBUG com.zaxxer.hikari.pool.HikariPool:[call:728] - HikariPool-1 - Added connection com.mysql.cj.jdbc.ConnectionImpl@2b530e36
2025-08-30 11:58:55.654 [main] DEBUG o.s.cloud.openfeign.FeignClientFactoryBean:[<init>:125] - Creating a FeignClientFactoryBean.
2025-08-30 11:58:55.663 [main] INFO  o.s.cloud.openfeign.FeignClientFactoryBean:[getTarget:468] - For 'user-service' URL not provided. Will try picking an instance via load-balancing.
2025-08-30 11:58:55.680 [main] DEBUG o.s.cloud.openfeign.FeignClientFactoryBean:[<init>:125] - Creating a FeignClientFactoryBean.
2025-08-30 11:58:55.682 [main] DEBUG o.s.cloud.openfeign.FeignClientFactoryBean:[<init>:125] - Creating a FeignClientFactoryBean.
2025-08-30 11:58:55.691 [HikariPool-1 connection adder] DEBUG com.zaxxer.hikari.pool.HikariPool:[logPoolState:405] - HikariPool-1 - After adding stats (total=7, active=0, idle=7, waiting=0)
2025-08-30 11:58:55.693 [HikariPool-1 connection adder] DEBUG com.zaxxer.hikari.pool.HikariPool:[call:728] - HikariPool-1 - Added connection com.mysql.cj.jdbc.ConnectionImpl@91b20ed
2025-08-30 11:58:55.738 [HikariPool-1 connection adder] DEBUG com.zaxxer.hikari.pool.HikariPool:[logPoolState:405] - HikariPool-1 - After adding stats (total=8, active=0, idle=8, waiting=0)
2025-08-30 11:58:55.741 [HikariPool-1 connection adder] DEBUG com.zaxxer.hikari.pool.HikariPool:[call:728] - HikariPool-1 - Added connection com.mysql.cj.jdbc.ConnectionImpl@5b290f2b
2025-08-30 11:58:55.785 [HikariPool-1 connection adder] DEBUG com.zaxxer.hikari.pool.HikariPool:[logPoolState:405] - HikariPool-1 - After adding stats (total=9, active=0, idle=9, waiting=0)
2025-08-30 11:58:55.788 [HikariPool-1 connection adder] DEBUG com.zaxxer.hikari.pool.HikariPool:[call:728] - HikariPool-1 - Added connection com.mysql.cj.jdbc.ConnectionImpl@7909b0f4
2025-08-30 11:58:55.833 [HikariPool-1 connection adder] DEBUG com.zaxxer.hikari.pool.HikariPool:[logPoolState:405] - HikariPool-1 - After adding stats (total=10, active=0, idle=10, waiting=0)
2025-08-30 11:58:55.862 [main] DEBUG o.m.s.boot.autoconfigure.MybatisAutoConfiguration:[afterPropertiesSet:319] - Not found configuration for registering mapper bean using @MapperScan, MapperFactoryBean and MapperScannerConfigurer.
2025-08-30 11:58:55.984 [main] INFO  o.s.c.n.e.c.DiscoveryClientOptionalArgsConfiguration:[restTemplateDiscoveryClientOptionalArgs:80] - Eureka HTTP Client uses RestTemplate.
2025-08-30 11:58:55.997 [main] WARN  o.s.c.l.c.LoadBalancerCacheAutoConfiguration$LoadBalancerCaffeineWarnLogger:[afterPropertiesSet:94] - Spring Cloud LoadBalancer is currently working with the default cache. While this cache implementation is useful for development and tests, it's recommended to use Caffeine cache in production.You can switch to using Caffeine cache, by adding it and org.springframework.cache.caffeine.CaffeineCacheManager to the classpath.
2025-08-30 11:58:56.031 [main] INFO  o.s.cloud.netflix.eureka.InstanceInfoFactory:[create:67] - Setting initial instance status as: STARTING
2025-08-30 11:58:56.043 [main] INFO  com.netflix.discovery.DiscoveryClient:[<init>:329] - Initializing Eureka in region us-east-1
2025-08-30 11:58:56.045 [main] INFO  c.n.d.shared.resolver.aws.ConfigClusterResolver:[getClusterEndpoints:43] - Resolving eureka endpoints via configuration
2025-08-30 11:58:56.050 [main] INFO  com.netflix.discovery.DiscoveryClient:[fetchRegistry:954] - Disable delta property : false
2025-08-30 11:58:56.050 [main] INFO  com.netflix.discovery.DiscoveryClient:[fetchRegistry:955] - Single vip registry refresh property : null
2025-08-30 11:58:56.050 [main] INFO  com.netflix.discovery.DiscoveryClient:[fetchRegistry:956] - Force full registry fetch : false
2025-08-30 11:58:56.050 [main] INFO  com.netflix.discovery.DiscoveryClient:[fetchRegistry:957] - Application is null : false
2025-08-30 11:58:56.050 [main] INFO  com.netflix.discovery.DiscoveryClient:[fetchRegistry:958] - Registered Applications size is zero : true
2025-08-30 11:58:56.050 [main] INFO  com.netflix.discovery.DiscoveryClient:[fetchRegistry:960] - Application version is -1: true
2025-08-30 11:58:56.050 [main] INFO  com.netflix.discovery.DiscoveryClient:[getAndStoreFullRegistry:1042] - Getting all instance registry info from the eureka server
2025-08-30 11:58:56.268 [main] INFO  com.netflix.discovery.DiscoveryClient:[getAndStoreFullRegistry:1051] - The response status is 200
2025-08-30 11:58:56.270 [main] INFO  com.netflix.discovery.DiscoveryClient:[initScheduledTasks:1266] - Starting heartbeat executor: renew interval is: 10
2025-08-30 11:58:56.271 [main] INFO  com.netflix.discovery.InstanceInfoReplicator:[<init>:64] - InstanceInfoReplicator onDemand update allowed rate per min is 4
2025-08-30 11:58:56.272 [main] INFO  com.netflix.discovery.DiscoveryClient:[<init>:455] - Discovery Client initialized at timestamp 1756526336271 with initial instances count: 4
2025-08-30 11:58:56.273 [main] INFO  o.s.c.n.e.serviceregistry.EurekaServiceRegistry:[register:70] - Registering application STORE-SERVICE with eureka with status UP
2025-08-30 11:58:56.274 [main] INFO  com.netflix.discovery.DiscoveryClient:[notify:1297] - Saw local status change event StatusChangeEvent [timestamp=1756526336274, current=UP, previous=STARTING]
2025-08-30 11:58:56.274 [DiscoveryClient-InstanceInfoReplicator-%d] INFO  com.netflix.discovery.DiscoveryClient:[register:825] - DiscoveryClient_STORE-SERVICE/SS11041203:store-service:8083: registering service...
2025-08-30 11:58:56.286 [main] INFO  o.s.boot.web.embedded.tomcat.TomcatWebServer:[start:243] - Tomcat started on port 8083 (http) with context path '/'
2025-08-30 11:58:56.286 [main] INFO  o.s.c.n.e.s.EurekaAutoServiceRegistration:[onApplicationEvent:150] - Updating port to 8083
2025-08-30 11:58:56.295 [DiscoveryClient-InstanceInfoReplicator-%d] INFO  com.netflix.discovery.DiscoveryClient:[register:834] - DiscoveryClient_STORE-SERVICE/SS11041203:store-service:8083 - registration status: 204
2025-08-30 11:58:56.297 [main] INFO  com.blm.store.StoreApplication:[logStarted:56] - Started StoreApplication in 2.565 seconds (process running for 3.115)
2025-08-30 11:58:58.848 [http-nio-8083-exec-1] INFO  o.a.c.core.ContainerBase.[Tomcat].[localhost].[/]:[log:173] - Initializing Spring DispatcherServlet 'dispatcherServlet'
2025-08-30 11:58:58.848 [http-nio-8083-exec-1] INFO  org.springframework.web.servlet.DispatcherServlet:[initServletBean:532] - Initializing Servlet 'dispatcherServlet'
2025-08-30 11:58:58.849 [http-nio-8083-exec-1] INFO  org.springframework.web.servlet.DispatcherServlet:[initServletBean:554] - Completed initialization in 1 ms
2025-08-30 11:58:58.881 [http-nio-8083-exec-1] DEBUG o.springframework.jdbc.datasource.DataSourceUtils:[doGetConnection:117] - Fetching JDBC Connection from DataSource
2025-08-30 11:59:16.934 [http-nio-8083-exec-1] DEBUG feign.template.Template:[resolveExpression:133] - Explicit slash decoding specified, decoding all slashes in uri
2025-08-30 11:59:16.936 [http-nio-8083-exec-1] DEBUG feign.template.Template:[resolveExpression:133] - Explicit slash decoding specified, decoding all slashes in uri
2025-08-30 11:59:16.938 [http-nio-8083-exec-1] DEBUG feign.template.Template:[resolveExpression:133] - Explicit slash decoding specified, decoding all slashes in uri
2025-08-30 11:59:16.939 [http-nio-8083-exec-1] DEBUG feign.template.Template:[resolveExpression:133] - Explicit slash decoding specified, decoding all slashes in uri
2025-08-30 11:59:16.949 [http-nio-8083-exec-1] DEBUG com.blm.common.feign.OrderServiceClient:[log:72] - [OrderServiceClient#getReviewsByStoreIdAndRating] ---> GET http://order-service/internal/orders/reviews/store/5/rate?rating=5&page=0&size=10 HTTP/1.1
2025-08-30 11:59:16.951 [http-nio-8083-exec-1] DEBUG com.blm.common.feign.OrderServiceClient:[log:72] - [OrderServiceClient#getReviewsByStoreIdAndRating] ---> END HTTP (0-byte body)
2025-08-30 11:59:18.297 [http-nio-8083-exec-1] DEBUG com.blm.common.feign.OrderServiceClient:[log:72] - [OrderServiceClient#getReviewsByStoreIdAndRating] <--- HTTP/1.1 200 (1346ms)
2025-08-30 11:59:18.298 [http-nio-8083-exec-1] DEBUG com.blm.common.feign.OrderServiceClient:[log:72] - [OrderServiceClient#getReviewsByStoreIdAndRating] connection: keep-alive
2025-08-30 11:59:18.298 [http-nio-8083-exec-1] DEBUG com.blm.common.feign.OrderServiceClient:[log:72] - [OrderServiceClient#getReviewsByStoreIdAndRating] content-type: application/json
2025-08-30 11:59:18.299 [http-nio-8083-exec-1] DEBUG com.blm.common.feign.OrderServiceClient:[log:72] - [OrderServiceClient#getReviewsByStoreIdAndRating] date: Sat, 30 Aug 2025 03:59:18 GMT
2025-08-30 11:59:18.299 [http-nio-8083-exec-1] DEBUG com.blm.common.feign.OrderServiceClient:[log:72] - [OrderServiceClient#getReviewsByStoreIdAndRating] keep-alive: timeout=60
2025-08-30 11:59:18.300 [http-nio-8083-exec-1] DEBUG com.blm.common.feign.OrderServiceClient:[log:72] - [OrderServiceClient#getReviewsByStoreIdAndRating] transfer-encoding: chunked
2025-08-30 11:59:18.300 [http-nio-8083-exec-1] DEBUG com.blm.common.feign.OrderServiceClient:[log:72] - [OrderServiceClient#getReviewsByStoreIdAndRating] 
2025-08-30 11:59:18.301 [http-nio-8083-exec-1] DEBUG com.blm.common.feign.OrderServiceClient:[log:72] - [OrderServiceClient#getReviewsByStoreIdAndRating] null
2025-08-30 11:59:18.302 [http-nio-8083-exec-1] DEBUG com.blm.common.feign.OrderServiceClient:[log:72] - [OrderServiceClient#getReviewsByStoreIdAndRating] <--- END HTTP (4-byte body)
2025-08-30 12:03:03.794 [HikariPool-1 housekeeper] WARN  com.zaxxer.hikari.pool.HikariPool:[run:797] - HikariPool-1 - Thread starvation or clock leap detected (housekeeper delta=4m8s384ms108µs699ns).
2025-08-30 12:03:03.794 [HikariPool-1 housekeeper] DEBUG com.zaxxer.hikari.pool.HikariPool:[logPoolState:405] - HikariPool-1 - Pool stats (total=10, active=0, idle=10, waiting=0)
2025-08-30 12:03:03.794 [HikariPool-1 housekeeper] DEBUG com.zaxxer.hikari.pool.HikariPool:[fillPool:510] - HikariPool-1 - Fill pool skipped, pool has sufficient level or currently being filled.
2025-08-30 12:03:03.825 [DiscoveryClient-HeartbeatExecutor-%d] INFO  com.netflix.discovery.DiscoveryClient:[renew:849] - DiscoveryClient_STORE-SERVICE/SS11041203:store-service:8083 - Re-registering apps/STORE-SERVICE
2025-08-30 12:03:03.825 [DiscoveryClient-HeartbeatExecutor-%d] INFO  com.netflix.discovery.DiscoveryClient:[register:825] - DiscoveryClient_STORE-SERVICE/SS11041203:store-service:8083: registering service...
2025-08-30 12:03:03.827 [DiscoveryClient-HeartbeatExecutor-%d] INFO  com.netflix.discovery.DiscoveryClient:[register:834] - DiscoveryClient_STORE-SERVICE/SS11041203:store-service:8083 - registration status: 204
2025-08-30 12:03:18.797 [http-nio-8083-exec-2] DEBUG o.springframework.jdbc.datasource.DataSourceUtils:[doGetConnection:117] - Fetching JDBC Connection from DataSource
2025-08-30 12:03:23.765 [http-nio-8083-exec-2] DEBUG feign.template.Template:[resolveExpression:133] - Explicit slash decoding specified, decoding all slashes in uri
2025-08-30 12:03:23.766 [http-nio-8083-exec-2] DEBUG feign.template.Template:[resolveExpression:133] - Explicit slash decoding specified, decoding all slashes in uri
2025-08-30 12:03:23.766 [http-nio-8083-exec-2] DEBUG feign.template.Template:[resolveExpression:133] - Explicit slash decoding specified, decoding all slashes in uri
2025-08-30 12:03:23.766 [http-nio-8083-exec-2] DEBUG feign.template.Template:[resolveExpression:133] - Explicit slash decoding specified, decoding all slashes in uri
2025-08-30 12:03:23.766 [http-nio-8083-exec-2] DEBUG com.blm.common.feign.OrderServiceClient:[log:72] - [OrderServiceClient#getReviewsByStoreIdAndRating] ---> GET http://order-service/internal/orders/reviews/store/5/rate?rating=5&page=1&size=10 HTTP/1.1
2025-08-30 12:03:23.766 [http-nio-8083-exec-2] DEBUG com.blm.common.feign.OrderServiceClient:[log:72] - [OrderServiceClient#getReviewsByStoreIdAndRating] ---> END HTTP (0-byte body)
2025-08-30 12:03:24.783 [http-nio-8083-exec-2] DEBUG com.blm.common.feign.OrderServiceClient:[log:72] - [OrderServiceClient#getReviewsByStoreIdAndRating] <--- HTTP/1.1 200 (1016ms)
2025-08-30 12:03:24.783 [http-nio-8083-exec-2] DEBUG com.blm.common.feign.OrderServiceClient:[log:72] - [OrderServiceClient#getReviewsByStoreIdAndRating] connection: keep-alive
2025-08-30 12:03:24.783 [http-nio-8083-exec-2] DEBUG com.blm.common.feign.OrderServiceClient:[log:72] - [OrderServiceClient#getReviewsByStoreIdAndRating] content-type: application/json
2025-08-30 12:03:24.783 [http-nio-8083-exec-2] DEBUG com.blm.common.feign.OrderServiceClient:[log:72] - [OrderServiceClient#getReviewsByStoreIdAndRating] date: Sat, 30 Aug 2025 04:03:24 GMT
2025-08-30 12:03:24.783 [http-nio-8083-exec-2] DEBUG com.blm.common.feign.OrderServiceClient:[log:72] - [OrderServiceClient#getReviewsByStoreIdAndRating] keep-alive: timeout=60
2025-08-30 12:03:24.783 [http-nio-8083-exec-2] DEBUG com.blm.common.feign.OrderServiceClient:[log:72] - [OrderServiceClient#getReviewsByStoreIdAndRating] transfer-encoding: chunked
2025-08-30 12:03:24.783 [http-nio-8083-exec-2] DEBUG com.blm.common.feign.OrderServiceClient:[log:72] - [OrderServiceClient#getReviewsByStoreIdAndRating] 
2025-08-30 12:03:24.783 [http-nio-8083-exec-2] DEBUG com.blm.common.feign.OrderServiceClient:[log:72] - [OrderServiceClient#getReviewsByStoreIdAndRating] null
2025-08-30 12:03:24.783 [http-nio-8083-exec-2] DEBUG com.blm.common.feign.OrderServiceClient:[log:72] - [OrderServiceClient#getReviewsByStoreIdAndRating] <--- END HTTP (4-byte body)
2025-08-30 12:03:33.803 [HikariPool-1 housekeeper] DEBUG com.zaxxer.hikari.pool.HikariPool:[logPoolState:405] - HikariPool-1 - Pool stats (total=10, active=0, idle=10, waiting=0)
2025-08-30 12:03:33.803 [HikariPool-1 housekeeper] DEBUG com.zaxxer.hikari.pool.HikariPool:[fillPool:510] - HikariPool-1 - Fill pool skipped, pool has sufficient level or currently being filled.
2025-08-30 12:03:56.060 [AsyncResolver-bootstrap-executor-%d] INFO  c.n.d.shared.resolver.aws.ConfigClusterResolver:[getClusterEndpoints:43] - Resolving eureka endpoints via configuration
2025-08-30 12:04:03.808 [HikariPool-1 housekeeper] DEBUG com.zaxxer.hikari.pool.HikariPool:[logPoolState:405] - HikariPool-1 - Pool stats (total=10, active=0, idle=10, waiting=0)
2025-08-30 12:04:03.809 [HikariPool-1 housekeeper] DEBUG com.zaxxer.hikari.pool.HikariPool:[fillPool:510] - HikariPool-1 - Fill pool skipped, pool has sufficient level or currently being filled.
2025-08-30 12:04:33.822 [HikariPool-1 housekeeper] DEBUG com.zaxxer.hikari.pool.HikariPool:[logPoolState:405] - HikariPool-1 - Pool stats (total=10, active=0, idle=10, waiting=0)
2025-08-30 12:04:33.822 [HikariPool-1 housekeeper] DEBUG com.zaxxer.hikari.pool.HikariPool:[fillPool:510] - HikariPool-1 - Fill pool skipped, pool has sufficient level or currently being filled.
2025-08-30 12:04:41.259 [http-nio-8083-exec-4] DEBUG o.springframework.jdbc.datasource.DataSourceUtils:[doGetConnection:117] - Fetching JDBC Connection from DataSource
2025-08-30 12:04:41.260 [http-nio-8083-exec-4] DEBUG feign.template.Template:[resolveExpression:133] - Explicit slash decoding specified, decoding all slashes in uri
2025-08-30 12:04:41.260 [http-nio-8083-exec-4] DEBUG feign.template.Template:[resolveExpression:133] - Explicit slash decoding specified, decoding all slashes in uri
2025-08-30 12:04:41.261 [http-nio-8083-exec-4] DEBUG feign.template.Template:[resolveExpression:133] - Explicit slash decoding specified, decoding all slashes in uri
2025-08-30 12:04:41.261 [http-nio-8083-exec-4] DEBUG feign.template.Template:[resolveExpression:133] - Explicit slash decoding specified, decoding all slashes in uri
2025-08-30 12:04:41.261 [http-nio-8083-exec-4] DEBUG com.blm.common.feign.OrderServiceClient:[log:72] - [OrderServiceClient#getReviewsByStoreIdAndRating] ---> GET http://order-service/internal/orders/reviews/store/5/rate?rating=5&page=1&size=10 HTTP/1.1
2025-08-30 12:04:41.261 [http-nio-8083-exec-4] DEBUG com.blm.common.feign.OrderServiceClient:[log:72] - [OrderServiceClient#getReviewsByStoreIdAndRating] ---> END HTTP (0-byte body)
2025-08-30 12:04:42.279 [http-nio-8083-exec-4] DEBUG com.blm.common.feign.OrderServiceClient:[log:72] - [OrderServiceClient#getReviewsByStoreIdAndRating] <--- HTTP/1.1 200 (1017ms)
2025-08-30 12:04:42.279 [http-nio-8083-exec-4] DEBUG com.blm.common.feign.OrderServiceClient:[log:72] - [OrderServiceClient#getReviewsByStoreIdAndRating] connection: keep-alive
2025-08-30 12:04:42.279 [http-nio-8083-exec-4] DEBUG com.blm.common.feign.OrderServiceClient:[log:72] - [OrderServiceClient#getReviewsByStoreIdAndRating] content-type: application/json
2025-08-30 12:04:42.279 [http-nio-8083-exec-4] DEBUG com.blm.common.feign.OrderServiceClient:[log:72] - [OrderServiceClient#getReviewsByStoreIdAndRating] date: Sat, 30 Aug 2025 04:04:42 GMT
2025-08-30 12:04:42.279 [http-nio-8083-exec-4] DEBUG com.blm.common.feign.OrderServiceClient:[log:72] - [OrderServiceClient#getReviewsByStoreIdAndRating] keep-alive: timeout=60
2025-08-30 12:04:42.279 [http-nio-8083-exec-4] DEBUG com.blm.common.feign.OrderServiceClient:[log:72] - [OrderServiceClient#getReviewsByStoreIdAndRating] transfer-encoding: chunked
2025-08-30 12:04:42.279 [http-nio-8083-exec-4] DEBUG com.blm.common.feign.OrderServiceClient:[log:72] - [OrderServiceClient#getReviewsByStoreIdAndRating] 
2025-08-30 12:04:42.280 [http-nio-8083-exec-4] DEBUG com.blm.common.feign.OrderServiceClient:[log:72] - [OrderServiceClient#getReviewsByStoreIdAndRating] null
2025-08-30 12:04:42.280 [http-nio-8083-exec-4] DEBUG com.blm.common.feign.OrderServiceClient:[log:72] - [OrderServiceClient#getReviewsByStoreIdAndRating] <--- END HTTP (4-byte body)
2025-08-30 12:05:03.826 [HikariPool-1 housekeeper] DEBUG com.zaxxer.hikari.pool.HikariPool:[logPoolState:405] - HikariPool-1 - Pool stats (total=10, active=0, idle=10, waiting=0)
2025-08-30 12:05:03.827 [HikariPool-1 housekeeper] DEBUG com.zaxxer.hikari.pool.HikariPool:[fillPool:510] - HikariPool-1 - Fill pool skipped, pool has sufficient level or currently being filled.
2025-08-30 12:05:33.830 [HikariPool-1 housekeeper] DEBUG com.zaxxer.hikari.pool.HikariPool:[logPoolState:405] - HikariPool-1 - Pool stats (total=10, active=0, idle=10, waiting=0)
2025-08-30 12:05:33.830 [HikariPool-1 housekeeper] DEBUG com.zaxxer.hikari.pool.HikariPool:[fillPool:510] - HikariPool-1 - Fill pool skipped, pool has sufficient level or currently being filled.
2025-08-30 12:06:03.848 [HikariPool-1 housekeeper] DEBUG com.zaxxer.hikari.pool.HikariPool:[logPoolState:405] - HikariPool-1 - Pool stats (total=10, active=0, idle=10, waiting=0)
2025-08-30 12:06:03.848 [HikariPool-1 housekeeper] DEBUG com.zaxxer.hikari.pool.HikariPool:[fillPool:510] - HikariPool-1 - Fill pool skipped, pool has sufficient level or currently being filled.
2025-08-30 14:17:28.961 [DiscoveryClient-HeartbeatExecutor-%d] INFO  com.netflix.discovery.DiscoveryClient:[renew:849] - DiscoveryClient_STORE-SERVICE/SS11041203:store-service:8083 - Re-registering apps/STORE-SERVICE
2025-08-30 14:17:28.962 [DiscoveryClient-HeartbeatExecutor-%d] INFO  com.netflix.discovery.DiscoveryClient:[register:825] - DiscoveryClient_STORE-SERVICE/SS11041203:store-service:8083: registering service...
2025-08-30 14:17:29.017 [DiscoveryClient-HeartbeatExecutor-%d] INFO  com.netflix.discovery.DiscoveryClient:[register:834] - DiscoveryClient_STORE-SERVICE/SS11041203:store-service:8083 - registration status: 204
2025-08-30 14:17:48.296 [HikariPool-1 housekeeper] WARN  com.zaxxer.hikari.pool.HikariPool:[run:797] - HikariPool-1 - Thread starvation or clock leap detected (housekeeper delta=2h11m44s629ms854µs901ns).
2025-08-30 14:17:48.296 [HikariPool-1 housekeeper] DEBUG com.zaxxer.hikari.pool.HikariPool:[logPoolState:405] - HikariPool-1 - Pool stats (total=10, active=0, idle=10, waiting=0)
2025-08-30 14:17:48.296 [HikariPool-1 housekeeper] DEBUG com.zaxxer.hikari.pool.HikariPool:[fillPool:510] - HikariPool-1 - Fill pool skipped, pool has sufficient level or currently being filled.
2025-08-30 14:17:48.301 [HikariPool-1 connection closer] DEBUG com.zaxxer.hikari.pool.PoolBase:[quietlyCloseConnection:133] - HikariPool-1 - Closing connection com.mysql.cj.jdbc.ConnectionImpl@3bdf948d: (connection has passed maxLifetime)
2025-08-30 14:17:48.319 [HikariPool-1 connection closer] DEBUG com.zaxxer.hikari.pool.PoolBase:[quietlyCloseConnection:133] - HikariPool-1 - Closing connection com.mysql.cj.jdbc.ConnectionImpl@2b01020f: (connection has passed maxLifetime)
2025-08-30 14:17:48.319 [HikariPool-1 connection closer] DEBUG com.zaxxer.hikari.pool.PoolBase:[quietlyCloseConnection:133] - HikariPool-1 - Closing connection com.mysql.cj.jdbc.ConnectionImpl@5b290f2b: (connection has passed maxLifetime)
2025-08-30 14:17:48.320 [HikariPool-1 connection closer] DEBUG com.zaxxer.hikari.pool.PoolBase:[quietlyCloseConnection:133] - HikariPool-1 - Closing connection com.mysql.cj.jdbc.ConnectionImpl@7909b0f4: (connection has passed maxLifetime)
2025-08-30 14:17:48.320 [HikariPool-1 connection closer] DEBUG com.zaxxer.hikari.pool.PoolBase:[quietlyCloseConnection:133] - HikariPool-1 - Closing connection com.mysql.cj.jdbc.ConnectionImpl@2b530e36: (connection has passed maxLifetime)
2025-08-30 14:17:48.320 [HikariPool-1 connection closer] DEBUG com.zaxxer.hikari.pool.PoolBase:[quietlyCloseConnection:133] - HikariPool-1 - Closing connection com.mysql.cj.jdbc.ConnectionImpl@5d6b42cf: (connection has passed maxLifetime)
2025-08-30 14:17:48.321 [HikariPool-1 connection closer] DEBUG com.zaxxer.hikari.pool.PoolBase:[quietlyCloseConnection:133] - HikariPool-1 - Closing connection com.mysql.cj.jdbc.ConnectionImpl@1ef2e678: (connection has passed maxLifetime)
2025-08-30 14:17:48.321 [HikariPool-1 connection closer] DEBUG com.zaxxer.hikari.pool.PoolBase:[quietlyCloseConnection:133] - HikariPool-1 - Closing connection com.mysql.cj.jdbc.ConnectionImpl@91b20ed: (connection has passed maxLifetime)
2025-08-30 14:17:48.322 [HikariPool-1 connection closer] DEBUG com.zaxxer.hikari.pool.PoolBase:[quietlyCloseConnection:133] - HikariPool-1 - Closing connection com.mysql.cj.jdbc.ConnectionImpl@7a6a806f: (connection has passed maxLifetime)
2025-08-30 14:17:48.322 [HikariPool-1 connection closer] DEBUG com.zaxxer.hikari.pool.PoolBase:[quietlyCloseConnection:133] - HikariPool-1 - Closing connection com.mysql.cj.jdbc.ConnectionImpl@546d3664: (connection has passed maxLifetime)
2025-08-30 14:17:48.326 [HikariPool-1 connection adder] DEBUG com.zaxxer.hikari.pool.HikariPool:[call:728] - HikariPool-1 - Added connection com.mysql.cj.jdbc.ConnectionImpl@98ffe35
2025-08-30 14:17:48.358 [HikariPool-1 connection adder] DEBUG com.zaxxer.hikari.pool.HikariPool:[logPoolState:405] - HikariPool-1 - Connection not added, stats (total=1, active=0, idle=1, waiting=0)
2025-08-30 14:17:48.364 [HikariPool-1 connection adder] DEBUG com.zaxxer.hikari.pool.HikariPool:[call:728] - HikariPool-1 - Added connection com.mysql.cj.jdbc.ConnectionImpl@2ca29e2f
2025-08-30 14:17:48.403 [HikariPool-1 connection adder] DEBUG com.zaxxer.hikari.pool.HikariPool:[logPoolState:405] - HikariPool-1 - Connection not added, stats (total=2, active=0, idle=2, waiting=0)
2025-08-30 14:17:48.409 [HikariPool-1 connection adder] DEBUG com.zaxxer.hikari.pool.HikariPool:[call:728] - HikariPool-1 - Added connection com.mysql.cj.jdbc.ConnectionImpl@385d862f
2025-08-30 14:17:48.449 [HikariPool-1 connection adder] DEBUG com.zaxxer.hikari.pool.HikariPool:[logPoolState:405] - HikariPool-1 - Connection not added, stats (total=3, active=0, idle=3, waiting=0)
2025-08-30 14:17:48.454 [HikariPool-1 connection adder] DEBUG com.zaxxer.hikari.pool.HikariPool:[call:728] - HikariPool-1 - Added connection com.mysql.cj.jdbc.ConnectionImpl@6c6d559a
2025-08-30 14:17:48.496 [HikariPool-1 connection adder] DEBUG com.zaxxer.hikari.pool.HikariPool:[logPoolState:405] - HikariPool-1 - Connection not added, stats (total=4, active=0, idle=4, waiting=0)
2025-08-30 14:17:48.501 [HikariPool-1 connection adder] DEBUG com.zaxxer.hikari.pool.HikariPool:[call:728] - HikariPool-1 - Added connection com.mysql.cj.jdbc.ConnectionImpl@1dbc7f5b
2025-08-30 14:17:48.541 [HikariPool-1 connection adder] DEBUG com.zaxxer.hikari.pool.HikariPool:[logPoolState:405] - HikariPool-1 - Connection not added, stats (total=5, active=0, idle=5, waiting=0)
2025-08-30 14:17:48.546 [HikariPool-1 connection adder] DEBUG com.zaxxer.hikari.pool.HikariPool:[call:728] - HikariPool-1 - Added connection com.mysql.cj.jdbc.ConnectionImpl@6012290d
2025-08-30 14:17:48.586 [HikariPool-1 connection adder] DEBUG com.zaxxer.hikari.pool.HikariPool:[logPoolState:405] - HikariPool-1 - Connection not added, stats (total=6, active=0, idle=6, waiting=0)
2025-08-30 14:17:48.590 [HikariPool-1 connection adder] DEBUG com.zaxxer.hikari.pool.HikariPool:[call:728] - HikariPool-1 - Added connection com.mysql.cj.jdbc.ConnectionImpl@471c7864
2025-08-30 14:17:48.631 [HikariPool-1 connection adder] DEBUG com.zaxxer.hikari.pool.HikariPool:[logPoolState:405] - HikariPool-1 - Connection not added, stats (total=7, active=0, idle=7, waiting=0)
2025-08-30 14:17:48.636 [HikariPool-1 connection adder] DEBUG com.zaxxer.hikari.pool.HikariPool:[call:728] - HikariPool-1 - Added connection com.mysql.cj.jdbc.ConnectionImpl@32a84d5e
2025-08-30 14:17:48.677 [HikariPool-1 connection adder] DEBUG com.zaxxer.hikari.pool.HikariPool:[logPoolState:405] - HikariPool-1 - Connection not added, stats (total=8, active=0, idle=8, waiting=0)
2025-08-30 14:17:48.681 [HikariPool-1 connection adder] DEBUG com.zaxxer.hikari.pool.HikariPool:[call:728] - HikariPool-1 - Added connection com.mysql.cj.jdbc.ConnectionImpl@2e6a947a
2025-08-30 14:17:48.725 [HikariPool-1 connection adder] DEBUG com.zaxxer.hikari.pool.HikariPool:[logPoolState:405] - HikariPool-1 - Connection not added, stats (total=9, active=0, idle=9, waiting=0)
2025-08-30 14:17:48.728 [HikariPool-1 connection adder] DEBUG com.zaxxer.hikari.pool.HikariPool:[call:728] - HikariPool-1 - Added connection com.mysql.cj.jdbc.ConnectionImpl@3be58b37
2025-08-30 14:17:48.772 [HikariPool-1 connection adder] DEBUG com.zaxxer.hikari.pool.HikariPool:[logPoolState:405] - HikariPool-1 - Connection not added, stats (total=10, active=0, idle=10, waiting=0)
2025-08-30 14:17:48.772 [HikariPool-1 connection adder] DEBUG com.zaxxer.hikari.pool.HikariPool:[logPoolState:405] - HikariPool-1 - Connection not added, stats (total=10, active=0, idle=10, waiting=0)
2025-08-30 14:18:18.306 [HikariPool-1 housekeeper] DEBUG com.zaxxer.hikari.pool.HikariPool:[logPoolState:405] - HikariPool-1 - Pool stats (total=10, active=0, idle=10, waiting=0)
2025-08-30 14:18:18.306 [HikariPool-1 housekeeper] DEBUG com.zaxxer.hikari.pool.HikariPool:[fillPool:510] - HikariPool-1 - Fill pool skipped, pool has sufficient level or currently being filled.
2025-08-30 14:18:48.313 [HikariPool-1 housekeeper] DEBUG com.zaxxer.hikari.pool.HikariPool:[logPoolState:405] - HikariPool-1 - Pool stats (total=10, active=0, idle=10, waiting=0)
2025-08-30 14:18:48.313 [HikariPool-1 housekeeper] DEBUG com.zaxxer.hikari.pool.HikariPool:[fillPool:510] - HikariPool-1 - Fill pool skipped, pool has sufficient level or currently being filled.
2025-08-30 14:19:18.326 [HikariPool-1 housekeeper] DEBUG com.zaxxer.hikari.pool.HikariPool:[logPoolState:405] - HikariPool-1 - Pool stats (total=10, active=0, idle=10, waiting=0)
2025-08-30 14:19:18.326 [HikariPool-1 housekeeper] DEBUG com.zaxxer.hikari.pool.HikariPool:[fillPool:510] - HikariPool-1 - Fill pool skipped, pool has sufficient level or currently being filled.
2025-08-30 14:19:48.340 [HikariPool-1 housekeeper] DEBUG com.zaxxer.hikari.pool.HikariPool:[logPoolState:405] - HikariPool-1 - Pool stats (total=10, active=0, idle=10, waiting=0)
2025-08-30 14:19:48.341 [HikariPool-1 housekeeper] DEBUG com.zaxxer.hikari.pool.HikariPool:[fillPool:510] - HikariPool-1 - Fill pool skipped, pool has sufficient level or currently being filled.
2025-08-30 14:20:10.518 [AsyncResolver-bootstrap-executor-%d] INFO  c.n.d.shared.resolver.aws.ConfigClusterResolver:[getClusterEndpoints:43] - Resolving eureka endpoints via configuration
2025-08-30 14:20:18.355 [HikariPool-1 housekeeper] DEBUG com.zaxxer.hikari.pool.HikariPool:[logPoolState:405] - HikariPool-1 - Pool stats (total=10, active=0, idle=10, waiting=0)
2025-08-30 14:20:18.355 [HikariPool-1 housekeeper] DEBUG com.zaxxer.hikari.pool.HikariPool:[fillPool:510] - HikariPool-1 - Fill pool skipped, pool has sufficient level or currently being filled.
2025-08-30 14:20:48.364 [HikariPool-1 housekeeper] DEBUG com.zaxxer.hikari.pool.HikariPool:[logPoolState:405] - HikariPool-1 - Pool stats (total=10, active=0, idle=10, waiting=0)
2025-08-30 14:20:48.365 [HikariPool-1 housekeeper] DEBUG com.zaxxer.hikari.pool.HikariPool:[fillPool:510] - HikariPool-1 - Fill pool skipped, pool has sufficient level or currently being filled.
2025-08-30 14:21:18.371 [HikariPool-1 housekeeper] DEBUG com.zaxxer.hikari.pool.HikariPool:[logPoolState:405] - HikariPool-1 - Pool stats (total=10, active=0, idle=10, waiting=0)
2025-08-30 14:21:18.372 [HikariPool-1 housekeeper] DEBUG com.zaxxer.hikari.pool.HikariPool:[fillPool:510] - HikariPool-1 - Fill pool skipped, pool has sufficient level or currently being filled.
2025-08-30 14:21:48.378 [HikariPool-1 housekeeper] DEBUG com.zaxxer.hikari.pool.HikariPool:[logPoolState:405] - HikariPool-1 - Pool stats (total=10, active=0, idle=10, waiting=0)
2025-08-30 14:21:48.378 [HikariPool-1 housekeeper] DEBUG com.zaxxer.hikari.pool.HikariPool:[fillPool:510] - HikariPool-1 - Fill pool skipped, pool has sufficient level or currently being filled.
2025-08-30 14:22:18.381 [HikariPool-1 housekeeper] DEBUG com.zaxxer.hikari.pool.HikariPool:[logPoolState:405] - HikariPool-1 - Pool stats (total=10, active=0, idle=10, waiting=0)
2025-08-30 14:22:18.382 [HikariPool-1 housekeeper] DEBUG com.zaxxer.hikari.pool.HikariPool:[fillPool:510] - HikariPool-1 - Fill pool skipped, pool has sufficient level or currently being filled.
2025-08-30 14:22:48.393 [HikariPool-1 housekeeper] DEBUG com.zaxxer.hikari.pool.HikariPool:[logPoolState:405] - HikariPool-1 - Pool stats (total=10, active=0, idle=10, waiting=0)
2025-08-30 14:22:48.393 [HikariPool-1 housekeeper] DEBUG com.zaxxer.hikari.pool.HikariPool:[fillPool:510] - HikariPool-1 - Fill pool skipped, pool has sufficient level or currently being filled.
2025-08-30 14:23:18.406 [HikariPool-1 housekeeper] DEBUG com.zaxxer.hikari.pool.HikariPool:[logPoolState:405] - HikariPool-1 - Pool stats (total=10, active=0, idle=10, waiting=0)
2025-08-30 14:23:18.412 [HikariPool-1 housekeeper] DEBUG com.zaxxer.hikari.pool.HikariPool:[fillPool:510] - HikariPool-1 - Fill pool skipped, pool has sufficient level or currently being filled.
2025-08-30 14:23:48.413 [HikariPool-1 housekeeper] DEBUG com.zaxxer.hikari.pool.HikariPool:[logPoolState:405] - HikariPool-1 - Pool stats (total=10, active=0, idle=10, waiting=0)
2025-08-30 14:23:48.414 [HikariPool-1 housekeeper] DEBUG com.zaxxer.hikari.pool.HikariPool:[fillPool:510] - HikariPool-1 - Fill pool skipped, pool has sufficient level or currently being filled.
2025-08-30 14:24:18.420 [HikariPool-1 housekeeper] DEBUG com.zaxxer.hikari.pool.HikariPool:[logPoolState:405] - HikariPool-1 - Pool stats (total=10, active=0, idle=10, waiting=0)
2025-08-30 14:24:18.421 [HikariPool-1 housekeeper] DEBUG com.zaxxer.hikari.pool.HikariPool:[fillPool:510] - HikariPool-1 - Fill pool skipped, pool has sufficient level or currently being filled.
2025-08-30 14:24:48.430 [HikariPool-1 housekeeper] DEBUG com.zaxxer.hikari.pool.HikariPool:[logPoolState:405] - HikariPool-1 - Pool stats (total=10, active=0, idle=10, waiting=0)
2025-08-30 14:24:48.442 [HikariPool-1 housekeeper] DEBUG com.zaxxer.hikari.pool.HikariPool:[fillPool:510] - HikariPool-1 - Fill pool skipped, pool has sufficient level or currently being filled.
2025-08-30 14:25:10.534 [AsyncResolver-bootstrap-executor-%d] INFO  c.n.d.shared.resolver.aws.ConfigClusterResolver:[getClusterEndpoints:43] - Resolving eureka endpoints via configuration
2025-08-30 14:25:18.454 [HikariPool-1 housekeeper] DEBUG com.zaxxer.hikari.pool.HikariPool:[logPoolState:405] - HikariPool-1 - Pool stats (total=10, active=0, idle=10, waiting=0)
2025-08-30 14:25:18.455 [HikariPool-1 housekeeper] DEBUG com.zaxxer.hikari.pool.HikariPool:[fillPool:510] - HikariPool-1 - Fill pool skipped, pool has sufficient level or currently being filled.
2025-08-30 14:25:48.461 [HikariPool-1 housekeeper] DEBUG com.zaxxer.hikari.pool.HikariPool:[logPoolState:405] - HikariPool-1 - Pool stats (total=10, active=0, idle=10, waiting=0)
2025-08-30 14:25:48.462 [HikariPool-1 housekeeper] DEBUG com.zaxxer.hikari.pool.HikariPool:[fillPool:510] - HikariPool-1 - Fill pool skipped, pool has sufficient level or currently being filled.
2025-08-30 14:26:18.472 [HikariPool-1 housekeeper] DEBUG com.zaxxer.hikari.pool.HikariPool:[logPoolState:405] - HikariPool-1 - Pool stats (total=10, active=0, idle=10, waiting=0)
2025-08-30 14:26:18.473 [HikariPool-1 housekeeper] DEBUG com.zaxxer.hikari.pool.HikariPool:[fillPool:510] - HikariPool-1 - Fill pool skipped, pool has sufficient level or currently being filled.
2025-08-30 14:26:48.476 [HikariPool-1 housekeeper] DEBUG com.zaxxer.hikari.pool.HikariPool:[logPoolState:405] - HikariPool-1 - Pool stats (total=10, active=0, idle=10, waiting=0)
2025-08-30 14:26:48.478 [HikariPool-1 housekeeper] DEBUG com.zaxxer.hikari.pool.HikariPool:[fillPool:510] - HikariPool-1 - Fill pool skipped, pool has sufficient level or currently being filled.
2025-08-30 14:27:18.484 [HikariPool-1 housekeeper] DEBUG com.zaxxer.hikari.pool.HikariPool:[logPoolState:405] - HikariPool-1 - Pool stats (total=10, active=0, idle=10, waiting=0)
2025-08-30 14:27:18.484 [HikariPool-1 housekeeper] DEBUG com.zaxxer.hikari.pool.HikariPool:[fillPool:510] - HikariPool-1 - Fill pool skipped, pool has sufficient level or currently being filled.
2025-08-30 14:27:48.495 [HikariPool-1 housekeeper] DEBUG com.zaxxer.hikari.pool.HikariPool:[logPoolState:405] - HikariPool-1 - Pool stats (total=10, active=0, idle=10, waiting=0)
2025-08-30 14:27:48.495 [HikariPool-1 housekeeper] DEBUG com.zaxxer.hikari.pool.HikariPool:[fillPool:510] - HikariPool-1 - Fill pool skipped, pool has sufficient level or currently being filled.
2025-08-30 14:28:18.511 [HikariPool-1 housekeeper] DEBUG com.zaxxer.hikari.pool.HikariPool:[logPoolState:405] - HikariPool-1 - Pool stats (total=10, active=0, idle=10, waiting=0)
2025-08-30 14:28:18.512 [HikariPool-1 housekeeper] DEBUG com.zaxxer.hikari.pool.HikariPool:[fillPool:510] - HikariPool-1 - Fill pool skipped, pool has sufficient level or currently being filled.
2025-08-30 14:28:48.512 [HikariPool-1 housekeeper] DEBUG com.zaxxer.hikari.pool.HikariPool:[logPoolState:405] - HikariPool-1 - Pool stats (total=10, active=0, idle=10, waiting=0)
2025-08-30 14:28:48.512 [HikariPool-1 housekeeper] DEBUG com.zaxxer.hikari.pool.HikariPool:[fillPool:510] - HikariPool-1 - Fill pool skipped, pool has sufficient level or currently being filled.
2025-08-30 14:29:18.516 [HikariPool-1 housekeeper] DEBUG com.zaxxer.hikari.pool.HikariPool:[logPoolState:405] - HikariPool-1 - Pool stats (total=10, active=0, idle=10, waiting=0)
2025-08-30 14:29:18.516 [HikariPool-1 housekeeper] DEBUG com.zaxxer.hikari.pool.HikariPool:[fillPool:510] - HikariPool-1 - Fill pool skipped, pool has sufficient level or currently being filled.
2025-08-30 14:29:48.530 [HikariPool-1 housekeeper] DEBUG com.zaxxer.hikari.pool.HikariPool:[logPoolState:405] - HikariPool-1 - Pool stats (total=10, active=0, idle=10, waiting=0)
2025-08-30 14:29:48.530 [HikariPool-1 housekeeper] DEBUG com.zaxxer.hikari.pool.HikariPool:[fillPool:510] - HikariPool-1 - Fill pool skipped, pool has sufficient level or currently being filled.
2025-08-30 14:30:10.542 [AsyncResolver-bootstrap-executor-%d] INFO  c.n.d.shared.resolver.aws.ConfigClusterResolver:[getClusterEndpoints:43] - Resolving eureka endpoints via configuration
2025-08-30 14:30:18.534 [HikariPool-1 housekeeper] DEBUG com.zaxxer.hikari.pool.HikariPool:[logPoolState:405] - HikariPool-1 - Pool stats (total=10, active=0, idle=10, waiting=0)
2025-08-30 14:30:18.534 [HikariPool-1 housekeeper] DEBUG com.zaxxer.hikari.pool.HikariPool:[fillPool:510] - HikariPool-1 - Fill pool skipped, pool has sufficient level or currently being filled.
2025-08-30 14:30:48.540 [HikariPool-1 housekeeper] DEBUG com.zaxxer.hikari.pool.HikariPool:[logPoolState:405] - HikariPool-1 - Pool stats (total=10, active=0, idle=10, waiting=0)
2025-08-30 14:30:48.540 [HikariPool-1 housekeeper] DEBUG com.zaxxer.hikari.pool.HikariPool:[fillPool:510] - HikariPool-1 - Fill pool skipped, pool has sufficient level or currently being filled.
2025-08-30 14:31:18.541 [HikariPool-1 housekeeper] DEBUG com.zaxxer.hikari.pool.HikariPool:[logPoolState:405] - HikariPool-1 - Pool stats (total=10, active=0, idle=10, waiting=0)
2025-08-30 14:31:18.541 [HikariPool-1 housekeeper] DEBUG com.zaxxer.hikari.pool.HikariPool:[fillPool:510] - HikariPool-1 - Fill pool skipped, pool has sufficient level or currently being filled.
2025-08-30 14:31:48.556 [HikariPool-1 housekeeper] DEBUG com.zaxxer.hikari.pool.HikariPool:[logPoolState:405] - HikariPool-1 - Pool stats (total=10, active=0, idle=10, waiting=0)
2025-08-30 14:31:48.557 [HikariPool-1 housekeeper] DEBUG com.zaxxer.hikari.pool.HikariPool:[fillPool:510] - HikariPool-1 - Fill pool skipped, pool has sufficient level or currently being filled.
2025-08-30 14:32:18.569 [HikariPool-1 housekeeper] DEBUG com.zaxxer.hikari.pool.HikariPool:[logPoolState:405] - HikariPool-1 - Pool stats (total=10, active=0, idle=10, waiting=0)
2025-08-30 14:32:18.569 [HikariPool-1 housekeeper] DEBUG com.zaxxer.hikari.pool.HikariPool:[fillPool:510] - HikariPool-1 - Fill pool skipped, pool has sufficient level or currently being filled.
2025-08-30 14:32:48.571 [HikariPool-1 housekeeper] DEBUG com.zaxxer.hikari.pool.HikariPool:[logPoolState:405] - HikariPool-1 - Pool stats (total=10, active=0, idle=10, waiting=0)
2025-08-30 14:32:48.571 [HikariPool-1 housekeeper] DEBUG com.zaxxer.hikari.pool.HikariPool:[fillPool:510] - HikariPool-1 - Fill pool skipped, pool has sufficient level or currently being filled.
2025-08-30 14:33:18.572 [HikariPool-1 housekeeper] DEBUG com.zaxxer.hikari.pool.HikariPool:[logPoolState:405] - HikariPool-1 - Pool stats (total=10, active=0, idle=10, waiting=0)
2025-08-30 14:33:18.572 [HikariPool-1 housekeeper] DEBUG com.zaxxer.hikari.pool.HikariPool:[fillPool:510] - HikariPool-1 - Fill pool skipped, pool has sufficient level or currently being filled.
2025-08-30 14:33:48.581 [HikariPool-1 housekeeper] DEBUG com.zaxxer.hikari.pool.HikariPool:[logPoolState:405] - HikariPool-1 - Pool stats (total=10, active=0, idle=10, waiting=0)
2025-08-30 14:33:48.582 [HikariPool-1 housekeeper] DEBUG com.zaxxer.hikari.pool.HikariPool:[fillPool:510] - HikariPool-1 - Fill pool skipped, pool has sufficient level or currently being filled.
2025-08-30 14:34:18.589 [HikariPool-1 housekeeper] DEBUG com.zaxxer.hikari.pool.HikariPool:[logPoolState:405] - HikariPool-1 - Pool stats (total=10, active=0, idle=10, waiting=0)
2025-08-30 14:34:18.589 [HikariPool-1 housekeeper] DEBUG com.zaxxer.hikari.pool.HikariPool:[fillPool:510] - HikariPool-1 - Fill pool skipped, pool has sufficient level or currently being filled.
2025-08-30 14:34:48.601 [HikariPool-1 housekeeper] DEBUG com.zaxxer.hikari.pool.HikariPool:[logPoolState:405] - HikariPool-1 - Pool stats (total=10, active=0, idle=10, waiting=0)
2025-08-30 14:34:48.602 [HikariPool-1 housekeeper] DEBUG com.zaxxer.hikari.pool.HikariPool:[fillPool:510] - HikariPool-1 - Fill pool skipped, pool has sufficient level or currently being filled.
2025-08-30 14:35:10.544 [AsyncResolver-bootstrap-executor-%d] INFO  c.n.d.shared.resolver.aws.ConfigClusterResolver:[getClusterEndpoints:43] - Resolving eureka endpoints via configuration
2025-08-30 14:35:18.613 [HikariPool-1 housekeeper] DEBUG com.zaxxer.hikari.pool.HikariPool:[logPoolState:405] - HikariPool-1 - Pool stats (total=10, active=0, idle=10, waiting=0)
2025-08-30 14:35:18.613 [HikariPool-1 housekeeper] DEBUG com.zaxxer.hikari.pool.HikariPool:[fillPool:510] - HikariPool-1 - Fill pool skipped, pool has sufficient level or currently being filled.
2025-08-30 14:35:19.951 [SpringApplicationShutdownHook] INFO  o.s.c.n.e.serviceregistry.EurekaServiceRegistry:[deregister:91] - Unregistering application STORE-SERVICE with eureka with status DOWN
2025-08-30 14:35:19.951 [SpringApplicationShutdownHook] INFO  com.netflix.discovery.DiscoveryClient:[notify:1297] - Saw local status change event StatusChangeEvent [timestamp=1756535719951, current=DOWN, previous=UP]
2025-08-30 14:35:19.953 [DiscoveryClient-InstanceInfoReplicator-%d] INFO  com.netflix.discovery.DiscoveryClient:[register:825] - DiscoveryClient_STORE-SERVICE/SS11041203:store-service:8083: registering service...
2025-08-30 14:35:19.978 [DiscoveryClient-InstanceInfoReplicator-%d] INFO  com.netflix.discovery.DiscoveryClient:[register:834] - DiscoveryClient_STORE-SERVICE/SS11041203:store-service:8083 - registration status: 204
2025-08-30 14:35:20.009 [SpringApplicationShutdownHook] INFO  com.zaxxer.hikari.HikariDataSource:[close:349] - HikariPool-1 - Shutdown initiated...
2025-08-30 14:35:20.009 [SpringApplicationShutdownHook] DEBUG com.zaxxer.hikari.pool.HikariPool:[logPoolState:405] - HikariPool-1 - Before shutdown stats (total=10, active=0, idle=10, waiting=0)
2025-08-30 14:35:20.013 [HikariPool-1 connection closer] DEBUG com.zaxxer.hikari.pool.PoolBase:[quietlyCloseConnection:133] - HikariPool-1 - Closing connection com.mysql.cj.jdbc.ConnectionImpl@98ffe35: (connection evicted)
2025-08-30 14:35:20.015 [HikariPool-1 connection closer] DEBUG com.zaxxer.hikari.pool.PoolBase:[quietlyCloseConnection:133] - HikariPool-1 - Closing connection com.mysql.cj.jdbc.ConnectionImpl@2ca29e2f: (connection evicted)
2025-08-30 14:35:20.016 [HikariPool-1 connection closer] DEBUG com.zaxxer.hikari.pool.PoolBase:[quietlyCloseConnection:133] - HikariPool-1 - Closing connection com.mysql.cj.jdbc.ConnectionImpl@385d862f: (connection evicted)
2025-08-30 14:35:20.016 [HikariPool-1 connection closer] DEBUG com.zaxxer.hikari.pool.PoolBase:[quietlyCloseConnection:133] - HikariPool-1 - Closing connection com.mysql.cj.jdbc.ConnectionImpl@6c6d559a: (connection evicted)
2025-08-30 14:35:20.016 [HikariPool-1 connection closer] DEBUG com.zaxxer.hikari.pool.PoolBase:[quietlyCloseConnection:133] - HikariPool-1 - Closing connection com.mysql.cj.jdbc.ConnectionImpl@1dbc7f5b: (connection evicted)
2025-08-30 14:35:20.017 [HikariPool-1 connection closer] DEBUG com.zaxxer.hikari.pool.PoolBase:[quietlyCloseConnection:133] - HikariPool-1 - Closing connection com.mysql.cj.jdbc.ConnectionImpl@6012290d: (connection evicted)
2025-08-30 14:35:20.017 [HikariPool-1 connection closer] DEBUG com.zaxxer.hikari.pool.PoolBase:[quietlyCloseConnection:133] - HikariPool-1 - Closing connection com.mysql.cj.jdbc.ConnectionImpl@471c7864: (connection evicted)
2025-08-30 14:35:20.018 [HikariPool-1 connection closer] DEBUG com.zaxxer.hikari.pool.PoolBase:[quietlyCloseConnection:133] - HikariPool-1 - Closing connection com.mysql.cj.jdbc.ConnectionImpl@32a84d5e: (connection evicted)
2025-08-30 14:35:20.018 [HikariPool-1 connection closer] DEBUG com.zaxxer.hikari.pool.PoolBase:[quietlyCloseConnection:133] - HikariPool-1 - Closing connection com.mysql.cj.jdbc.ConnectionImpl@2e6a947a: (connection evicted)
2025-08-30 14:35:20.018 [HikariPool-1 connection closer] DEBUG com.zaxxer.hikari.pool.PoolBase:[quietlyCloseConnection:133] - HikariPool-1 - Closing connection com.mysql.cj.jdbc.ConnectionImpl@3be58b37: (connection evicted)
2025-08-30 14:35:20.018 [SpringApplicationShutdownHook] DEBUG com.zaxxer.hikari.pool.HikariPool:[logPoolState:405] - HikariPool-1 - After shutdown stats (total=0, active=0, idle=0, waiting=0)
2025-08-30 14:35:20.019 [SpringApplicationShutdownHook] INFO  com.zaxxer.hikari.HikariDataSource:[close:351] - HikariPool-1 - Shutdown completed.
2025-08-30 14:35:20.019 [SpringApplicationShutdownHook] INFO  com.netflix.discovery.DiscoveryClient:[shutdown:887] - Shutting down DiscoveryClient ...
2025-08-30 14:35:23.024 [SpringApplicationShutdownHook] INFO  com.netflix.discovery.DiscoveryClient:[unregister:918] - Unregistering ...
2025-08-30 14:35:23.033 [SpringApplicationShutdownHook] INFO  com.netflix.discovery.DiscoveryClient:[unregister:920] - DiscoveryClient_STORE-SERVICE/SS11041203:store-service:8083 - deregister  status: 200
2025-08-30 14:35:23.034 [SpringApplicationShutdownHook] INFO  com.netflix.discovery.DiscoveryClient:[shutdown:907] - Completed shut down of DiscoveryClient
2025-08-30 14:35:26.705 [main] INFO  com.blm.store.StoreApplication:[logStarting:50] - Starting StoreApplication using Java 21.0.8 with PID 40744 (D:\BUAA\大二暑假\BLM\store-service\target\classes started by Lenovo in D:\BUAA\大二暑假\BLM)
2025-08-30 14:35:26.709 [main] DEBUG com.blm.store.StoreApplication:[logStarting:51] - Running with Spring Boot v3.3.3, Spring v6.1.12
2025-08-30 14:35:26.709 [main] INFO  com.blm.store.StoreApplication:[logStartupProfileInfo:660] - The following 1 profile is active: "dev"
2025-08-30 14:35:27.130 [main] DEBUG o.s.cloud.openfeign.FeignClientsRegistrar$1:[scanCandidateComponents:476] - Identified candidate component class: file [D:\BUAA\大二暑假\BLM\common\target\classes\com\blm\common\feign\OrderServiceClient.class]
2025-08-30 14:35:27.131 [main] DEBUG o.s.cloud.openfeign.FeignClientsRegistrar$1:[scanCandidateComponents:476] - Identified candidate component class: file [D:\BUAA\大二暑假\BLM\common\target\classes\com\blm\common\feign\RiderServiceClient.class]
2025-08-30 14:35:27.131 [main] DEBUG o.s.cloud.openfeign.FeignClientsRegistrar$1:[scanCandidateComponents:476] - Identified candidate component class: file [D:\BUAA\大二暑假\BLM\common\target\classes\com\blm\common\feign\StoreServiceClient.class]
2025-08-30 14:35:27.131 [main] DEBUG o.s.cloud.openfeign.FeignClientsRegistrar$1:[scanCandidateComponents:476] - Identified candidate component class: file [D:\BUAA\大二暑假\BLM\common\target\classes\com\blm\common\feign\UserServiceClient.class]
2025-08-30 14:35:27.206 [main] DEBUG o.m.s.boot.autoconfigure.MybatisAutoConfiguration:[registerBeanDefinitions:247] - Searching for mappers annotated with @Mapper
2025-08-30 14:35:27.207 [main] DEBUG o.m.s.boot.autoconfigure.MybatisAutoConfiguration:[lambda$registerBeanDefinitions$0:251] - Using auto-configuration base package 'com.blm.store'
2025-08-30 14:35:27.330 [main] DEBUG org.apache.ibatis.logging.LogFactory:[setImplementation:112] - Logging initialized using 'class org.apache.ibatis.logging.slf4j.Slf4jImpl' adapter.
2025-08-30 14:35:27.333 [main] DEBUG org.mybatis.spring.mapper.ClassPathMapperScanner:[scanCandidateComponents:476] - Identified candidate component class: file [D:\BUAA\大二暑假\BLM\store-service\target\classes\com\blm\store\repository\FoodCategoryRepository.class]
2025-08-30 14:35:27.333 [main] DEBUG org.mybatis.spring.mapper.ClassPathMapperScanner:[scanCandidateComponents:476] - Identified candidate component class: file [D:\BUAA\大二暑假\BLM\store-service\target\classes\com\blm\store\repository\FoodRepository.class]
2025-08-30 14:35:27.333 [main] DEBUG org.mybatis.spring.mapper.ClassPathMapperScanner:[scanCandidateComponents:476] - Identified candidate component class: file [D:\BUAA\大二暑假\BLM\store-service\target\classes\com\blm\store\repository\PromotionRepository.class]
2025-08-30 14:35:27.333 [main] DEBUG org.mybatis.spring.mapper.ClassPathMapperScanner:[scanCandidateComponents:476] - Identified candidate component class: file [D:\BUAA\大二暑假\BLM\store-service\target\classes\com\blm\store\repository\StoreCategoryRepository.class]
2025-08-30 14:35:27.333 [main] DEBUG org.mybatis.spring.mapper.ClassPathMapperScanner:[scanCandidateComponents:476] - Identified candidate component class: file [D:\BUAA\大二暑假\BLM\store-service\target\classes\com\blm\store\repository\StoreRepository.class]
2025-08-30 14:35:27.334 [main] DEBUG org.mybatis.spring.mapper.ClassPathMapperScanner:[debug:49] - Creating MapperFactoryBean with name 'foodCategoryRepository' and 'com.blm.store.repository.FoodCategoryRepository' mapperInterface
2025-08-30 14:35:27.335 [main] DEBUG org.mybatis.spring.mapper.ClassPathMapperScanner:[debug:49] - Creating MapperFactoryBean with name 'foodRepository' and 'com.blm.store.repository.FoodRepository' mapperInterface
2025-08-30 14:35:27.335 [main] DEBUG org.mybatis.spring.mapper.ClassPathMapperScanner:[debug:49] - Creating MapperFactoryBean with name 'promotionRepository' and 'com.blm.store.repository.PromotionRepository' mapperInterface
2025-08-30 14:35:27.335 [main] DEBUG org.mybatis.spring.mapper.ClassPathMapperScanner:[debug:49] - Creating MapperFactoryBean with name 'storeCategoryRepository' and 'com.blm.store.repository.StoreCategoryRepository' mapperInterface
2025-08-30 14:35:27.336 [main] DEBUG org.mybatis.spring.mapper.ClassPathMapperScanner:[debug:49] - Creating MapperFactoryBean with name 'storeRepository' and 'com.blm.store.repository.StoreRepository' mapperInterface
2025-08-30 14:35:27.388 [main] INFO  o.springframework.cloud.context.scope.GenericScope:[setSerializationId:282] - BeanFactory id=9af39289-17b3-3793-86a2-4e31d680bb05
2025-08-30 14:35:27.491 [main] WARN  o.s.c.s.PostProcessorRegistrationDelegate$BeanPostProcessorChecker:[postProcessAfterInitialization:429] - Bean 'org.springframework.cloud.client.loadbalancer.LoadBalancerAutoConfiguration$DeferringLoadBalancerInterceptorConfig' of type [org.springframework.cloud.client.loadbalancer.LoadBalancerAutoConfiguration$DeferringLoadBalancerInterceptorConfig] is not eligible for getting processed by all BeanPostProcessors (for example: not eligible for auto-proxying). The currently created BeanPostProcessor [lbRestClientPostProcessor] is declared through a non-static factory method on that class; consider declaring it as static instead.
2025-08-30 14:35:27.493 [main] WARN  o.s.c.s.PostProcessorRegistrationDelegate$BeanPostProcessorChecker:[postProcessAfterInitialization:437] - Bean 'deferringLoadBalancerInterceptor' of type [org.springframework.cloud.client.loadbalancer.DeferringLoadBalancerInterceptor] is not eligible for getting processed by all BeanPostProcessors (for example: not eligible for auto-proxying). Is this bean getting eagerly injected into a currently created BeanPostProcessor [lbRestClientPostProcessor]? Check the corresponding BeanPostProcessor declaration and its dependencies.
2025-08-30 14:35:27.617 [main] INFO  o.s.boot.web.embedded.tomcat.TomcatWebServer:[initialize:111] - Tomcat initialized with port 8083 (http)
2025-08-30 14:35:27.625 [main] INFO  org.apache.catalina.core.StandardService:[log:173] - Starting service [Tomcat]
2025-08-30 14:35:27.625 [main] INFO  org.apache.catalina.core.StandardEngine:[log:173] - Starting Servlet engine: [Apache Tomcat/10.1.28]
2025-08-30 14:35:27.679 [main] INFO  o.a.c.core.ContainerBase.[Tomcat].[localhost].[/]:[log:173] - Initializing Spring embedded WebApplicationContext
2025-08-30 14:35:27.680 [main] INFO  o.s.b.w.s.c.ServletWebServerApplicationContext:[prepareWebApplicationContext:296] - Root WebApplicationContext: initialization completed in 942 ms
2025-08-30 14:35:27.722 [main] DEBUG com.zaxxer.hikari.HikariConfig:[attemptFromContextLoader:974] - Driver class com.mysql.cj.jdbc.Driver found in Thread context class loader jdk.internal.loader.ClassLoaders$AppClassLoader@36baf30c
2025-08-30 14:35:27.745 [main] DEBUG o.springframework.jdbc.datasource.DataSourceUtils:[doGetConnection:117] - Fetching JDBC Connection from DataSource
2025-08-30 14:35:27.746 [main] DEBUG com.zaxxer.hikari.HikariConfig:[logConfiguration:1106] - HikariPool-1 - configuration:
2025-08-30 14:35:27.747 [main] DEBUG com.zaxxer.hikari.HikariConfig:[logConfiguration:1138] - allowPoolSuspension.............false
2025-08-30 14:35:27.748 [main] DEBUG com.zaxxer.hikari.HikariConfig:[logConfiguration:1138] - autoCommit......................true
2025-08-30 14:35:27.748 [main] DEBUG com.zaxxer.hikari.HikariConfig:[logConfiguration:1138] - catalog.........................none
2025-08-30 14:35:27.748 [main] DEBUG com.zaxxer.hikari.HikariConfig:[logConfiguration:1138] - connectionInitSql...............none
2025-08-30 14:35:27.748 [main] DEBUG com.zaxxer.hikari.HikariConfig:[logConfiguration:1138] - connectionTestQuery.............none
2025-08-30 14:35:27.748 [main] DEBUG com.zaxxer.hikari.HikariConfig:[logConfiguration:1138] - connectionTimeout...............30000
2025-08-30 14:35:27.748 [main] DEBUG com.zaxxer.hikari.HikariConfig:[logConfiguration:1138] - dataSource......................none
2025-08-30 14:35:27.748 [main] DEBUG com.zaxxer.hikari.HikariConfig:[logConfiguration:1138] - dataSourceClassName.............none
2025-08-30 14:35:27.749 [main] DEBUG com.zaxxer.hikari.HikariConfig:[logConfiguration:1138] - dataSourceJNDI..................none
2025-08-30 14:35:27.749 [main] DEBUG com.zaxxer.hikari.HikariConfig:[logConfiguration:1138] - dataSourceProperties............{password=<masked>}
2025-08-30 14:35:27.749 [main] DEBUG com.zaxxer.hikari.HikariConfig:[logConfiguration:1138] - driverClassName................."com.mysql.cj.jdbc.Driver"
2025-08-30 14:35:27.749 [main] DEBUG com.zaxxer.hikari.HikariConfig:[logConfiguration:1138] - exceptionOverrideClassName......none
2025-08-30 14:35:27.749 [main] DEBUG com.zaxxer.hikari.HikariConfig:[logConfiguration:1138] - healthCheckProperties...........{}
2025-08-30 14:35:27.749 [main] DEBUG com.zaxxer.hikari.HikariConfig:[logConfiguration:1138] - healthCheckRegistry.............none
2025-08-30 14:35:27.749 [main] DEBUG com.zaxxer.hikari.HikariConfig:[logConfiguration:1138] - idleTimeout.....................600000
2025-08-30 14:35:27.750 [main] DEBUG com.zaxxer.hikari.HikariConfig:[logConfiguration:1138] - initializationFailTimeout.......1
2025-08-30 14:35:27.750 [main] DEBUG com.zaxxer.hikari.HikariConfig:[logConfiguration:1138] - isolateInternalQueries..........false
2025-08-30 14:35:27.750 [main] DEBUG com.zaxxer.hikari.HikariConfig:[logConfiguration:1138] - jdbcUrl.........................jdbc:mysql://localhost:3306/store_db?useUnicode=true&characterEncoding=utf-8&useSSL=false&serverTimezone=UTC
2025-08-30 14:35:27.750 [main] DEBUG com.zaxxer.hikari.HikariConfig:[logConfiguration:1138] - keepaliveTime...................0
2025-08-30 14:35:27.750 [main] DEBUG com.zaxxer.hikari.HikariConfig:[logConfiguration:1138] - leakDetectionThreshold..........0
2025-08-30 14:35:27.750 [main] DEBUG com.zaxxer.hikari.HikariConfig:[logConfiguration:1138] - maxLifetime.....................1800000
2025-08-30 14:35:27.750 [main] DEBUG com.zaxxer.hikari.HikariConfig:[logConfiguration:1138] - maximumPoolSize.................10
2025-08-30 14:35:27.750 [main] DEBUG com.zaxxer.hikari.HikariConfig:[logConfiguration:1138] - metricRegistry..................none
2025-08-30 14:35:27.751 [main] DEBUG com.zaxxer.hikari.HikariConfig:[logConfiguration:1138] - metricsTrackerFactory...........none
2025-08-30 14:35:27.751 [main] DEBUG com.zaxxer.hikari.HikariConfig:[logConfiguration:1138] - minimumIdle.....................10
2025-08-30 14:35:27.751 [main] DEBUG com.zaxxer.hikari.HikariConfig:[logConfiguration:1138] - password........................<masked>
2025-08-30 14:35:27.751 [main] DEBUG com.zaxxer.hikari.HikariConfig:[logConfiguration:1138] - poolName........................"HikariPool-1"
2025-08-30 14:35:27.751 [main] DEBUG com.zaxxer.hikari.HikariConfig:[logConfiguration:1138] - readOnly........................false
2025-08-30 14:35:27.751 [main] DEBUG com.zaxxer.hikari.HikariConfig:[logConfiguration:1138] - registerMbeans..................false
2025-08-30 14:35:27.751 [main] DEBUG com.zaxxer.hikari.HikariConfig:[logConfiguration:1138] - scheduledExecutor...............none
2025-08-30 14:35:27.752 [main] DEBUG com.zaxxer.hikari.HikariConfig:[logConfiguration:1138] - schema..........................none
2025-08-30 14:35:27.752 [main] DEBUG com.zaxxer.hikari.HikariConfig:[logConfiguration:1138] - threadFactory...................internal
2025-08-30 14:35:27.752 [main] DEBUG com.zaxxer.hikari.HikariConfig:[logConfiguration:1138] - transactionIsolation............default
2025-08-30 14:35:27.752 [main] DEBUG com.zaxxer.hikari.HikariConfig:[logConfiguration:1138] - username........................"root"
2025-08-30 14:35:27.752 [main] DEBUG com.zaxxer.hikari.HikariConfig:[logConfiguration:1138] - validationTimeout...............5000
2025-08-30 14:35:27.753 [main] INFO  com.zaxxer.hikari.HikariDataSource:[getConnection:109] - HikariPool-1 - Starting...
2025-08-30 14:35:27.834 [main] INFO  com.zaxxer.hikari.pool.HikariPool:[checkFailFast:554] - HikariPool-1 - Added connection com.mysql.cj.jdbc.ConnectionImpl@45dde6ac
2025-08-30 14:35:27.835 [main] INFO  com.zaxxer.hikari.HikariDataSource:[getConnection:122] - HikariPool-1 - Start completed.
2025-08-30 14:35:27.950 [HikariPool-1 housekeeper] DEBUG com.zaxxer.hikari.pool.HikariPool:[logPoolState:405] - HikariPool-1 - Pool stats (total=1, active=0, idle=1, waiting=0)
2025-08-30 14:35:27.952 [main] DEBUG org.mybatis.spring.SqlSessionFactoryBean:[debug:49] - Parsed mapper file: 'file [D:\BUAA\大二暑假\BLM\store-service\target\classes\mapper\FoodMapper.xml]'
2025-08-30 14:35:27.957 [HikariPool-1 connection adder] DEBUG com.zaxxer.hikari.pool.HikariPool:[call:728] - HikariPool-1 - Added connection com.mysql.cj.jdbc.ConnectionImpl@426bd7ae
2025-08-30 14:35:27.962 [main] DEBUG org.mybatis.spring.SqlSessionFactoryBean:[debug:49] - Parsed mapper file: 'file [D:\BUAA\大二暑假\BLM\store-service\target\classes\mapper\PromotionMapper.xml]'
2025-08-30 14:35:27.972 [main] DEBUG org.mybatis.spring.SqlSessionFactoryBean:[debug:49] - Parsed mapper file: 'file [D:\BUAA\大二暑假\BLM\store-service\target\classes\mapper\StoreMapper.xml]'
2025-08-30 14:35:27.980 [main] DEBUG o.s.cloud.openfeign.FeignClientFactoryBean:[<init>:125] - Creating a FeignClientFactoryBean.
2025-08-30 14:35:27.994 [HikariPool-1 connection adder] DEBUG com.zaxxer.hikari.pool.HikariPool:[logPoolState:405] - HikariPool-1 - After adding stats (total=2, active=0, idle=2, waiting=0)
2025-08-30 14:35:27.999 [HikariPool-1 connection adder] DEBUG com.zaxxer.hikari.pool.HikariPool:[call:728] - HikariPool-1 - Added connection com.mysql.cj.jdbc.ConnectionImpl@356dd95
2025-08-30 14:35:28.041 [HikariPool-1 connection adder] DEBUG com.zaxxer.hikari.pool.HikariPool:[logPoolState:405] - HikariPool-1 - After adding stats (total=3, active=0, idle=3, waiting=0)
2025-08-30 14:35:28.046 [HikariPool-1 connection adder] DEBUG com.zaxxer.hikari.pool.HikariPool:[call:728] - HikariPool-1 - Added connection com.mysql.cj.jdbc.ConnectionImpl@321fff0f
2025-08-30 14:35:28.088 [HikariPool-1 connection adder] DEBUG com.zaxxer.hikari.pool.HikariPool:[logPoolState:405] - HikariPool-1 - After adding stats (total=4, active=0, idle=4, waiting=0)
2025-08-30 14:35:28.091 [HikariPool-1 connection adder] DEBUG com.zaxxer.hikari.pool.HikariPool:[call:728] - HikariPool-1 - Added connection com.mysql.cj.jdbc.ConnectionImpl@637922da
2025-08-30 14:35:28.135 [HikariPool-1 connection adder] DEBUG com.zaxxer.hikari.pool.HikariPool:[logPoolState:405] - HikariPool-1 - After adding stats (total=5, active=0, idle=5, waiting=0)
2025-08-30 14:35:28.139 [HikariPool-1 connection adder] DEBUG com.zaxxer.hikari.pool.HikariPool:[call:728] - HikariPool-1 - Added connection com.mysql.cj.jdbc.ConnectionImpl@2cda32b4
2025-08-30 14:35:28.157 [main] INFO  o.s.cloud.openfeign.FeignClientFactoryBean:[getTarget:468] - For 'order-service' URL not provided. Will try picking an instance via load-balancing.
2025-08-30 14:35:28.182 [HikariPool-1 connection adder] DEBUG com.zaxxer.hikari.pool.HikariPool:[logPoolState:405] - HikariPool-1 - After adding stats (total=6, active=0, idle=6, waiting=0)
2025-08-30 14:35:28.186 [HikariPool-1 connection adder] DEBUG com.zaxxer.hikari.pool.HikariPool:[call:728] - HikariPool-1 - Added connection com.mysql.cj.jdbc.ConnectionImpl@6737bd1a
2025-08-30 14:35:28.226 [main] DEBUG o.s.cloud.openfeign.FeignClientFactoryBean:[<init>:125] - Creating a FeignClientFactoryBean.
2025-08-30 14:35:28.229 [HikariPool-1 connection adder] DEBUG com.zaxxer.hikari.pool.HikariPool:[logPoolState:405] - HikariPool-1 - After adding stats (total=7, active=0, idle=7, waiting=0)
2025-08-30 14:35:28.233 [HikariPool-1 connection adder] DEBUG com.zaxxer.hikari.pool.HikariPool:[call:728] - HikariPool-1 - Added connection com.mysql.cj.jdbc.ConnectionImpl@7966b29c
2025-08-30 14:35:28.235 [main] INFO  o.s.cloud.openfeign.FeignClientFactoryBean:[getTarget:468] - For 'user-service' URL not provided. Will try picking an instance via load-balancing.
2025-08-30 14:35:28.254 [main] DEBUG o.s.cloud.openfeign.FeignClientFactoryBean:[<init>:125] - Creating a FeignClientFactoryBean.
2025-08-30 14:35:28.255 [main] DEBUG o.s.cloud.openfeign.FeignClientFactoryBean:[<init>:125] - Creating a FeignClientFactoryBean.
2025-08-30 14:35:28.275 [HikariPool-1 connection adder] DEBUG com.zaxxer.hikari.pool.HikariPool:[logPoolState:405] - HikariPool-1 - After adding stats (total=8, active=0, idle=8, waiting=0)
2025-08-30 14:35:28.279 [HikariPool-1 connection adder] DEBUG com.zaxxer.hikari.pool.HikariPool:[call:728] - HikariPool-1 - Added connection com.mysql.cj.jdbc.ConnectionImpl@7f81ec22
2025-08-30 14:35:28.321 [HikariPool-1 connection adder] DEBUG com.zaxxer.hikari.pool.HikariPool:[logPoolState:405] - HikariPool-1 - After adding stats (total=9, active=0, idle=9, waiting=0)
2025-08-30 14:35:28.325 [HikariPool-1 connection adder] DEBUG com.zaxxer.hikari.pool.HikariPool:[call:728] - HikariPool-1 - Added connection com.mysql.cj.jdbc.ConnectionImpl@14b59ac2
2025-08-30 14:35:28.369 [HikariPool-1 connection adder] DEBUG com.zaxxer.hikari.pool.HikariPool:[logPoolState:405] - HikariPool-1 - After adding stats (total=10, active=0, idle=10, waiting=0)
2025-08-30 14:35:28.417 [main] DEBUG o.m.s.boot.autoconfigure.MybatisAutoConfiguration:[afterPropertiesSet:319] - Not found configuration for registering mapper bean using @MapperScan, MapperFactoryBean and MapperScannerConfigurer.
2025-08-30 14:35:28.533 [main] INFO  o.s.c.n.e.c.DiscoveryClientOptionalArgsConfiguration:[restTemplateDiscoveryClientOptionalArgs:80] - Eureka HTTP Client uses RestTemplate.
2025-08-30 14:35:28.545 [main] WARN  o.s.c.l.c.LoadBalancerCacheAutoConfiguration$LoadBalancerCaffeineWarnLogger:[afterPropertiesSet:94] - Spring Cloud LoadBalancer is currently working with the default cache. While this cache implementation is useful for development and tests, it's recommended to use Caffeine cache in production.You can switch to using Caffeine cache, by adding it and org.springframework.cache.caffeine.CaffeineCacheManager to the classpath.
2025-08-30 14:35:28.575 [main] INFO  o.s.cloud.netflix.eureka.InstanceInfoFactory:[create:67] - Setting initial instance status as: STARTING
2025-08-30 14:35:28.586 [main] INFO  com.netflix.discovery.DiscoveryClient:[<init>:329] - Initializing Eureka in region us-east-1
2025-08-30 14:35:28.589 [main] INFO  c.n.d.shared.resolver.aws.ConfigClusterResolver:[getClusterEndpoints:43] - Resolving eureka endpoints via configuration
2025-08-30 14:35:28.593 [main] INFO  com.netflix.discovery.DiscoveryClient:[fetchRegistry:954] - Disable delta property : false
2025-08-30 14:35:28.593 [main] INFO  com.netflix.discovery.DiscoveryClient:[fetchRegistry:955] - Single vip registry refresh property : null
2025-08-30 14:35:28.593 [main] INFO  com.netflix.discovery.DiscoveryClient:[fetchRegistry:956] - Force full registry fetch : false
2025-08-30 14:35:28.593 [main] INFO  com.netflix.discovery.DiscoveryClient:[fetchRegistry:957] - Application is null : false
2025-08-30 14:35:28.593 [main] INFO  com.netflix.discovery.DiscoveryClient:[fetchRegistry:958] - Registered Applications size is zero : true
2025-08-30 14:35:28.593 [main] INFO  com.netflix.discovery.DiscoveryClient:[fetchRegistry:960] - Application version is -1: true
2025-08-30 14:35:28.593 [main] INFO  com.netflix.discovery.DiscoveryClient:[getAndStoreFullRegistry:1042] - Getting all instance registry info from the eureka server
2025-08-30 14:35:28.806 [main] INFO  com.netflix.discovery.DiscoveryClient:[getAndStoreFullRegistry:1051] - The response status is 200
2025-08-30 14:35:28.807 [main] INFO  com.netflix.discovery.DiscoveryClient:[initScheduledTasks:1266] - Starting heartbeat executor: renew interval is: 10
2025-08-30 14:35:28.808 [main] INFO  com.netflix.discovery.InstanceInfoReplicator:[<init>:64] - InstanceInfoReplicator onDemand update allowed rate per min is 4
2025-08-30 14:35:28.809 [main] INFO  com.netflix.discovery.DiscoveryClient:[<init>:455] - Discovery Client initialized at timestamp 1756535728809 with initial instances count: 4
2025-08-30 14:35:28.811 [main] INFO  o.s.c.n.e.serviceregistry.EurekaServiceRegistry:[register:70] - Registering application STORE-SERVICE with eureka with status UP
2025-08-30 14:35:28.812 [main] INFO  com.netflix.discovery.DiscoveryClient:[notify:1297] - Saw local status change event StatusChangeEvent [timestamp=1756535728812, current=UP, previous=STARTING]
2025-08-30 14:35:28.812 [DiscoveryClient-InstanceInfoReplicator-%d] INFO  com.netflix.discovery.DiscoveryClient:[register:825] - DiscoveryClient_STORE-SERVICE/SS11041203:store-service:8083: registering service...
2025-08-30 14:35:28.823 [main] INFO  o.s.boot.web.embedded.tomcat.TomcatWebServer:[start:243] - Tomcat started on port 8083 (http) with context path '/'
2025-08-30 14:35:28.824 [main] INFO  o.s.c.n.e.s.EurekaAutoServiceRegistration:[onApplicationEvent:150] - Updating port to 8083
2025-08-30 14:35:28.833 [DiscoveryClient-InstanceInfoReplicator-%d] INFO  com.netflix.discovery.DiscoveryClient:[register:834] - DiscoveryClient_STORE-SERVICE/SS11041203:store-service:8083 - registration status: 204
2025-08-30 14:35:28.834 [main] INFO  com.blm.store.StoreApplication:[logStarted:56] - Started StoreApplication in 2.406 seconds (process running for 2.843)
2025-08-30 14:35:57.960 [HikariPool-1 housekeeper] DEBUG com.zaxxer.hikari.pool.HikariPool:[logPoolState:405] - HikariPool-1 - Pool stats (total=10, active=0, idle=10, waiting=0)
2025-08-30 14:35:57.960 [HikariPool-1 housekeeper] DEBUG com.zaxxer.hikari.pool.HikariPool:[fillPool:510] - HikariPool-1 - Fill pool skipped, pool has sufficient level or currently being filled.
2025-08-30 14:36:27.968 [HikariPool-1 housekeeper] DEBUG com.zaxxer.hikari.pool.HikariPool:[logPoolState:405] - HikariPool-1 - Pool stats (total=10, active=0, idle=10, waiting=0)
2025-08-30 14:36:27.968 [HikariPool-1 housekeeper] DEBUG com.zaxxer.hikari.pool.HikariPool:[fillPool:510] - HikariPool-1 - Fill pool skipped, pool has sufficient level or currently being filled.
2025-08-30 14:36:57.981 [HikariPool-1 housekeeper] DEBUG com.zaxxer.hikari.pool.HikariPool:[logPoolState:405] - HikariPool-1 - Pool stats (total=10, active=0, idle=10, waiting=0)
2025-08-30 14:36:57.981 [HikariPool-1 housekeeper] DEBUG com.zaxxer.hikari.pool.HikariPool:[fillPool:510] - HikariPool-1 - Fill pool skipped, pool has sufficient level or currently being filled.
2025-08-30 14:37:04.058 [http-nio-8083-exec-1] INFO  o.a.c.core.ContainerBase.[Tomcat].[localhost].[/]:[log:173] - Initializing Spring DispatcherServlet 'dispatcherServlet'
2025-08-30 14:37:04.058 [http-nio-8083-exec-1] INFO  org.springframework.web.servlet.DispatcherServlet:[initServletBean:532] - Initializing Servlet 'dispatcherServlet'
2025-08-30 14:37:04.059 [http-nio-8083-exec-1] INFO  org.springframework.web.servlet.DispatcherServlet:[initServletBean:554] - Completed initialization in 1 ms
2025-08-30 14:37:04.110 [http-nio-8083-exec-1] DEBUG o.springframework.jdbc.datasource.DataSourceUtils:[doGetConnection:117] - Fetching JDBC Connection from DataSource
2025-08-30 14:37:04.181 [http-nio-8083-exec-1] DEBUG feign.template.Template:[resolveExpression:133] - Explicit slash decoding specified, decoding all slashes in uri
2025-08-30 14:37:04.181 [http-nio-8083-exec-1] DEBUG feign.template.Template:[resolveExpression:133] - Explicit slash decoding specified, decoding all slashes in uri
2025-08-30 14:37:04.181 [http-nio-8083-exec-1] DEBUG feign.template.Template:[resolveExpression:133] - Explicit slash decoding specified, decoding all slashes in uri
2025-08-30 14:37:04.181 [http-nio-8083-exec-1] DEBUG feign.template.Template:[resolveExpression:133] - Explicit slash decoding specified, decoding all slashes in uri
2025-08-30 14:37:04.187 [http-nio-8083-exec-1] DEBUG com.blm.common.feign.OrderServiceClient:[log:72] - [OrderServiceClient#getReviewsByStoreIdAndRating] ---> GET http://order-service/internal/orders/reviews/store/5/rate?rating=5&page=1&size=10 HTTP/1.1
2025-08-30 14:37:04.188 [http-nio-8083-exec-1] DEBUG com.blm.common.feign.OrderServiceClient:[log:72] - [OrderServiceClient#getReviewsByStoreIdAndRating] ---> END HTTP (0-byte body)
2025-08-30 14:37:05.430 [http-nio-8083-exec-1] DEBUG com.blm.common.feign.OrderServiceClient:[log:72] - [OrderServiceClient#getReviewsByStoreIdAndRating] <--- HTTP/1.1 200 (1241ms)
2025-08-30 14:37:05.430 [http-nio-8083-exec-1] DEBUG com.blm.common.feign.OrderServiceClient:[log:72] - [OrderServiceClient#getReviewsByStoreIdAndRating] connection: keep-alive
2025-08-30 14:37:05.431 [http-nio-8083-exec-1] DEBUG com.blm.common.feign.OrderServiceClient:[log:72] - [OrderServiceClient#getReviewsByStoreIdAndRating] content-type: application/json
2025-08-30 14:37:05.431 [http-nio-8083-exec-1] DEBUG com.blm.common.feign.OrderServiceClient:[log:72] - [OrderServiceClient#getReviewsByStoreIdAndRating] date: Sat, 30 Aug 2025 06:37:05 GMT
2025-08-30 14:37:05.431 [http-nio-8083-exec-1] DEBUG com.blm.common.feign.OrderServiceClient:[log:72] - [OrderServiceClient#getReviewsByStoreIdAndRating] keep-alive: timeout=60
2025-08-30 14:37:05.431 [http-nio-8083-exec-1] DEBUG com.blm.common.feign.OrderServiceClient:[log:72] - [OrderServiceClient#getReviewsByStoreIdAndRating] transfer-encoding: chunked
2025-08-30 14:37:05.431 [http-nio-8083-exec-1] DEBUG com.blm.common.feign.OrderServiceClient:[log:72] - [OrderServiceClient#getReviewsByStoreIdAndRating] 
2025-08-30 14:37:05.432 [http-nio-8083-exec-1] DEBUG com.blm.common.feign.OrderServiceClient:[log:72] - [OrderServiceClient#getReviewsByStoreIdAndRating] null
2025-08-30 14:37:05.432 [http-nio-8083-exec-1] DEBUG com.blm.common.feign.OrderServiceClient:[log:72] - [OrderServiceClient#getReviewsByStoreIdAndRating] <--- END HTTP (4-byte body)
2025-08-30 14:37:27.983 [HikariPool-1 housekeeper] DEBUG com.zaxxer.hikari.pool.HikariPool:[logPoolState:405] - HikariPool-1 - Pool stats (total=10, active=0, idle=10, waiting=0)
2025-08-30 14:37:27.984 [HikariPool-1 housekeeper] DEBUG com.zaxxer.hikari.pool.HikariPool:[fillPool:510] - HikariPool-1 - Fill pool skipped, pool has sufficient level or currently being filled.
2025-08-30 14:37:57.998 [HikariPool-1 housekeeper] DEBUG com.zaxxer.hikari.pool.HikariPool:[logPoolState:405] - HikariPool-1 - Pool stats (total=10, active=0, idle=10, waiting=0)
2025-08-30 14:37:57.999 [HikariPool-1 housekeeper] DEBUG com.zaxxer.hikari.pool.HikariPool:[fillPool:510] - HikariPool-1 - Fill pool skipped, pool has sufficient level or currently being filled.
2025-08-30 14:38:04.748 [http-nio-8083-exec-2] DEBUG o.s.jdbc.support.JdbcTransactionManager:[getTransaction:402] - Creating new transaction with name [com.blm.store.service.impl.MerchantPromotionServiceImpl.createPromotion]: PROPAGATION_REQUIRED,ISOLATION_DEFAULT
2025-08-30 14:38:04.749 [http-nio-8083-exec-2] DEBUG o.s.jdbc.support.JdbcTransactionManager:[doBegin:271] - Acquired Connection [HikariProxyConnection@595839874 wrapping com.mysql.cj.jdbc.ConnectionImpl@45dde6ac] for JDBC transaction
2025-08-30 14:38:04.752 [http-nio-8083-exec-2] DEBUG o.s.jdbc.support.JdbcTransactionManager:[doBegin:289] - Switching JDBC Connection [HikariProxyConnection@595839874 wrapping com.mysql.cj.jdbc.ConnectionImpl@45dde6ac] to manual commit
2025-08-30 14:38:04.783 [http-nio-8083-exec-2] DEBUG o.s.jdbc.support.JdbcTransactionManager:[processCommit:790] - Initiating transaction commit
2025-08-30 14:38:04.783 [http-nio-8083-exec-2] DEBUG o.s.jdbc.support.JdbcTransactionManager:[doCommit:334] - Committing JDBC transaction on Connection [HikariProxyConnection@595839874 wrapping com.mysql.cj.jdbc.ConnectionImpl@45dde6ac]
2025-08-30 14:38:04.789 [http-nio-8083-exec-2] DEBUG o.s.jdbc.support.JdbcTransactionManager:[doCleanupAfterCompletion:393] - Releasing JDBC Connection [HikariProxyConnection@595839874 wrapping com.mysql.cj.jdbc.ConnectionImpl@45dde6ac] after transaction
2025-08-30 14:38:19.203 [http-nio-8083-exec-3] DEBUG o.springframework.jdbc.datasource.DataSourceUtils:[doGetConnection:117] - Fetching JDBC Connection from DataSource
2025-08-30 14:38:19.206 [http-nio-8083-exec-3] DEBUG o.springframework.jdbc.datasource.DataSourceUtils:[doGetConnection:117] - Fetching JDBC Connection from DataSource
2025-08-30 14:38:28.013 [HikariPool-1 housekeeper] DEBUG com.zaxxer.hikari.pool.HikariPool:[logPoolState:405] - HikariPool-1 - Pool stats (total=10, active=0, idle=10, waiting=0)
2025-08-30 14:38:28.014 [HikariPool-1 housekeeper] DEBUG com.zaxxer.hikari.pool.HikariPool:[fillPool:510] - HikariPool-1 - Fill pool skipped, pool has sufficient level or currently being filled.
2025-08-30 14:38:58.024 [HikariPool-1 housekeeper] DEBUG com.zaxxer.hikari.pool.HikariPool:[logPoolState:405] - HikariPool-1 - Pool stats (total=10, active=0, idle=10, waiting=0)
2025-08-30 14:38:58.025 [HikariPool-1 housekeeper] DEBUG com.zaxxer.hikari.pool.HikariPool:[fillPool:510] - HikariPool-1 - Fill pool skipped, pool has sufficient level or currently being filled.
2025-08-30 14:39:06.635 [http-nio-8083-exec-4] DEBUG o.s.jdbc.support.JdbcTransactionManager:[getTransaction:402] - Creating new transaction with name [com.blm.store.service.impl.MerchantPromotionServiceImpl.updatePromotion]: PROPAGATION_REQUIRED,ISOLATION_DEFAULT
2025-08-30 14:39:06.646 [http-nio-8083-exec-4] DEBUG o.s.jdbc.support.JdbcTransactionManager:[doBegin:271] - Acquired Connection [HikariProxyConnection@1387018573 wrapping com.mysql.cj.jdbc.ConnectionImpl@45dde6ac] for JDBC transaction
2025-08-30 14:39:06.647 [http-nio-8083-exec-4] DEBUG o.s.jdbc.support.JdbcTransactionManager:[doBegin:289] - Switching JDBC Connection [HikariProxyConnection@1387018573 wrapping com.mysql.cj.jdbc.ConnectionImpl@45dde6ac] to manual commit
2025-08-30 14:39:06.761 [http-nio-8083-exec-4] DEBUG o.s.jdbc.support.JdbcTransactionManager:[processCommit:790] - Initiating transaction commit
2025-08-30 14:39:06.762 [http-nio-8083-exec-4] DEBUG o.s.jdbc.support.JdbcTransactionManager:[doCommit:334] - Committing JDBC transaction on Connection [HikariProxyConnection@1387018573 wrapping com.mysql.cj.jdbc.ConnectionImpl@45dde6ac]
2025-08-30 14:39:06.771 [http-nio-8083-exec-4] DEBUG o.s.jdbc.support.JdbcTransactionManager:[doCleanupAfterCompletion:393] - Releasing JDBC Connection [HikariProxyConnection@1387018573 wrapping com.mysql.cj.jdbc.ConnectionImpl@45dde6ac] after transaction
2025-08-30 14:39:19.091 [http-nio-8083-exec-5] DEBUG o.s.jdbc.support.JdbcTransactionManager:[getTransaction:402] - Creating new transaction with name [com.blm.store.service.impl.MerchantPromotionServiceImpl.deletePromotion]: PROPAGATION_REQUIRED,ISOLATION_DEFAULT
2025-08-30 14:39:19.091 [http-nio-8083-exec-5] DEBUG o.s.jdbc.support.JdbcTransactionManager:[doBegin:271] - Acquired Connection [HikariProxyConnection@594467538 wrapping com.mysql.cj.jdbc.ConnectionImpl@45dde6ac] for JDBC transaction
2025-08-30 14:39:19.092 [http-nio-8083-exec-5] DEBUG o.s.jdbc.support.JdbcTransactionManager:[doBegin:289] - Switching JDBC Connection [HikariProxyConnection@594467538 wrapping com.mysql.cj.jdbc.ConnectionImpl@45dde6ac] to manual commit
2025-08-30 14:39:19.097 [http-nio-8083-exec-5] DEBUG o.s.jdbc.support.JdbcTransactionManager:[processCommit:790] - Initiating transaction commit
2025-08-30 14:39:19.098 [http-nio-8083-exec-5] DEBUG o.s.jdbc.support.JdbcTransactionManager:[doCommit:334] - Committing JDBC transaction on Connection [HikariProxyConnection@594467538 wrapping com.mysql.cj.jdbc.ConnectionImpl@45dde6ac]
2025-08-30 14:39:19.104 [http-nio-8083-exec-5] DEBUG o.s.jdbc.support.JdbcTransactionManager:[doCleanupAfterCompletion:393] - Releasing JDBC Connection [HikariProxyConnection@594467538 wrapping com.mysql.cj.jdbc.ConnectionImpl@45dde6ac] after transaction
2025-08-30 14:39:24.429 [http-nio-8083-exec-6] DEBUG o.springframework.jdbc.datasource.DataSourceUtils:[doGetConnection:117] - Fetching JDBC Connection from DataSource
2025-08-30 14:39:24.432 [http-nio-8083-exec-6] DEBUG o.springframework.jdbc.datasource.DataSourceUtils:[doGetConnection:117] - Fetching JDBC Connection from DataSource
2025-08-30 14:39:28.031 [HikariPool-1 housekeeper] DEBUG com.zaxxer.hikari.pool.HikariPool:[logPoolState:405] - HikariPool-1 - Pool stats (total=10, active=0, idle=10, waiting=0)
2025-08-30 14:39:28.032 [HikariPool-1 housekeeper] DEBUG com.zaxxer.hikari.pool.HikariPool:[fillPool:510] - HikariPool-1 - Fill pool skipped, pool has sufficient level or currently being filled.
2025-08-30 14:39:57.763 [http-nio-8083-exec-7] DEBUG o.springframework.jdbc.datasource.DataSourceUtils:[doGetConnection:117] - Fetching JDBC Connection from DataSource
2025-08-30 14:39:57.772 [http-nio-8083-exec-7] DEBUG feign.template.Template:[resolveExpression:133] - Explicit slash decoding specified, decoding all slashes in uri
2025-08-30 14:39:57.772 [http-nio-8083-exec-7] DEBUG feign.template.Template:[resolveExpression:133] - Explicit slash decoding specified, decoding all slashes in uri
2025-08-30 14:39:57.772 [http-nio-8083-exec-7] DEBUG feign.template.Template:[resolveExpression:133] - Explicit slash decoding specified, decoding all slashes in uri
2025-08-30 14:39:57.772 [http-nio-8083-exec-7] DEBUG feign.template.Template:[resolveExpression:133] - Explicit slash decoding specified, decoding all slashes in uri
2025-08-30 14:39:57.773 [http-nio-8083-exec-7] DEBUG com.blm.common.feign.OrderServiceClient:[log:72] - [OrderServiceClient#countStoreByStatusAndCreatedAtBetween] ---> GET http://order-service/internal/orders/store/5/stats/count?status=COMPLETED&start=2025/8/30%2000%3A00&end=2025/8/30%2023%3A59 HTTP/1.1
2025-08-30 14:39:57.773 [http-nio-8083-exec-7] DEBUG com.blm.common.feign.OrderServiceClient:[log:72] - [OrderServiceClient#countStoreByStatusAndCreatedAtBetween] ---> END HTTP (0-byte body)
2025-08-30 14:39:58.041 [HikariPool-1 housekeeper] DEBUG com.zaxxer.hikari.pool.HikariPool:[logPoolState:405] - HikariPool-1 - Pool stats (total=10, active=0, idle=10, waiting=0)
2025-08-30 14:39:58.041 [HikariPool-1 housekeeper] DEBUG com.zaxxer.hikari.pool.HikariPool:[fillPool:510] - HikariPool-1 - Fill pool skipped, pool has sufficient level or currently being filled.
2025-08-30 14:39:58.906 [http-nio-8083-exec-7] DEBUG com.blm.common.feign.OrderServiceClient:[log:72] - [OrderServiceClient#countStoreByStatusAndCreatedAtBetween] <--- HTTP/1.1 200 (1133ms)
2025-08-30 14:39:58.907 [http-nio-8083-exec-7] DEBUG com.blm.common.feign.OrderServiceClient:[log:72] - [OrderServiceClient#countStoreByStatusAndCreatedAtBetween] connection: keep-alive
2025-08-30 14:39:58.907 [http-nio-8083-exec-7] DEBUG com.blm.common.feign.OrderServiceClient:[log:72] - [OrderServiceClient#countStoreByStatusAndCreatedAtBetween] content-type: application/json
2025-08-30 14:39:58.907 [http-nio-8083-exec-7] DEBUG com.blm.common.feign.OrderServiceClient:[log:72] - [OrderServiceClient#countStoreByStatusAndCreatedAtBetween] date: Sat, 30 Aug 2025 06:39:58 GMT
2025-08-30 14:39:58.907 [http-nio-8083-exec-7] DEBUG com.blm.common.feign.OrderServiceClient:[log:72] - [OrderServiceClient#countStoreByStatusAndCreatedAtBetween] keep-alive: timeout=60
2025-08-30 14:39:58.908 [http-nio-8083-exec-7] DEBUG com.blm.common.feign.OrderServiceClient:[log:72] - [OrderServiceClient#countStoreByStatusAndCreatedAtBetween] transfer-encoding: chunked
2025-08-30 14:39:58.908 [http-nio-8083-exec-7] DEBUG com.blm.common.feign.OrderServiceClient:[log:72] - [OrderServiceClient#countStoreByStatusAndCreatedAtBetween] 
2025-08-30 14:39:58.908 [http-nio-8083-exec-7] DEBUG com.blm.common.feign.OrderServiceClient:[log:72] - [OrderServiceClient#countStoreByStatusAndCreatedAtBetween] null
2025-08-30 14:39:58.908 [http-nio-8083-exec-7] DEBUG com.blm.common.feign.OrderServiceClient:[log:72] - [OrderServiceClient#countStoreByStatusAndCreatedAtBetween] <--- END HTTP (4-byte body)
2025-08-30 14:40:28.053 [HikariPool-1 housekeeper] DEBUG com.zaxxer.hikari.pool.HikariPool:[logPoolState:405] - HikariPool-1 - Pool stats (total=10, active=0, idle=10, waiting=0)
2025-08-30 14:40:28.053 [HikariPool-1 housekeeper] DEBUG com.zaxxer.hikari.pool.HikariPool:[fillPool:510] - HikariPool-1 - Fill pool skipped, pool has sufficient level or currently being filled.
2025-08-30 14:40:28.601 [AsyncResolver-bootstrap-executor-%d] INFO  c.n.d.shared.resolver.aws.ConfigClusterResolver:[getClusterEndpoints:43] - Resolving eureka endpoints via configuration
2025-08-30 14:40:58.055 [HikariPool-1 housekeeper] DEBUG com.zaxxer.hikari.pool.HikariPool:[logPoolState:405] - HikariPool-1 - Pool stats (total=10, active=0, idle=10, waiting=0)
2025-08-30 14:40:58.056 [HikariPool-1 housekeeper] DEBUG com.zaxxer.hikari.pool.HikariPool:[fillPool:510] - HikariPool-1 - Fill pool skipped, pool has sufficient level or currently being filled.
2025-08-30 14:41:16.847 [http-nio-8083-exec-9] DEBUG o.springframework.jdbc.datasource.DataSourceUtils:[doGetConnection:117] - Fetching JDBC Connection from DataSource
2025-08-30 14:41:28.057 [HikariPool-1 housekeeper] DEBUG com.zaxxer.hikari.pool.HikariPool:[logPoolState:405] - HikariPool-1 - Pool stats (total=10, active=0, idle=10, waiting=0)
2025-08-30 14:41:28.060 [HikariPool-1 housekeeper] DEBUG com.zaxxer.hikari.pool.HikariPool:[fillPool:510] - HikariPool-1 - Fill pool skipped, pool has sufficient level or currently being filled.
2025-08-30 14:41:58.070 [HikariPool-1 housekeeper] DEBUG com.zaxxer.hikari.pool.HikariPool:[logPoolState:405] - HikariPool-1 - Pool stats (total=10, active=0, idle=10, waiting=0)
2025-08-30 14:41:58.070 [HikariPool-1 housekeeper] DEBUG com.zaxxer.hikari.pool.HikariPool:[fillPool:510] - HikariPool-1 - Fill pool skipped, pool has sufficient level or currently being filled.
2025-08-30 14:42:28.079 [HikariPool-1 housekeeper] DEBUG com.zaxxer.hikari.pool.HikariPool:[logPoolState:405] - HikariPool-1 - Pool stats (total=10, active=0, idle=10, waiting=0)
2025-08-30 14:42:28.079 [HikariPool-1 housekeeper] DEBUG com.zaxxer.hikari.pool.HikariPool:[fillPool:510] - HikariPool-1 - Fill pool skipped, pool has sufficient level or currently being filled.
2025-08-30 14:42:58.086 [HikariPool-1 housekeeper] DEBUG com.zaxxer.hikari.pool.HikariPool:[logPoolState:405] - HikariPool-1 - Pool stats (total=10, active=0, idle=10, waiting=0)
2025-08-30 14:42:58.086 [HikariPool-1 housekeeper] DEBUG com.zaxxer.hikari.pool.HikariPool:[fillPool:510] - HikariPool-1 - Fill pool skipped, pool has sufficient level or currently being filled.
2025-08-30 14:43:28.094 [HikariPool-1 housekeeper] DEBUG com.zaxxer.hikari.pool.HikariPool:[logPoolState:405] - HikariPool-1 - Pool stats (total=10, active=0, idle=10, waiting=0)
2025-08-30 14:43:28.094 [HikariPool-1 housekeeper] DEBUG com.zaxxer.hikari.pool.HikariPool:[fillPool:510] - HikariPool-1 - Fill pool skipped, pool has sufficient level or currently being filled.
2025-08-30 14:43:38.513 [SpringApplicationShutdownHook] INFO  o.s.c.n.e.serviceregistry.EurekaServiceRegistry:[deregister:91] - Unregistering application STORE-SERVICE with eureka with status DOWN
2025-08-30 14:43:38.514 [SpringApplicationShutdownHook] INFO  com.netflix.discovery.DiscoveryClient:[notify:1297] - Saw local status change event StatusChangeEvent [timestamp=1756536218514, current=DOWN, previous=UP]
2025-08-30 14:43:38.514 [DiscoveryClient-InstanceInfoReplicator-%d] INFO  com.netflix.discovery.DiscoveryClient:[register:825] - DiscoveryClient_STORE-SERVICE/SS11041203:store-service:8083: registering service...
2025-08-30 14:43:38.518 [DiscoveryClient-InstanceInfoReplicator-%d] INFO  com.netflix.discovery.DiscoveryClient:[register:834] - DiscoveryClient_STORE-SERVICE/SS11041203:store-service:8083 - registration status: 204
2025-08-30 14:43:38.526 [SpringApplicationShutdownHook] INFO  com.zaxxer.hikari.HikariDataSource:[close:349] - HikariPool-1 - Shutdown initiated...
2025-08-30 14:43:38.526 [SpringApplicationShutdownHook] DEBUG com.zaxxer.hikari.pool.HikariPool:[logPoolState:405] - HikariPool-1 - Before shutdown stats (total=10, active=0, idle=10, waiting=0)
2025-08-30 14:43:38.527 [HikariPool-1 connection closer] DEBUG com.zaxxer.hikari.pool.PoolBase:[quietlyCloseConnection:133] - HikariPool-1 - Closing connection com.mysql.cj.jdbc.ConnectionImpl@45dde6ac: (connection evicted)
2025-08-30 14:43:38.530 [HikariPool-1 connection closer] DEBUG com.zaxxer.hikari.pool.PoolBase:[quietlyCloseConnection:133] - HikariPool-1 - Closing connection com.mysql.cj.jdbc.ConnectionImpl@426bd7ae: (connection evicted)
2025-08-30 14:43:38.530 [HikariPool-1 connection closer] DEBUG com.zaxxer.hikari.pool.PoolBase:[quietlyCloseConnection:133] - HikariPool-1 - Closing connection com.mysql.cj.jdbc.ConnectionImpl@356dd95: (connection evicted)
2025-08-30 14:43:38.530 [HikariPool-1 connection closer] DEBUG com.zaxxer.hikari.pool.PoolBase:[quietlyCloseConnection:133] - HikariPool-1 - Closing connection com.mysql.cj.jdbc.ConnectionImpl@321fff0f: (connection evicted)
2025-08-30 14:43:38.530 [HikariPool-1 connection closer] DEBUG com.zaxxer.hikari.pool.PoolBase:[quietlyCloseConnection:133] - HikariPool-1 - Closing connection com.mysql.cj.jdbc.ConnectionImpl@637922da: (connection evicted)
2025-08-30 14:43:38.531 [HikariPool-1 connection closer] DEBUG com.zaxxer.hikari.pool.PoolBase:[quietlyCloseConnection:133] - HikariPool-1 - Closing connection com.mysql.cj.jdbc.ConnectionImpl@2cda32b4: (connection evicted)
2025-08-30 14:43:38.531 [HikariPool-1 connection closer] DEBUG com.zaxxer.hikari.pool.PoolBase:[quietlyCloseConnection:133] - HikariPool-1 - Closing connection com.mysql.cj.jdbc.ConnectionImpl@6737bd1a: (connection evicted)
2025-08-30 14:43:38.531 [HikariPool-1 connection closer] DEBUG com.zaxxer.hikari.pool.PoolBase:[quietlyCloseConnection:133] - HikariPool-1 - Closing connection com.mysql.cj.jdbc.ConnectionImpl@7966b29c: (connection evicted)
2025-08-30 14:43:38.531 [HikariPool-1 connection closer] DEBUG com.zaxxer.hikari.pool.PoolBase:[quietlyCloseConnection:133] - HikariPool-1 - Closing connection com.mysql.cj.jdbc.ConnectionImpl@7f81ec22: (connection evicted)
2025-08-30 14:43:38.531 [HikariPool-1 connection closer] DEBUG com.zaxxer.hikari.pool.PoolBase:[quietlyCloseConnection:133] - HikariPool-1 - Closing connection com.mysql.cj.jdbc.ConnectionImpl@14b59ac2: (connection evicted)
2025-08-30 14:43:38.531 [SpringApplicationShutdownHook] DEBUG com.zaxxer.hikari.pool.HikariPool:[logPoolState:405] - HikariPool-1 - After shutdown stats (total=0, active=0, idle=0, waiting=0)
2025-08-30 14:43:38.531 [SpringApplicationShutdownHook] INFO  com.zaxxer.hikari.HikariDataSource:[close:351] - HikariPool-1 - Shutdown completed.
2025-08-30 14:43:38.531 [SpringApplicationShutdownHook] INFO  com.netflix.discovery.DiscoveryClient:[shutdown:887] - Shutting down DiscoveryClient ...
2025-08-30 14:43:41.542 [SpringApplicationShutdownHook] INFO  com.netflix.discovery.DiscoveryClient:[unregister:918] - Unregistering ...
2025-08-30 14:43:41.547 [SpringApplicationShutdownHook] INFO  com.netflix.discovery.DiscoveryClient:[unregister:920] - DiscoveryClient_STORE-SERVICE/SS11041203:store-service:8083 - deregister  status: 200
2025-08-30 14:43:41.548 [SpringApplicationShutdownHook] INFO  com.netflix.discovery.DiscoveryClient:[shutdown:907] - Completed shut down of DiscoveryClient
2025-08-30 14:43:45.062 [main] INFO  com.blm.store.StoreApplication:[logStarting:50] - Starting StoreApplication using Java 21.0.8 with PID 41780 (D:\BUAA\大二暑假\BLM\store-service\target\classes started by Lenovo in D:\BUAA\大二暑假\BLM)
2025-08-30 14:43:45.063 [main] DEBUG com.blm.store.StoreApplication:[logStarting:51] - Running with Spring Boot v3.3.3, Spring v6.1.12
2025-08-30 14:43:45.064 [main] INFO  com.blm.store.StoreApplication:[logStartupProfileInfo:660] - The following 1 profile is active: "dev"
2025-08-30 14:43:45.432 [main] DEBUG o.s.cloud.openfeign.FeignClientsRegistrar$1:[scanCandidateComponents:476] - Identified candidate component class: file [D:\BUAA\大二暑假\BLM\common\target\classes\com\blm\common\feign\OrderServiceClient.class]
2025-08-30 14:43:45.433 [main] DEBUG o.s.cloud.openfeign.FeignClientsRegistrar$1:[scanCandidateComponents:476] - Identified candidate component class: file [D:\BUAA\大二暑假\BLM\common\target\classes\com\blm\common\feign\RiderServiceClient.class]
2025-08-30 14:43:45.433 [main] DEBUG o.s.cloud.openfeign.FeignClientsRegistrar$1:[scanCandidateComponents:476] - Identified candidate component class: file [D:\BUAA\大二暑假\BLM\common\target\classes\com\blm\common\feign\StoreServiceClient.class]
2025-08-30 14:43:45.433 [main] DEBUG o.s.cloud.openfeign.FeignClientsRegistrar$1:[scanCandidateComponents:476] - Identified candidate component class: file [D:\BUAA\大二暑假\BLM\common\target\classes\com\blm\common\feign\UserServiceClient.class]
2025-08-30 14:43:45.513 [main] DEBUG o.m.s.boot.autoconfigure.MybatisAutoConfiguration:[registerBeanDefinitions:247] - Searching for mappers annotated with @Mapper
2025-08-30 14:43:45.513 [main] DEBUG o.m.s.boot.autoconfigure.MybatisAutoConfiguration:[lambda$registerBeanDefinitions$0:251] - Using auto-configuration base package 'com.blm.store'
2025-08-30 14:43:45.632 [main] DEBUG org.apache.ibatis.logging.LogFactory:[setImplementation:112] - Logging initialized using 'class org.apache.ibatis.logging.slf4j.Slf4jImpl' adapter.
2025-08-30 14:43:45.634 [main] DEBUG org.mybatis.spring.mapper.ClassPathMapperScanner:[scanCandidateComponents:476] - Identified candidate component class: file [D:\BUAA\大二暑假\BLM\store-service\target\classes\com\blm\store\repository\FoodCategoryRepository.class]
2025-08-30 14:43:45.635 [main] DEBUG org.mybatis.spring.mapper.ClassPathMapperScanner:[scanCandidateComponents:476] - Identified candidate component class: file [D:\BUAA\大二暑假\BLM\store-service\target\classes\com\blm\store\repository\FoodRepository.class]
2025-08-30 14:43:45.635 [main] DEBUG org.mybatis.spring.mapper.ClassPathMapperScanner:[scanCandidateComponents:476] - Identified candidate component class: file [D:\BUAA\大二暑假\BLM\store-service\target\classes\com\blm\store\repository\PromotionRepository.class]
2025-08-30 14:43:45.635 [main] DEBUG org.mybatis.spring.mapper.ClassPathMapperScanner:[scanCandidateComponents:476] - Identified candidate component class: file [D:\BUAA\大二暑假\BLM\store-service\target\classes\com\blm\store\repository\StoreCategoryRepository.class]
2025-08-30 14:43:45.635 [main] DEBUG org.mybatis.spring.mapper.ClassPathMapperScanner:[scanCandidateComponents:476] - Identified candidate component class: file [D:\BUAA\大二暑假\BLM\store-service\target\classes\com\blm\store\repository\StoreRepository.class]
2025-08-30 14:43:45.636 [main] DEBUG org.mybatis.spring.mapper.ClassPathMapperScanner:[debug:49] - Creating MapperFactoryBean with name 'foodCategoryRepository' and 'com.blm.store.repository.FoodCategoryRepository' mapperInterface
2025-08-30 14:43:45.637 [main] DEBUG org.mybatis.spring.mapper.ClassPathMapperScanner:[debug:49] - Creating MapperFactoryBean with name 'foodRepository' and 'com.blm.store.repository.FoodRepository' mapperInterface
2025-08-30 14:43:45.637 [main] DEBUG org.mybatis.spring.mapper.ClassPathMapperScanner:[debug:49] - Creating MapperFactoryBean with name 'promotionRepository' and 'com.blm.store.repository.PromotionRepository' mapperInterface
2025-08-30 14:43:45.637 [main] DEBUG org.mybatis.spring.mapper.ClassPathMapperScanner:[debug:49] - Creating MapperFactoryBean with name 'storeCategoryRepository' and 'com.blm.store.repository.StoreCategoryRepository' mapperInterface
2025-08-30 14:43:45.638 [main] DEBUG org.mybatis.spring.mapper.ClassPathMapperScanner:[debug:49] - Creating MapperFactoryBean with name 'storeRepository' and 'com.blm.store.repository.StoreRepository' mapperInterface
2025-08-30 14:43:45.698 [main] INFO  o.springframework.cloud.context.scope.GenericScope:[setSerializationId:282] - BeanFactory id=9af39289-17b3-3793-86a2-4e31d680bb05
2025-08-30 14:43:45.793 [main] WARN  o.s.c.s.PostProcessorRegistrationDelegate$BeanPostProcessorChecker:[postProcessAfterInitialization:429] - Bean 'org.springframework.cloud.client.loadbalancer.LoadBalancerAutoConfiguration$DeferringLoadBalancerInterceptorConfig' of type [org.springframework.cloud.client.loadbalancer.LoadBalancerAutoConfiguration$DeferringLoadBalancerInterceptorConfig] is not eligible for getting processed by all BeanPostProcessors (for example: not eligible for auto-proxying). The currently created BeanPostProcessor [lbRestClientPostProcessor] is declared through a non-static factory method on that class; consider declaring it as static instead.
2025-08-30 14:43:45.794 [main] WARN  o.s.c.s.PostProcessorRegistrationDelegate$BeanPostProcessorChecker:[postProcessAfterInitialization:437] - Bean 'deferringLoadBalancerInterceptor' of type [org.springframework.cloud.client.loadbalancer.DeferringLoadBalancerInterceptor] is not eligible for getting processed by all BeanPostProcessors (for example: not eligible for auto-proxying). Is this bean getting eagerly injected into a currently created BeanPostProcessor [lbRestClientPostProcessor]? Check the corresponding BeanPostProcessor declaration and its dependencies.
2025-08-30 14:43:45.915 [main] INFO  o.s.boot.web.embedded.tomcat.TomcatWebServer:[initialize:111] - Tomcat initialized with port 8083 (http)
2025-08-30 14:43:45.923 [main] INFO  org.apache.catalina.core.StandardService:[log:173] - Starting service [Tomcat]
2025-08-30 14:43:45.923 [main] INFO  org.apache.catalina.core.StandardEngine:[log:173] - Starting Servlet engine: [Apache Tomcat/10.1.28]
2025-08-30 14:43:45.971 [main] INFO  o.a.c.core.ContainerBase.[Tomcat].[localhost].[/]:[log:173] - Initializing Spring embedded WebApplicationContext
2025-08-30 14:43:45.971 [main] INFO  o.s.b.w.s.c.ServletWebServerApplicationContext:[prepareWebApplicationContext:296] - Root WebApplicationContext: initialization completed in 877 ms
2025-08-30 14:43:46.008 [main] DEBUG com.zaxxer.hikari.HikariConfig:[attemptFromContextLoader:974] - Driver class com.mysql.cj.jdbc.Driver found in Thread context class loader jdk.internal.loader.ClassLoaders$AppClassLoader@36baf30c
2025-08-30 14:43:46.019 [main] DEBUG o.springframework.jdbc.datasource.DataSourceUtils:[doGetConnection:117] - Fetching JDBC Connection from DataSource
2025-08-30 14:43:46.020 [main] DEBUG com.zaxxer.hikari.HikariConfig:[logConfiguration:1106] - HikariPool-1 - configuration:
2025-08-30 14:43:46.021 [main] DEBUG com.zaxxer.hikari.HikariConfig:[logConfiguration:1138] - allowPoolSuspension.............false
2025-08-30 14:43:46.021 [main] DEBUG com.zaxxer.hikari.HikariConfig:[logConfiguration:1138] - autoCommit......................true
2025-08-30 14:43:46.022 [main] DEBUG com.zaxxer.hikari.HikariConfig:[logConfiguration:1138] - catalog.........................none
2025-08-30 14:43:46.022 [main] DEBUG com.zaxxer.hikari.HikariConfig:[logConfiguration:1138] - connectionInitSql...............none
2025-08-30 14:43:46.022 [main] DEBUG com.zaxxer.hikari.HikariConfig:[logConfiguration:1138] - connectionTestQuery.............none
2025-08-30 14:43:46.022 [main] DEBUG com.zaxxer.hikari.HikariConfig:[logConfiguration:1138] - connectionTimeout...............30000
2025-08-30 14:43:46.022 [main] DEBUG com.zaxxer.hikari.HikariConfig:[logConfiguration:1138] - dataSource......................none
2025-08-30 14:43:46.022 [main] DEBUG com.zaxxer.hikari.HikariConfig:[logConfiguration:1138] - dataSourceClassName.............none
2025-08-30 14:43:46.022 [main] DEBUG com.zaxxer.hikari.HikariConfig:[logConfiguration:1138] - dataSourceJNDI..................none
2025-08-30 14:43:46.022 [main] DEBUG com.zaxxer.hikari.HikariConfig:[logConfiguration:1138] - dataSourceProperties............{password=<masked>}
2025-08-30 14:43:46.023 [main] DEBUG com.zaxxer.hikari.HikariConfig:[logConfiguration:1138] - driverClassName................."com.mysql.cj.jdbc.Driver"
2025-08-30 14:43:46.023 [main] DEBUG com.zaxxer.hikari.HikariConfig:[logConfiguration:1138] - exceptionOverrideClassName......none
2025-08-30 14:43:46.023 [main] DEBUG com.zaxxer.hikari.HikariConfig:[logConfiguration:1138] - healthCheckProperties...........{}
2025-08-30 14:43:46.023 [main] DEBUG com.zaxxer.hikari.HikariConfig:[logConfiguration:1138] - healthCheckRegistry.............none
2025-08-30 14:43:46.023 [main] DEBUG com.zaxxer.hikari.HikariConfig:[logConfiguration:1138] - idleTimeout.....................600000
2025-08-30 14:43:46.023 [main] DEBUG com.zaxxer.hikari.HikariConfig:[logConfiguration:1138] - initializationFailTimeout.......1
2025-08-30 14:43:46.023 [main] DEBUG com.zaxxer.hikari.HikariConfig:[logConfiguration:1138] - isolateInternalQueries..........false
2025-08-30 14:43:46.023 [main] DEBUG com.zaxxer.hikari.HikariConfig:[logConfiguration:1138] - jdbcUrl.........................jdbc:mysql://localhost:3306/store_db?useUnicode=true&characterEncoding=utf-8&useSSL=false&serverTimezone=UTC
2025-08-30 14:43:46.023 [main] DEBUG com.zaxxer.hikari.HikariConfig:[logConfiguration:1138] - keepaliveTime...................0
2025-08-30 14:43:46.023 [main] DEBUG com.zaxxer.hikari.HikariConfig:[logConfiguration:1138] - leakDetectionThreshold..........0
2025-08-30 14:43:46.023 [main] DEBUG com.zaxxer.hikari.HikariConfig:[logConfiguration:1138] - maxLifetime.....................1800000
2025-08-30 14:43:46.023 [main] DEBUG com.zaxxer.hikari.HikariConfig:[logConfiguration:1138] - maximumPoolSize.................10
2025-08-30 14:43:46.023 [main] DEBUG com.zaxxer.hikari.HikariConfig:[logConfiguration:1138] - metricRegistry..................none
2025-08-30 14:43:46.023 [main] DEBUG com.zaxxer.hikari.HikariConfig:[logConfiguration:1138] - metricsTrackerFactory...........none
2025-08-30 14:43:46.023 [main] DEBUG com.zaxxer.hikari.HikariConfig:[logConfiguration:1138] - minimumIdle.....................10
2025-08-30 14:43:46.024 [main] DEBUG com.zaxxer.hikari.HikariConfig:[logConfiguration:1138] - password........................<masked>
2025-08-30 14:43:46.024 [main] DEBUG com.zaxxer.hikari.HikariConfig:[logConfiguration:1138] - poolName........................"HikariPool-1"
2025-08-30 14:43:46.024 [main] DEBUG com.zaxxer.hikari.HikariConfig:[logConfiguration:1138] - readOnly........................false
2025-08-30 14:43:46.024 [main] DEBUG com.zaxxer.hikari.HikariConfig:[logConfiguration:1138] - registerMbeans..................false
2025-08-30 14:43:46.024 [main] DEBUG com.zaxxer.hikari.HikariConfig:[logConfiguration:1138] - scheduledExecutor...............none
2025-08-30 14:43:46.024 [main] DEBUG com.zaxxer.hikari.HikariConfig:[logConfiguration:1138] - schema..........................none
2025-08-30 14:43:46.024 [main] DEBUG com.zaxxer.hikari.HikariConfig:[logConfiguration:1138] - threadFactory...................internal
2025-08-30 14:43:46.024 [main] DEBUG com.zaxxer.hikari.HikariConfig:[logConfiguration:1138] - transactionIsolation............default
2025-08-30 14:43:46.025 [main] DEBUG com.zaxxer.hikari.HikariConfig:[logConfiguration:1138] - username........................"root"
2025-08-30 14:43:46.025 [main] DEBUG com.zaxxer.hikari.HikariConfig:[logConfiguration:1138] - validationTimeout...............5000
2025-08-30 14:43:46.025 [main] INFO  com.zaxxer.hikari.HikariDataSource:[getConnection:109] - HikariPool-1 - Starting...
2025-08-30 14:43:46.109 [main] INFO  com.zaxxer.hikari.pool.HikariPool:[checkFailFast:554] - HikariPool-1 - Added connection com.mysql.cj.jdbc.ConnectionImpl@3b8507df
2025-08-30 14:43:46.110 [main] INFO  com.zaxxer.hikari.HikariDataSource:[getConnection:122] - HikariPool-1 - Start completed.
2025-08-30 14:43:46.210 [HikariPool-1 housekeeper] DEBUG com.zaxxer.hikari.pool.HikariPool:[logPoolState:405] - HikariPool-1 - Pool stats (total=1, active=0, idle=1, waiting=0)
2025-08-30 14:43:46.212 [main] DEBUG org.mybatis.spring.SqlSessionFactoryBean:[debug:49] - Parsed mapper file: 'file [D:\BUAA\大二暑假\BLM\store-service\target\classes\mapper\FoodMapper.xml]'
2025-08-30 14:43:46.214 [HikariPool-1 connection adder] DEBUG com.zaxxer.hikari.pool.HikariPool:[call:728] - HikariPool-1 - Added connection com.mysql.cj.jdbc.ConnectionImpl@1b937751
2025-08-30 14:43:46.219 [main] DEBUG org.mybatis.spring.SqlSessionFactoryBean:[debug:49] - Parsed mapper file: 'file [D:\BUAA\大二暑假\BLM\store-service\target\classes\mapper\PromotionMapper.xml]'
2025-08-30 14:43:46.229 [main] DEBUG org.mybatis.spring.SqlSessionFactoryBean:[debug:49] - Parsed mapper file: 'file [D:\BUAA\大二暑假\BLM\store-service\target\classes\mapper\StoreMapper.xml]'
2025-08-30 14:43:46.236 [main] DEBUG o.s.cloud.openfeign.FeignClientFactoryBean:[<init>:125] - Creating a FeignClientFactoryBean.
2025-08-30 14:43:46.257 [HikariPool-1 connection adder] DEBUG com.zaxxer.hikari.pool.HikariPool:[logPoolState:405] - HikariPool-1 - After adding stats (total=2, active=0, idle=2, waiting=0)
2025-08-30 14:43:46.260 [HikariPool-1 connection adder] DEBUG com.zaxxer.hikari.pool.HikariPool:[call:728] - HikariPool-1 - Added connection com.mysql.cj.jdbc.ConnectionImpl@5aae7d6a
2025-08-30 14:43:46.305 [HikariPool-1 connection adder] DEBUG com.zaxxer.hikari.pool.HikariPool:[logPoolState:405] - HikariPool-1 - After adding stats (total=3, active=0, idle=3, waiting=0)
2025-08-30 14:43:46.307 [HikariPool-1 connection adder] DEBUG com.zaxxer.hikari.pool.HikariPool:[call:728] - HikariPool-1 - Added connection com.mysql.cj.jdbc.ConnectionImpl@6b3e66ab
2025-08-30 14:43:46.352 [HikariPool-1 connection adder] DEBUG com.zaxxer.hikari.pool.HikariPool:[logPoolState:405] - HikariPool-1 - After adding stats (total=4, active=0, idle=4, waiting=0)
2025-08-30 14:43:46.356 [HikariPool-1 connection adder] DEBUG com.zaxxer.hikari.pool.HikariPool:[call:728] - HikariPool-1 - Added connection com.mysql.cj.jdbc.ConnectionImpl@3a818225
2025-08-30 14:43:46.370 [main] INFO  o.s.cloud.openfeign.FeignClientFactoryBean:[getTarget:468] - For 'order-service' URL not provided. Will try picking an instance via load-balancing.
2025-08-30 14:43:46.399 [HikariPool-1 connection adder] DEBUG com.zaxxer.hikari.pool.HikariPool:[logPoolState:405] - HikariPool-1 - After adding stats (total=5, active=0, idle=5, waiting=0)
2025-08-30 14:43:46.402 [HikariPool-1 connection adder] DEBUG com.zaxxer.hikari.pool.HikariPool:[call:728] - HikariPool-1 - Added connection com.mysql.cj.jdbc.ConnectionImpl@7438d497
2025-08-30 14:43:46.430 [main] DEBUG o.s.cloud.openfeign.FeignClientFactoryBean:[<init>:125] - Creating a FeignClientFactoryBean.
2025-08-30 14:43:46.437 [main] INFO  o.s.cloud.openfeign.FeignClientFactoryBean:[getTarget:468] - For 'user-service' URL not provided. Will try picking an instance via load-balancing.
2025-08-30 14:43:46.446 [HikariPool-1 connection adder] DEBUG com.zaxxer.hikari.pool.HikariPool:[logPoolState:405] - HikariPool-1 - After adding stats (total=6, active=0, idle=6, waiting=0)
2025-08-30 14:43:46.449 [HikariPool-1 connection adder] DEBUG com.zaxxer.hikari.pool.HikariPool:[call:728] - HikariPool-1 - Added connection com.mysql.cj.jdbc.ConnectionImpl@3ecfdc1d
2025-08-30 14:43:46.456 [main] DEBUG o.s.cloud.openfeign.FeignClientFactoryBean:[<init>:125] - Creating a FeignClientFactoryBean.
2025-08-30 14:43:46.456 [main] DEBUG o.s.cloud.openfeign.FeignClientFactoryBean:[<init>:125] - Creating a FeignClientFactoryBean.
2025-08-30 14:43:46.493 [HikariPool-1 connection adder] DEBUG com.zaxxer.hikari.pool.HikariPool:[logPoolState:405] - HikariPool-1 - After adding stats (total=7, active=0, idle=7, waiting=0)
2025-08-30 14:43:46.495 [HikariPool-1 connection adder] DEBUG com.zaxxer.hikari.pool.HikariPool:[call:728] - HikariPool-1 - Added connection com.mysql.cj.jdbc.ConnectionImpl@3f1d314a
2025-08-30 14:43:46.540 [HikariPool-1 connection adder] DEBUG com.zaxxer.hikari.pool.HikariPool:[logPoolState:405] - HikariPool-1 - After adding stats (total=8, active=0, idle=8, waiting=0)
2025-08-30 14:43:46.542 [HikariPool-1 connection adder] DEBUG com.zaxxer.hikari.pool.HikariPool:[call:728] - HikariPool-1 - Added connection com.mysql.cj.jdbc.ConnectionImpl@38e0e811
2025-08-30 14:43:46.588 [HikariPool-1 connection adder] DEBUG com.zaxxer.hikari.pool.HikariPool:[logPoolState:405] - HikariPool-1 - After adding stats (total=9, active=0, idle=9, waiting=0)
2025-08-30 14:43:46.591 [HikariPool-1 connection adder] DEBUG com.zaxxer.hikari.pool.HikariPool:[call:728] - HikariPool-1 - Added connection com.mysql.cj.jdbc.ConnectionImpl@7d814721
2025-08-30 14:43:46.615 [main] DEBUG o.m.s.boot.autoconfigure.MybatisAutoConfiguration:[afterPropertiesSet:319] - Not found configuration for registering mapper bean using @MapperScan, MapperFactoryBean and MapperScannerConfigurer.
2025-08-30 14:43:46.635 [HikariPool-1 connection adder] DEBUG com.zaxxer.hikari.pool.HikariPool:[logPoolState:405] - HikariPool-1 - After adding stats (total=10, active=0, idle=10, waiting=0)
2025-08-30 14:43:46.723 [main] INFO  o.s.c.n.e.c.DiscoveryClientOptionalArgsConfiguration:[restTemplateDiscoveryClientOptionalArgs:80] - Eureka HTTP Client uses RestTemplate.
2025-08-30 14:43:46.737 [main] WARN  o.s.c.l.c.LoadBalancerCacheAutoConfiguration$LoadBalancerCaffeineWarnLogger:[afterPropertiesSet:94] - Spring Cloud LoadBalancer is currently working with the default cache. While this cache implementation is useful for development and tests, it's recommended to use Caffeine cache in production.You can switch to using Caffeine cache, by adding it and org.springframework.cache.caffeine.CaffeineCacheManager to the classpath.
2025-08-30 14:43:46.767 [main] INFO  o.s.cloud.netflix.eureka.InstanceInfoFactory:[create:67] - Setting initial instance status as: STARTING
2025-08-30 14:43:46.782 [main] INFO  com.netflix.discovery.DiscoveryClient:[<init>:329] - Initializing Eureka in region us-east-1
2025-08-30 14:43:46.784 [main] INFO  c.n.d.shared.resolver.aws.ConfigClusterResolver:[getClusterEndpoints:43] - Resolving eureka endpoints via configuration
2025-08-30 14:43:46.789 [main] INFO  com.netflix.discovery.DiscoveryClient:[fetchRegistry:954] - Disable delta property : false
2025-08-30 14:43:46.789 [main] INFO  com.netflix.discovery.DiscoveryClient:[fetchRegistry:955] - Single vip registry refresh property : null
2025-08-30 14:43:46.789 [main] INFO  com.netflix.discovery.DiscoveryClient:[fetchRegistry:956] - Force full registry fetch : false
2025-08-30 14:43:46.789 [main] INFO  com.netflix.discovery.DiscoveryClient:[fetchRegistry:957] - Application is null : false
2025-08-30 14:43:46.789 [main] INFO  com.netflix.discovery.DiscoveryClient:[fetchRegistry:958] - Registered Applications size is zero : true
2025-08-30 14:43:46.789 [main] INFO  com.netflix.discovery.DiscoveryClient:[fetchRegistry:960] - Application version is -1: true
2025-08-30 14:43:46.789 [main] INFO  com.netflix.discovery.DiscoveryClient:[getAndStoreFullRegistry:1042] - Getting all instance registry info from the eureka server
2025-08-30 14:43:46.996 [main] INFO  com.netflix.discovery.DiscoveryClient:[getAndStoreFullRegistry:1051] - The response status is 200
2025-08-30 14:43:46.998 [main] INFO  com.netflix.discovery.DiscoveryClient:[initScheduledTasks:1266] - Starting heartbeat executor: renew interval is: 10
2025-08-30 14:43:46.999 [main] INFO  com.netflix.discovery.InstanceInfoReplicator:[<init>:64] - InstanceInfoReplicator onDemand update allowed rate per min is 4
2025-08-30 14:43:47.000 [main] INFO  com.netflix.discovery.DiscoveryClient:[<init>:455] - Discovery Client initialized at timestamp 1756536226999 with initial instances count: 3
2025-08-30 14:43:47.002 [main] INFO  o.s.c.n.e.serviceregistry.EurekaServiceRegistry:[register:70] - Registering application STORE-SERVICE with eureka with status UP
2025-08-30 14:43:47.002 [main] INFO  com.netflix.discovery.DiscoveryClient:[notify:1297] - Saw local status change event StatusChangeEvent [timestamp=1756536227002, current=UP, previous=STARTING]
2025-08-30 14:43:47.003 [DiscoveryClient-InstanceInfoReplicator-%d] INFO  com.netflix.discovery.DiscoveryClient:[register:825] - DiscoveryClient_STORE-SERVICE/SS11041203:store-service:8083: registering service...
2025-08-30 14:43:47.014 [main] INFO  o.s.boot.web.embedded.tomcat.TomcatWebServer:[start:243] - Tomcat started on port 8083 (http) with context path '/'
2025-08-30 14:43:47.014 [main] INFO  o.s.c.n.e.s.EurekaAutoServiceRegistration:[onApplicationEvent:150] - Updating port to 8083
2025-08-30 14:43:47.023 [DiscoveryClient-InstanceInfoReplicator-%d] INFO  com.netflix.discovery.DiscoveryClient:[register:834] - DiscoveryClient_STORE-SERVICE/SS11041203:store-service:8083 - registration status: 204
2025-08-30 14:43:47.024 [main] INFO  com.blm.store.StoreApplication:[logStarted:56] - Started StoreApplication in 2.214 seconds (process running for 2.601)
2025-08-30 14:44:16.215 [HikariPool-1 housekeeper] DEBUG com.zaxxer.hikari.pool.HikariPool:[logPoolState:405] - HikariPool-1 - Pool stats (total=10, active=0, idle=10, waiting=0)
2025-08-30 14:44:16.215 [HikariPool-1 housekeeper] DEBUG com.zaxxer.hikari.pool.HikariPool:[fillPool:510] - HikariPool-1 - Fill pool skipped, pool has sufficient level or currently being filled.
2025-08-30 14:44:46.222 [HikariPool-1 housekeeper] DEBUG com.zaxxer.hikari.pool.HikariPool:[logPoolState:405] - HikariPool-1 - Pool stats (total=10, active=0, idle=10, waiting=0)
2025-08-30 14:44:46.222 [HikariPool-1 housekeeper] DEBUG com.zaxxer.hikari.pool.HikariPool:[fillPool:510] - HikariPool-1 - Fill pool skipped, pool has sufficient level or currently being filled.
2025-08-30 14:44:54.405 [http-nio-8083-exec-2] INFO  o.a.c.core.ContainerBase.[Tomcat].[localhost].[/]:[log:173] - Initializing Spring DispatcherServlet 'dispatcherServlet'
2025-08-30 14:44:54.405 [http-nio-8083-exec-2] INFO  org.springframework.web.servlet.DispatcherServlet:[initServletBean:532] - Initializing Servlet 'dispatcherServlet'
2025-08-30 14:44:54.406 [http-nio-8083-exec-2] INFO  org.springframework.web.servlet.DispatcherServlet:[initServletBean:554] - Completed initialization in 1 ms
2025-08-30 14:44:54.435 [http-nio-8083-exec-2] DEBUG o.springframework.jdbc.datasource.DataSourceUtils:[doGetConnection:117] - Fetching JDBC Connection from DataSource
2025-08-30 14:44:54.467 [http-nio-8083-exec-2] DEBUG feign.template.Template:[resolveExpression:133] - Explicit slash decoding specified, decoding all slashes in uri
2025-08-30 14:44:54.467 [http-nio-8083-exec-2] DEBUG feign.template.Template:[resolveExpression:133] - Explicit slash decoding specified, decoding all slashes in uri
2025-08-30 14:44:54.467 [http-nio-8083-exec-2] DEBUG feign.template.Template:[resolveExpression:133] - Explicit slash decoding specified, decoding all slashes in uri
2025-08-30 14:44:54.468 [http-nio-8083-exec-2] DEBUG com.blm.common.feign.OrderServiceClient:[log:72] - [OrderServiceClient#getOrdersByStoreId] ---> GET http://order-service/internal/orders/store/5?page=1&size=10 HTTP/1.1
2025-08-30 14:44:54.469 [http-nio-8083-exec-2] DEBUG com.blm.common.feign.OrderServiceClient:[log:72] - [OrderServiceClient#getOrdersByStoreId] ---> END HTTP (0-byte body)
2025-08-30 14:44:55.565 [http-nio-8083-exec-2] DEBUG com.blm.common.feign.OrderServiceClient:[log:72] - [OrderServiceClient#getOrdersByStoreId] <--- HTTP/1.1 200 (1095ms)
2025-08-30 14:44:55.565 [http-nio-8083-exec-2] DEBUG com.blm.common.feign.OrderServiceClient:[log:72] - [OrderServiceClient#getOrdersByStoreId] connection: keep-alive
2025-08-30 14:44:55.565 [http-nio-8083-exec-2] DEBUG com.blm.common.feign.OrderServiceClient:[log:72] - [OrderServiceClient#getOrdersByStoreId] content-type: application/json
2025-08-30 14:44:55.565 [http-nio-8083-exec-2] DEBUG com.blm.common.feign.OrderServiceClient:[log:72] - [OrderServiceClient#getOrdersByStoreId] date: Sat, 30 Aug 2025 06:44:55 GMT
2025-08-30 14:44:55.565 [http-nio-8083-exec-2] DEBUG com.blm.common.feign.OrderServiceClient:[log:72] - [OrderServiceClient#getOrdersByStoreId] keep-alive: timeout=60
2025-08-30 14:44:55.565 [http-nio-8083-exec-2] DEBUG com.blm.common.feign.OrderServiceClient:[log:72] - [OrderServiceClient#getOrdersByStoreId] transfer-encoding: chunked
2025-08-30 14:44:55.565 [http-nio-8083-exec-2] DEBUG com.blm.common.feign.OrderServiceClient:[log:72] - [OrderServiceClient#getOrdersByStoreId] 
2025-08-30 14:44:55.566 [http-nio-8083-exec-2] DEBUG com.blm.common.feign.OrderServiceClient:[log:72] - [OrderServiceClient#getOrdersByStoreId] null
2025-08-30 14:44:55.566 [http-nio-8083-exec-2] DEBUG com.blm.common.feign.OrderServiceClient:[log:72] - [OrderServiceClient#getOrdersByStoreId] <--- END HTTP (4-byte body)
2025-08-30 14:45:02.191 [SpringApplicationShutdownHook] INFO  o.s.c.n.e.serviceregistry.EurekaServiceRegistry:[deregister:91] - Unregistering application STORE-SERVICE with eureka with status DOWN
2025-08-30 14:45:02.191 [SpringApplicationShutdownHook] INFO  com.netflix.discovery.DiscoveryClient:[notify:1297] - Saw local status change event StatusChangeEvent [timestamp=1756536302191, current=DOWN, previous=UP]
2025-08-30 14:45:02.191 [DiscoveryClient-InstanceInfoReplicator-%d] INFO  com.netflix.discovery.DiscoveryClient:[register:825] - DiscoveryClient_STORE-SERVICE/SS11041203:store-service:8083: registering service...
2025-08-30 14:45:02.212 [DiscoveryClient-InstanceInfoReplicator-%d] INFO  com.netflix.discovery.DiscoveryClient:[register:834] - DiscoveryClient_STORE-SERVICE/SS11041203:store-service:8083 - registration status: 204
2025-08-30 14:45:02.224 [SpringApplicationShutdownHook] INFO  com.zaxxer.hikari.HikariDataSource:[close:349] - HikariPool-1 - Shutdown initiated...
2025-08-30 14:45:02.225 [SpringApplicationShutdownHook] DEBUG com.zaxxer.hikari.pool.HikariPool:[logPoolState:405] - HikariPool-1 - Before shutdown stats (total=10, active=0, idle=10, waiting=0)
2025-08-30 14:45:02.226 [HikariPool-1 connection closer] DEBUG com.zaxxer.hikari.pool.PoolBase:[quietlyCloseConnection:133] - HikariPool-1 - Closing connection com.mysql.cj.jdbc.ConnectionImpl@3b8507df: (connection evicted)
2025-08-30 14:45:02.229 [HikariPool-1 connection closer] DEBUG com.zaxxer.hikari.pool.PoolBase:[quietlyCloseConnection:133] - HikariPool-1 - Closing connection com.mysql.cj.jdbc.ConnectionImpl@1b937751: (connection evicted)
2025-08-30 14:45:02.230 [HikariPool-1 connection closer] DEBUG com.zaxxer.hikari.pool.PoolBase:[quietlyCloseConnection:133] - HikariPool-1 - Closing connection com.mysql.cj.jdbc.ConnectionImpl@5aae7d6a: (connection evicted)
2025-08-30 14:45:02.230 [HikariPool-1 connection closer] DEBUG com.zaxxer.hikari.pool.PoolBase:[quietlyCloseConnection:133] - HikariPool-1 - Closing connection com.mysql.cj.jdbc.ConnectionImpl@6b3e66ab: (connection evicted)
2025-08-30 14:45:02.230 [HikariPool-1 connection closer] DEBUG com.zaxxer.hikari.pool.PoolBase:[quietlyCloseConnection:133] - HikariPool-1 - Closing connection com.mysql.cj.jdbc.ConnectionImpl@3a818225: (connection evicted)
2025-08-30 14:45:02.231 [HikariPool-1 connection closer] DEBUG com.zaxxer.hikari.pool.PoolBase:[quietlyCloseConnection:133] - HikariPool-1 - Closing connection com.mysql.cj.jdbc.ConnectionImpl@7438d497: (connection evicted)
2025-08-30 14:45:02.231 [HikariPool-1 connection closer] DEBUG com.zaxxer.hikari.pool.PoolBase:[quietlyCloseConnection:133] - HikariPool-1 - Closing connection com.mysql.cj.jdbc.ConnectionImpl@3ecfdc1d: (connection evicted)
2025-08-30 14:45:02.231 [HikariPool-1 connection closer] DEBUG com.zaxxer.hikari.pool.PoolBase:[quietlyCloseConnection:133] - HikariPool-1 - Closing connection com.mysql.cj.jdbc.ConnectionImpl@3f1d314a: (connection evicted)
2025-08-30 14:45:02.231 [HikariPool-1 connection closer] DEBUG com.zaxxer.hikari.pool.PoolBase:[quietlyCloseConnection:133] - HikariPool-1 - Closing connection com.mysql.cj.jdbc.ConnectionImpl@38e0e811: (connection evicted)
2025-08-30 14:45:02.231 [HikariPool-1 connection closer] DEBUG com.zaxxer.hikari.pool.PoolBase:[quietlyCloseConnection:133] - HikariPool-1 - Closing connection com.mysql.cj.jdbc.ConnectionImpl@7d814721: (connection evicted)
2025-08-30 14:45:02.232 [SpringApplicationShutdownHook] DEBUG com.zaxxer.hikari.pool.HikariPool:[logPoolState:405] - HikariPool-1 - After shutdown stats (total=0, active=0, idle=0, waiting=0)
2025-08-30 14:45:02.232 [SpringApplicationShutdownHook] INFO  com.zaxxer.hikari.HikariDataSource:[close:351] - HikariPool-1 - Shutdown completed.
2025-08-30 14:45:02.232 [SpringApplicationShutdownHook] INFO  com.netflix.discovery.DiscoveryClient:[shutdown:887] - Shutting down DiscoveryClient ...
2025-08-30 14:45:05.243 [SpringApplicationShutdownHook] INFO  com.netflix.discovery.DiscoveryClient:[unregister:918] - Unregistering ...
2025-08-30 14:45:05.259 [SpringApplicationShutdownHook] INFO  com.netflix.discovery.DiscoveryClient:[unregister:920] - DiscoveryClient_STORE-SERVICE/SS11041203:store-service:8083 - deregister  status: 200
2025-08-30 14:45:05.259 [SpringApplicationShutdownHook] INFO  com.netflix.discovery.DiscoveryClient:[shutdown:907] - Completed shut down of DiscoveryClient
2025-08-30 14:45:07.512 [main] INFO  com.blm.store.StoreApplication:[logStarting:50] - Starting StoreApplication using Java 21.0.8 with PID 41084 (D:\BUAA\大二暑假\BLM\store-service\target\classes started by Lenovo in D:\BUAA\大二暑假\BLM)
2025-08-30 14:45:07.513 [main] DEBUG com.blm.store.StoreApplication:[logStarting:51] - Running with Spring Boot v3.3.3, Spring v6.1.12
2025-08-30 14:45:07.514 [main] INFO  com.blm.store.StoreApplication:[logStartupProfileInfo:660] - The following 1 profile is active: "dev"
2025-08-30 14:45:07.854 [main] DEBUG o.s.cloud.openfeign.FeignClientsRegistrar$1:[scanCandidateComponents:476] - Identified candidate component class: file [D:\BUAA\大二暑假\BLM\common\target\classes\com\blm\common\feign\OrderServiceClient.class]
2025-08-30 14:45:07.855 [main] DEBUG o.s.cloud.openfeign.FeignClientsRegistrar$1:[scanCandidateComponents:476] - Identified candidate component class: file [D:\BUAA\大二暑假\BLM\common\target\classes\com\blm\common\feign\RiderServiceClient.class]
2025-08-30 14:45:07.855 [main] DEBUG o.s.cloud.openfeign.FeignClientsRegistrar$1:[scanCandidateComponents:476] - Identified candidate component class: file [D:\BUAA\大二暑假\BLM\common\target\classes\com\blm\common\feign\StoreServiceClient.class]
2025-08-30 14:45:07.855 [main] DEBUG o.s.cloud.openfeign.FeignClientsRegistrar$1:[scanCandidateComponents:476] - Identified candidate component class: file [D:\BUAA\大二暑假\BLM\common\target\classes\com\blm\common\feign\UserServiceClient.class]
2025-08-30 14:45:07.924 [main] DEBUG o.m.s.boot.autoconfigure.MybatisAutoConfiguration:[registerBeanDefinitions:247] - Searching for mappers annotated with @Mapper
2025-08-30 14:45:07.924 [main] DEBUG o.m.s.boot.autoconfigure.MybatisAutoConfiguration:[lambda$registerBeanDefinitions$0:251] - Using auto-configuration base package 'com.blm.store'
2025-08-30 14:45:08.048 [main] DEBUG org.apache.ibatis.logging.LogFactory:[setImplementation:112] - Logging initialized using 'class org.apache.ibatis.logging.slf4j.Slf4jImpl' adapter.
2025-08-30 14:45:08.051 [main] DEBUG org.mybatis.spring.mapper.ClassPathMapperScanner:[scanCandidateComponents:476] - Identified candidate component class: file [D:\BUAA\大二暑假\BLM\store-service\target\classes\com\blm\store\repository\FoodCategoryRepository.class]
2025-08-30 14:45:08.052 [main] DEBUG org.mybatis.spring.mapper.ClassPathMapperScanner:[scanCandidateComponents:476] - Identified candidate component class: file [D:\BUAA\大二暑假\BLM\store-service\target\classes\com\blm\store\repository\FoodRepository.class]
2025-08-30 14:45:08.052 [main] DEBUG org.mybatis.spring.mapper.ClassPathMapperScanner:[scanCandidateComponents:476] - Identified candidate component class: file [D:\BUAA\大二暑假\BLM\store-service\target\classes\com\blm\store\repository\PromotionRepository.class]
2025-08-30 14:45:08.053 [main] DEBUG org.mybatis.spring.mapper.ClassPathMapperScanner:[scanCandidateComponents:476] - Identified candidate component class: file [D:\BUAA\大二暑假\BLM\store-service\target\classes\com\blm\store\repository\StoreCategoryRepository.class]
2025-08-30 14:45:08.053 [main] DEBUG org.mybatis.spring.mapper.ClassPathMapperScanner:[scanCandidateComponents:476] - Identified candidate component class: file [D:\BUAA\大二暑假\BLM\store-service\target\classes\com\blm\store\repository\StoreRepository.class]
2025-08-30 14:45:08.053 [main] DEBUG org.mybatis.spring.mapper.ClassPathMapperScanner:[debug:49] - Creating MapperFactoryBean with name 'foodCategoryRepository' and 'com.blm.store.repository.FoodCategoryRepository' mapperInterface
2025-08-30 14:45:08.054 [main] DEBUG org.mybatis.spring.mapper.ClassPathMapperScanner:[debug:49] - Creating MapperFactoryBean with name 'foodRepository' and 'com.blm.store.repository.FoodRepository' mapperInterface
2025-08-30 14:45:08.054 [main] DEBUG org.mybatis.spring.mapper.ClassPathMapperScanner:[debug:49] - Creating MapperFactoryBean with name 'promotionRepository' and 'com.blm.store.repository.PromotionRepository' mapperInterface
2025-08-30 14:45:08.055 [main] DEBUG org.mybatis.spring.mapper.ClassPathMapperScanner:[debug:49] - Creating MapperFactoryBean with name 'storeCategoryRepository' and 'com.blm.store.repository.StoreCategoryRepository' mapperInterface
2025-08-30 14:45:08.055 [main] DEBUG org.mybatis.spring.mapper.ClassPathMapperScanner:[debug:49] - Creating MapperFactoryBean with name 'storeRepository' and 'com.blm.store.repository.StoreRepository' mapperInterface
2025-08-30 14:45:08.117 [main] INFO  o.springframework.cloud.context.scope.GenericScope:[setSerializationId:282] - BeanFactory id=9af39289-17b3-3793-86a2-4e31d680bb05
2025-08-30 14:45:08.213 [main] WARN  o.s.c.s.PostProcessorRegistrationDelegate$BeanPostProcessorChecker:[postProcessAfterInitialization:429] - Bean 'org.springframework.cloud.client.loadbalancer.LoadBalancerAutoConfiguration$DeferringLoadBalancerInterceptorConfig' of type [org.springframework.cloud.client.loadbalancer.LoadBalancerAutoConfiguration$DeferringLoadBalancerInterceptorConfig] is not eligible for getting processed by all BeanPostProcessors (for example: not eligible for auto-proxying). The currently created BeanPostProcessor [lbRestClientPostProcessor] is declared through a non-static factory method on that class; consider declaring it as static instead.
2025-08-30 14:45:08.214 [main] WARN  o.s.c.s.PostProcessorRegistrationDelegate$BeanPostProcessorChecker:[postProcessAfterInitialization:437] - Bean 'deferringLoadBalancerInterceptor' of type [org.springframework.cloud.client.loadbalancer.DeferringLoadBalancerInterceptor] is not eligible for getting processed by all BeanPostProcessors (for example: not eligible for auto-proxying). Is this bean getting eagerly injected into a currently created BeanPostProcessor [lbRestClientPostProcessor]? Check the corresponding BeanPostProcessor declaration and its dependencies.
2025-08-30 14:45:08.341 [main] INFO  o.s.boot.web.embedded.tomcat.TomcatWebServer:[initialize:111] - Tomcat initialized with port 8083 (http)
2025-08-30 14:45:08.349 [main] INFO  org.apache.catalina.core.StandardService:[log:173] - Starting service [Tomcat]
2025-08-30 14:45:08.349 [main] INFO  org.apache.catalina.core.StandardEngine:[log:173] - Starting Servlet engine: [Apache Tomcat/10.1.28]
2025-08-30 14:45:08.398 [main] INFO  o.a.c.core.ContainerBase.[Tomcat].[localhost].[/]:[log:173] - Initializing Spring embedded WebApplicationContext
2025-08-30 14:45:08.399 [main] INFO  o.s.b.w.s.c.ServletWebServerApplicationContext:[prepareWebApplicationContext:296] - Root WebApplicationContext: initialization completed in 856 ms
2025-08-30 14:45:08.435 [main] DEBUG com.zaxxer.hikari.HikariConfig:[attemptFromContextLoader:974] - Driver class com.mysql.cj.jdbc.Driver found in Thread context class loader jdk.internal.loader.ClassLoaders$AppClassLoader@36baf30c
2025-08-30 14:45:08.455 [main] DEBUG o.springframework.jdbc.datasource.DataSourceUtils:[doGetConnection:117] - Fetching JDBC Connection from DataSource
2025-08-30 14:45:08.456 [main] DEBUG com.zaxxer.hikari.HikariConfig:[logConfiguration:1106] - HikariPool-1 - configuration:
2025-08-30 14:45:08.457 [main] DEBUG com.zaxxer.hikari.HikariConfig:[logConfiguration:1138] - allowPoolSuspension.............false
2025-08-30 14:45:08.458 [main] DEBUG com.zaxxer.hikari.HikariConfig:[logConfiguration:1138] - autoCommit......................true
2025-08-30 14:45:08.458 [main] DEBUG com.zaxxer.hikari.HikariConfig:[logConfiguration:1138] - catalog.........................none
2025-08-30 14:45:08.459 [main] DEBUG com.zaxxer.hikari.HikariConfig:[logConfiguration:1138] - connectionInitSql...............none
2025-08-30 14:45:08.459 [main] DEBUG com.zaxxer.hikari.HikariConfig:[logConfiguration:1138] - connectionTestQuery.............none
2025-08-30 14:45:08.459 [main] DEBUG com.zaxxer.hikari.HikariConfig:[logConfiguration:1138] - connectionTimeout...............30000
2025-08-30 14:45:08.459 [main] DEBUG com.zaxxer.hikari.HikariConfig:[logConfiguration:1138] - dataSource......................none
2025-08-30 14:45:08.459 [main] DEBUG com.zaxxer.hikari.HikariConfig:[logConfiguration:1138] - dataSourceClassName.............none
2025-08-30 14:45:08.459 [main] DEBUG com.zaxxer.hikari.HikariConfig:[logConfiguration:1138] - dataSourceJNDI..................none
2025-08-30 14:45:08.460 [main] DEBUG com.zaxxer.hikari.HikariConfig:[logConfiguration:1138] - dataSourceProperties............{password=<masked>}
2025-08-30 14:45:08.460 [main] DEBUG com.zaxxer.hikari.HikariConfig:[logConfiguration:1138] - driverClassName................."com.mysql.cj.jdbc.Driver"
2025-08-30 14:45:08.460 [main] DEBUG com.zaxxer.hikari.HikariConfig:[logConfiguration:1138] - exceptionOverrideClassName......none
2025-08-30 14:45:08.460 [main] DEBUG com.zaxxer.hikari.HikariConfig:[logConfiguration:1138] - healthCheckProperties...........{}
2025-08-30 14:45:08.460 [main] DEBUG com.zaxxer.hikari.HikariConfig:[logConfiguration:1138] - healthCheckRegistry.............none
2025-08-30 14:45:08.460 [main] DEBUG com.zaxxer.hikari.HikariConfig:[logConfiguration:1138] - idleTimeout.....................600000
2025-08-30 14:45:08.460 [main] DEBUG com.zaxxer.hikari.HikariConfig:[logConfiguration:1138] - initializationFailTimeout.......1
2025-08-30 14:45:08.460 [main] DEBUG com.zaxxer.hikari.HikariConfig:[logConfiguration:1138] - isolateInternalQueries..........false
2025-08-30 14:45:08.460 [main] DEBUG com.zaxxer.hikari.HikariConfig:[logConfiguration:1138] - jdbcUrl.........................jdbc:mysql://localhost:3306/store_db?useUnicode=true&characterEncoding=utf-8&useSSL=false&serverTimezone=UTC
2025-08-30 14:45:08.461 [main] DEBUG com.zaxxer.hikari.HikariConfig:[logConfiguration:1138] - keepaliveTime...................0
2025-08-30 14:45:08.461 [main] DEBUG com.zaxxer.hikari.HikariConfig:[logConfiguration:1138] - leakDetectionThreshold..........0
2025-08-30 14:45:08.461 [main] DEBUG com.zaxxer.hikari.HikariConfig:[logConfiguration:1138] - maxLifetime.....................1800000
2025-08-30 14:45:08.461 [main] DEBUG com.zaxxer.hikari.HikariConfig:[logConfiguration:1138] - maximumPoolSize.................10
2025-08-30 14:45:08.461 [main] DEBUG com.zaxxer.hikari.HikariConfig:[logConfiguration:1138] - metricRegistry..................none
2025-08-30 14:45:08.461 [main] DEBUG com.zaxxer.hikari.HikariConfig:[logConfiguration:1138] - metricsTrackerFactory...........none
2025-08-30 14:45:08.461 [main] DEBUG com.zaxxer.hikari.HikariConfig:[logConfiguration:1138] - minimumIdle.....................10
2025-08-30 14:45:08.461 [main] DEBUG com.zaxxer.hikari.HikariConfig:[logConfiguration:1138] - password........................<masked>
2025-08-30 14:45:08.461 [main] DEBUG com.zaxxer.hikari.HikariConfig:[logConfiguration:1138] - poolName........................"HikariPool-1"
2025-08-30 14:45:08.462 [main] DEBUG com.zaxxer.hikari.HikariConfig:[logConfiguration:1138] - readOnly........................false
2025-08-30 14:45:08.462 [main] DEBUG com.zaxxer.hikari.HikariConfig:[logConfiguration:1138] - registerMbeans..................false
2025-08-30 14:45:08.462 [main] DEBUG com.zaxxer.hikari.HikariConfig:[logConfiguration:1138] - scheduledExecutor...............none
2025-08-30 14:45:08.462 [main] DEBUG com.zaxxer.hikari.HikariConfig:[logConfiguration:1138] - schema..........................none
2025-08-30 14:45:08.462 [main] DEBUG com.zaxxer.hikari.HikariConfig:[logConfiguration:1138] - threadFactory...................internal
2025-08-30 14:45:08.462 [main] DEBUG com.zaxxer.hikari.HikariConfig:[logConfiguration:1138] - transactionIsolation............default
2025-08-30 14:45:08.462 [main] DEBUG com.zaxxer.hikari.HikariConfig:[logConfiguration:1138] - username........................"root"
2025-08-30 14:45:08.463 [main] DEBUG com.zaxxer.hikari.HikariConfig:[logConfiguration:1138] - validationTimeout...............5000
2025-08-30 14:45:08.463 [main] INFO  com.zaxxer.hikari.HikariDataSource:[getConnection:109] - HikariPool-1 - Starting...
2025-08-30 14:45:08.558 [main] INFO  com.zaxxer.hikari.pool.HikariPool:[checkFailFast:554] - HikariPool-1 - Added connection com.mysql.cj.jdbc.ConnectionImpl@656ec00d
2025-08-30 14:45:08.560 [main] INFO  com.zaxxer.hikari.HikariDataSource:[getConnection:122] - HikariPool-1 - Start completed.
2025-08-30 14:45:08.660 [main] DEBUG org.mybatis.spring.SqlSessionFactoryBean:[debug:49] - Parsed mapper file: 'file [D:\BUAA\大二暑假\BLM\store-service\target\classes\mapper\FoodMapper.xml]'
2025-08-30 14:45:08.661 [HikariPool-1 housekeeper] DEBUG com.zaxxer.hikari.pool.HikariPool:[logPoolState:405] - HikariPool-1 - Pool stats (total=1, active=0, idle=1, waiting=0)
2025-08-30 14:45:08.665 [HikariPool-1 connection adder] DEBUG com.zaxxer.hikari.pool.HikariPool:[call:728] - HikariPool-1 - Added connection com.mysql.cj.jdbc.ConnectionImpl@426bd7ae
2025-08-30 14:45:08.669 [main] DEBUG org.mybatis.spring.SqlSessionFactoryBean:[debug:49] - Parsed mapper file: 'file [D:\BUAA\大二暑假\BLM\store-service\target\classes\mapper\PromotionMapper.xml]'
2025-08-30 14:45:08.678 [main] DEBUG org.mybatis.spring.SqlSessionFactoryBean:[debug:49] - Parsed mapper file: 'file [D:\BUAA\大二暑假\BLM\store-service\target\classes\mapper\StoreMapper.xml]'
2025-08-30 14:45:08.685 [main] DEBUG o.s.cloud.openfeign.FeignClientFactoryBean:[<init>:125] - Creating a FeignClientFactoryBean.
2025-08-30 14:45:08.708 [HikariPool-1 connection adder] DEBUG com.zaxxer.hikari.pool.HikariPool:[logPoolState:405] - HikariPool-1 - After adding stats (total=2, active=0, idle=2, waiting=0)
2025-08-30 14:45:08.710 [HikariPool-1 connection adder] DEBUG com.zaxxer.hikari.pool.HikariPool:[call:728] - HikariPool-1 - Added connection com.mysql.cj.jdbc.ConnectionImpl@356dd95
2025-08-30 14:45:08.755 [HikariPool-1 connection adder] DEBUG com.zaxxer.hikari.pool.HikariPool:[logPoolState:405] - HikariPool-1 - After adding stats (total=3, active=0, idle=3, waiting=0)
2025-08-30 14:45:08.758 [HikariPool-1 connection adder] DEBUG com.zaxxer.hikari.pool.HikariPool:[call:728] - HikariPool-1 - Added connection com.mysql.cj.jdbc.ConnectionImpl@321fff0f
2025-08-30 14:45:08.803 [HikariPool-1 connection adder] DEBUG com.zaxxer.hikari.pool.HikariPool:[logPoolState:405] - HikariPool-1 - After adding stats (total=4, active=0, idle=4, waiting=0)
2025-08-30 14:45:08.806 [HikariPool-1 connection adder] DEBUG com.zaxxer.hikari.pool.HikariPool:[call:728] - HikariPool-1 - Added connection com.mysql.cj.jdbc.ConnectionImpl@637922da
2025-08-30 14:45:08.849 [main] INFO  o.s.cloud.openfeign.FeignClientFactoryBean:[getTarget:468] - For 'order-service' URL not provided. Will try picking an instance via load-balancing.
2025-08-30 14:45:08.851 [HikariPool-1 connection adder] DEBUG com.zaxxer.hikari.pool.HikariPool:[logPoolState:405] - HikariPool-1 - After adding stats (total=5, active=0, idle=5, waiting=0)
2025-08-30 14:45:08.854 [HikariPool-1 connection adder] DEBUG com.zaxxer.hikari.pool.HikariPool:[call:728] - HikariPool-1 - Added connection com.mysql.cj.jdbc.ConnectionImpl@2cda32b4
2025-08-30 14:45:08.899 [HikariPool-1 connection adder] DEBUG com.zaxxer.hikari.pool.HikariPool:[logPoolState:405] - HikariPool-1 - After adding stats (total=6, active=0, idle=6, waiting=0)
2025-08-30 14:45:08.901 [HikariPool-1 connection adder] DEBUG com.zaxxer.hikari.pool.HikariPool:[call:728] - HikariPool-1 - Added connection com.mysql.cj.jdbc.ConnectionImpl@6737bd1a
2025-08-30 14:45:08.915 [main] DEBUG o.s.cloud.openfeign.FeignClientFactoryBean:[<init>:125] - Creating a FeignClientFactoryBean.
2025-08-30 14:45:08.923 [main] INFO  o.s.cloud.openfeign.FeignClientFactoryBean:[getTarget:468] - For 'user-service' URL not provided. Will try picking an instance via load-balancing.
2025-08-30 14:45:08.942 [main] DEBUG o.s.cloud.openfeign.FeignClientFactoryBean:[<init>:125] - Creating a FeignClientFactoryBean.
2025-08-30 14:45:08.943 [main] DEBUG o.s.cloud.openfeign.FeignClientFactoryBean:[<init>:125] - Creating a FeignClientFactoryBean.
2025-08-30 14:45:08.947 [HikariPool-1 connection adder] DEBUG com.zaxxer.hikari.pool.HikariPool:[logPoolState:405] - HikariPool-1 - After adding stats (total=7, active=0, idle=7, waiting=0)
2025-08-30 14:45:08.950 [HikariPool-1 connection adder] DEBUG com.zaxxer.hikari.pool.HikariPool:[call:728] - HikariPool-1 - Added connection com.mysql.cj.jdbc.ConnectionImpl@7966b29c
2025-08-30 14:45:08.995 [HikariPool-1 connection adder] DEBUG com.zaxxer.hikari.pool.HikariPool:[logPoolState:405] - HikariPool-1 - After adding stats (total=8, active=0, idle=8, waiting=0)
2025-08-30 14:45:08.997 [HikariPool-1 connection adder] DEBUG com.zaxxer.hikari.pool.HikariPool:[call:728] - HikariPool-1 - Added connection com.mysql.cj.jdbc.ConnectionImpl@7f81ec22
2025-08-30 14:45:09.029 [HikariPool-1 connection adder] DEBUG com.zaxxer.hikari.pool.HikariPool:[logPoolState:405] - HikariPool-1 - After adding stats (total=9, active=0, idle=9, waiting=0)
2025-08-30 14:45:09.034 [HikariPool-1 connection adder] DEBUG com.zaxxer.hikari.pool.HikariPool:[call:728] - HikariPool-1 - Added connection com.mysql.cj.jdbc.ConnectionImpl@14b59ac2
2025-08-30 14:45:09.073 [HikariPool-1 connection adder] DEBUG com.zaxxer.hikari.pool.HikariPool:[logPoolState:405] - HikariPool-1 - After adding stats (total=10, active=0, idle=10, waiting=0)
2025-08-30 14:45:09.124 [main] DEBUG o.m.s.boot.autoconfigure.MybatisAutoConfiguration:[afterPropertiesSet:319] - Not found configuration for registering mapper bean using @MapperScan, MapperFactoryBean and MapperScannerConfigurer.
2025-08-30 14:45:09.242 [main] INFO  o.s.c.n.e.c.DiscoveryClientOptionalArgsConfiguration:[restTemplateDiscoveryClientOptionalArgs:80] - Eureka HTTP Client uses RestTemplate.
2025-08-30 14:45:09.256 [main] WARN  o.s.c.l.c.LoadBalancerCacheAutoConfiguration$LoadBalancerCaffeineWarnLogger:[afterPropertiesSet:94] - Spring Cloud LoadBalancer is currently working with the default cache. While this cache implementation is useful for development and tests, it's recommended to use Caffeine cache in production.You can switch to using Caffeine cache, by adding it and org.springframework.cache.caffeine.CaffeineCacheManager to the classpath.
2025-08-30 14:45:09.289 [main] INFO  o.s.cloud.netflix.eureka.InstanceInfoFactory:[create:67] - Setting initial instance status as: STARTING
2025-08-30 14:45:09.303 [main] INFO  com.netflix.discovery.DiscoveryClient:[<init>:329] - Initializing Eureka in region us-east-1
2025-08-30 14:45:09.305 [main] INFO  c.n.d.shared.resolver.aws.ConfigClusterResolver:[getClusterEndpoints:43] - Resolving eureka endpoints via configuration
2025-08-30 14:45:09.310 [main] INFO  com.netflix.discovery.DiscoveryClient:[fetchRegistry:954] - Disable delta property : false
2025-08-30 14:45:09.310 [main] INFO  com.netflix.discovery.DiscoveryClient:[fetchRegistry:955] - Single vip registry refresh property : null
2025-08-30 14:45:09.310 [main] INFO  com.netflix.discovery.DiscoveryClient:[fetchRegistry:956] - Force full registry fetch : false
2025-08-30 14:45:09.310 [main] INFO  com.netflix.discovery.DiscoveryClient:[fetchRegistry:957] - Application is null : false
2025-08-30 14:45:09.310 [main] INFO  com.netflix.discovery.DiscoveryClient:[fetchRegistry:958] - Registered Applications size is zero : true
2025-08-30 14:45:09.311 [main] INFO  com.netflix.discovery.DiscoveryClient:[fetchRegistry:960] - Application version is -1: true
2025-08-30 14:45:09.311 [main] INFO  com.netflix.discovery.DiscoveryClient:[getAndStoreFullRegistry:1042] - Getting all instance registry info from the eureka server
2025-08-30 14:45:09.506 [main] INFO  com.netflix.discovery.DiscoveryClient:[getAndStoreFullRegistry:1051] - The response status is 200
2025-08-30 14:45:09.507 [main] INFO  com.netflix.discovery.DiscoveryClient:[initScheduledTasks:1266] - Starting heartbeat executor: renew interval is: 10
2025-08-30 14:45:09.508 [main] INFO  com.netflix.discovery.InstanceInfoReplicator:[<init>:64] - InstanceInfoReplicator onDemand update allowed rate per min is 4
2025-08-30 14:45:09.509 [main] INFO  com.netflix.discovery.DiscoveryClient:[<init>:455] - Discovery Client initialized at timestamp 1756536309509 with initial instances count: 4
2025-08-30 14:45:09.511 [main] INFO  o.s.c.n.e.serviceregistry.EurekaServiceRegistry:[register:70] - Registering application STORE-SERVICE with eureka with status UP
2025-08-30 14:45:09.511 [main] INFO  com.netflix.discovery.DiscoveryClient:[notify:1297] - Saw local status change event StatusChangeEvent [timestamp=1756536309511, current=UP, previous=STARTING]
2025-08-30 14:45:09.512 [DiscoveryClient-InstanceInfoReplicator-%d] INFO  com.netflix.discovery.DiscoveryClient:[register:825] - DiscoveryClient_STORE-SERVICE/SS11041203:store-service:8083: registering service...
2025-08-30 14:45:09.523 [main] INFO  o.s.boot.web.embedded.tomcat.TomcatWebServer:[start:243] - Tomcat started on port 8083 (http) with context path '/'
2025-08-30 14:45:09.524 [main] INFO  o.s.c.n.e.s.EurekaAutoServiceRegistration:[onApplicationEvent:150] - Updating port to 8083
2025-08-30 14:45:09.534 [DiscoveryClient-InstanceInfoReplicator-%d] INFO  com.netflix.discovery.DiscoveryClient:[register:834] - DiscoveryClient_STORE-SERVICE/SS11041203:store-service:8083 - registration status: 204
2025-08-30 14:45:09.534 [main] INFO  com.blm.store.StoreApplication:[logStarted:56] - Started StoreApplication in 2.303 seconds (process running for 2.787)
2025-08-30 14:45:38.672 [HikariPool-1 housekeeper] DEBUG com.zaxxer.hikari.pool.HikariPool:[logPoolState:405] - HikariPool-1 - Pool stats (total=10, active=0, idle=10, waiting=0)
2025-08-30 14:45:38.672 [HikariPool-1 housekeeper] DEBUG com.zaxxer.hikari.pool.HikariPool:[fillPool:510] - HikariPool-1 - Fill pool skipped, pool has sufficient level or currently being filled.
2025-08-30 14:46:08.687 [HikariPool-1 housekeeper] DEBUG com.zaxxer.hikari.pool.HikariPool:[logPoolState:405] - HikariPool-1 - Pool stats (total=10, active=0, idle=10, waiting=0)
2025-08-30 14:46:08.688 [HikariPool-1 housekeeper] DEBUG com.zaxxer.hikari.pool.HikariPool:[fillPool:510] - HikariPool-1 - Fill pool skipped, pool has sufficient level or currently being filled.
2025-08-30 14:46:16.427 [http-nio-8083-exec-1] INFO  o.a.c.core.ContainerBase.[Tomcat].[localhost].[/]:[log:173] - Initializing Spring DispatcherServlet 'dispatcherServlet'
2025-08-30 14:46:16.427 [http-nio-8083-exec-1] INFO  org.springframework.web.servlet.DispatcherServlet:[initServletBean:532] - Initializing Servlet 'dispatcherServlet'
2025-08-30 14:46:16.429 [http-nio-8083-exec-1] INFO  org.springframework.web.servlet.DispatcherServlet:[initServletBean:554] - Completed initialization in 1 ms
2025-08-30 14:46:16.489 [http-nio-8083-exec-1] DEBUG o.springframework.jdbc.datasource.DataSourceUtils:[doGetConnection:117] - Fetching JDBC Connection from DataSource
2025-08-30 14:46:16.550 [http-nio-8083-exec-1] DEBUG feign.template.Template:[resolveExpression:133] - Explicit slash decoding specified, decoding all slashes in uri
2025-08-30 14:46:16.551 [http-nio-8083-exec-1] DEBUG feign.template.Template:[resolveExpression:133] - Explicit slash decoding specified, decoding all slashes in uri
2025-08-30 14:46:16.555 [http-nio-8083-exec-1] DEBUG com.blm.common.feign.OrderServiceClient:[log:72] - [OrderServiceClient#getOrderDetailWithStore] ---> GET http://order-service/internal/orders/store/5/detail?orderId=1 HTTP/1.1
2025-08-30 14:46:16.555 [http-nio-8083-exec-1] DEBUG com.blm.common.feign.OrderServiceClient:[log:72] - [OrderServiceClient#getOrderDetailWithStore] ---> END HTTP (0-byte body)
2025-08-30 14:46:17.697 [http-nio-8083-exec-1] DEBUG com.blm.common.feign.OrderServiceClient:[log:72] - [OrderServiceClient#getOrderDetailWithStore] <--- HTTP/1.1 200 (1140ms)
2025-08-30 14:46:17.697 [http-nio-8083-exec-1] DEBUG com.blm.common.feign.OrderServiceClient:[log:72] - [OrderServiceClient#getOrderDetailWithStore] connection: keep-alive
2025-08-30 14:46:17.697 [http-nio-8083-exec-1] DEBUG com.blm.common.feign.OrderServiceClient:[log:72] - [OrderServiceClient#getOrderDetailWithStore] content-type: application/json
2025-08-30 14:46:17.697 [http-nio-8083-exec-1] DEBUG com.blm.common.feign.OrderServiceClient:[log:72] - [OrderServiceClient#getOrderDetailWithStore] date: Sat, 30 Aug 2025 06:46:17 GMT
2025-08-30 14:46:17.697 [http-nio-8083-exec-1] DEBUG com.blm.common.feign.OrderServiceClient:[log:72] - [OrderServiceClient#getOrderDetailWithStore] keep-alive: timeout=60
2025-08-30 14:46:17.697 [http-nio-8083-exec-1] DEBUG com.blm.common.feign.OrderServiceClient:[log:72] - [OrderServiceClient#getOrderDetailWithStore] transfer-encoding: chunked
2025-08-30 14:46:17.697 [http-nio-8083-exec-1] DEBUG com.blm.common.feign.OrderServiceClient:[log:72] - [OrderServiceClient#getOrderDetailWithStore] 
2025-08-30 14:46:17.698 [http-nio-8083-exec-1] DEBUG com.blm.common.feign.OrderServiceClient:[log:72] - [OrderServiceClient#getOrderDetailWithStore] null
2025-08-30 14:46:17.698 [http-nio-8083-exec-1] DEBUG com.blm.common.feign.OrderServiceClient:[log:72] - [OrderServiceClient#getOrderDetailWithStore] <--- END HTTP (4-byte body)
2025-08-30 14:46:38.701 [HikariPool-1 housekeeper] DEBUG com.zaxxer.hikari.pool.HikariPool:[logPoolState:405] - HikariPool-1 - Pool stats (total=10, active=0, idle=10, waiting=0)
2025-08-30 14:46:38.702 [HikariPool-1 housekeeper] DEBUG com.zaxxer.hikari.pool.HikariPool:[fillPool:510] - HikariPool-1 - Fill pool skipped, pool has sufficient level or currently being filled.
2025-08-30 14:46:46.204 [http-nio-8083-exec-7] DEBUG o.springframework.jdbc.datasource.DataSourceUtils:[doGetConnection:117] - Fetching JDBC Connection from DataSource
2025-08-30 14:46:46.208 [http-nio-8083-exec-7] DEBUG feign.template.Template:[resolveExpression:133] - Explicit slash decoding specified, decoding all slashes in uri
2025-08-30 14:46:46.208 [http-nio-8083-exec-7] DEBUG feign.template.Template:[resolveExpression:133] - Explicit slash decoding specified, decoding all slashes in uri
2025-08-30 14:46:46.208 [http-nio-8083-exec-7] DEBUG feign.template.Template:[resolveExpression:133] - Explicit slash decoding specified, decoding all slashes in uri
2025-08-30 14:46:46.209 [http-nio-8083-exec-7] DEBUG com.blm.common.feign.OrderServiceClient:[log:72] - [OrderServiceClient#updateOrderStatusByStore] ---> PUT http://order-service/internal/orders/1/store/5/status?status=COMPLETED HTTP/1.1
2025-08-30 14:46:46.209 [http-nio-8083-exec-7] DEBUG com.blm.common.feign.OrderServiceClient:[log:72] - [OrderServiceClient#updateOrderStatusByStore] ---> END HTTP (0-byte body)
2025-08-30 14:46:47.248 [http-nio-8083-exec-7] DEBUG com.blm.common.feign.OrderServiceClient:[log:72] - [OrderServiceClient#updateOrderStatusByStore] <--- HTTP/1.1 200 (1038ms)
2025-08-30 14:46:47.248 [http-nio-8083-exec-7] DEBUG com.blm.common.feign.OrderServiceClient:[log:72] - [OrderServiceClient#updateOrderStatusByStore] connection: keep-alive
2025-08-30 14:46:47.249 [http-nio-8083-exec-7] DEBUG com.blm.common.feign.OrderServiceClient:[log:72] - [OrderServiceClient#updateOrderStatusByStore] content-type: application/json
2025-08-30 14:46:47.249 [http-nio-8083-exec-7] DEBUG com.blm.common.feign.OrderServiceClient:[log:72] - [OrderServiceClient#updateOrderStatusByStore] date: Sat, 30 Aug 2025 06:46:47 GMT
2025-08-30 14:46:47.249 [http-nio-8083-exec-7] DEBUG com.blm.common.feign.OrderServiceClient:[log:72] - [OrderServiceClient#updateOrderStatusByStore] keep-alive: timeout=60
2025-08-30 14:46:47.249 [http-nio-8083-exec-7] DEBUG com.blm.common.feign.OrderServiceClient:[log:72] - [OrderServiceClient#updateOrderStatusByStore] transfer-encoding: chunked
2025-08-30 14:46:47.250 [http-nio-8083-exec-7] DEBUG com.blm.common.feign.OrderServiceClient:[log:72] - [OrderServiceClient#updateOrderStatusByStore] 
2025-08-30 14:46:47.250 [http-nio-8083-exec-7] DEBUG com.blm.common.feign.OrderServiceClient:[log:72] - [OrderServiceClient#updateOrderStatusByStore] 0
2025-08-30 14:46:47.250 [http-nio-8083-exec-7] DEBUG com.blm.common.feign.OrderServiceClient:[log:72] - [OrderServiceClient#updateOrderStatusByStore] <--- END HTTP (1-byte body)
2025-08-30 14:47:08.712 [HikariPool-1 housekeeper] DEBUG com.zaxxer.hikari.pool.HikariPool:[logPoolState:405] - HikariPool-1 - Pool stats (total=10, active=0, idle=10, waiting=0)
2025-08-30 14:47:08.713 [HikariPool-1 housekeeper] DEBUG com.zaxxer.hikari.pool.HikariPool:[fillPool:510] - HikariPool-1 - Fill pool skipped, pool has sufficient level or currently being filled.
2025-08-30 14:47:38.717 [HikariPool-1 housekeeper] DEBUG com.zaxxer.hikari.pool.HikariPool:[logPoolState:405] - HikariPool-1 - Pool stats (total=10, active=0, idle=10, waiting=0)
2025-08-30 14:47:38.717 [HikariPool-1 housekeeper] DEBUG com.zaxxer.hikari.pool.HikariPool:[fillPool:510] - HikariPool-1 - Fill pool skipped, pool has sufficient level or currently being filled.
2025-08-30 14:48:08.720 [HikariPool-1 housekeeper] DEBUG com.zaxxer.hikari.pool.HikariPool:[logPoolState:405] - HikariPool-1 - Pool stats (total=10, active=0, idle=10, waiting=0)
2025-08-30 14:48:08.720 [HikariPool-1 housekeeper] DEBUG com.zaxxer.hikari.pool.HikariPool:[fillPool:510] - HikariPool-1 - Fill pool skipped, pool has sufficient level or currently being filled.
2025-08-30 14:48:38.723 [HikariPool-1 housekeeper] DEBUG com.zaxxer.hikari.pool.HikariPool:[logPoolState:405] - HikariPool-1 - Pool stats (total=10, active=0, idle=10, waiting=0)
2025-08-30 14:48:38.723 [HikariPool-1 housekeeper] DEBUG com.zaxxer.hikari.pool.HikariPool:[fillPool:510] - HikariPool-1 - Fill pool skipped, pool has sufficient level or currently being filled.
2025-08-30 14:49:08.726 [HikariPool-1 housekeeper] DEBUG com.zaxxer.hikari.pool.HikariPool:[logPoolState:405] - HikariPool-1 - Pool stats (total=10, active=0, idle=10, waiting=0)
2025-08-30 14:49:08.727 [HikariPool-1 housekeeper] DEBUG com.zaxxer.hikari.pool.HikariPool:[fillPool:510] - HikariPool-1 - Fill pool skipped, pool has sufficient level or currently being filled.
2025-08-30 14:49:38.733 [HikariPool-1 housekeeper] DEBUG com.zaxxer.hikari.pool.HikariPool:[logPoolState:405] - HikariPool-1 - Pool stats (total=10, active=0, idle=10, waiting=0)
2025-08-30 14:49:38.733 [HikariPool-1 housekeeper] DEBUG com.zaxxer.hikari.pool.HikariPool:[fillPool:510] - HikariPool-1 - Fill pool skipped, pool has sufficient level or currently being filled.
2025-08-30 14:50:08.743 [HikariPool-1 housekeeper] DEBUG com.zaxxer.hikari.pool.HikariPool:[logPoolState:405] - HikariPool-1 - Pool stats (total=10, active=0, idle=10, waiting=0)
2025-08-30 14:50:08.744 [HikariPool-1 housekeeper] DEBUG com.zaxxer.hikari.pool.HikariPool:[fillPool:510] - HikariPool-1 - Fill pool skipped, pool has sufficient level or currently being filled.
2025-08-30 14:50:09.323 [AsyncResolver-bootstrap-executor-%d] INFO  c.n.d.shared.resolver.aws.ConfigClusterResolver:[getClusterEndpoints:43] - Resolving eureka endpoints via configuration
2025-08-30 14:50:38.746 [HikariPool-1 housekeeper] DEBUG com.zaxxer.hikari.pool.HikariPool:[logPoolState:405] - HikariPool-1 - Pool stats (total=10, active=0, idle=10, waiting=0)
2025-08-30 14:50:38.746 [HikariPool-1 housekeeper] DEBUG com.zaxxer.hikari.pool.HikariPool:[fillPool:510] - HikariPool-1 - Fill pool skipped, pool has sufficient level or currently being filled.
2025-08-30 14:51:08.756 [HikariPool-1 housekeeper] DEBUG com.zaxxer.hikari.pool.HikariPool:[logPoolState:405] - HikariPool-1 - Pool stats (total=10, active=0, idle=10, waiting=0)
2025-08-30 14:51:08.756 [HikariPool-1 housekeeper] DEBUG com.zaxxer.hikari.pool.HikariPool:[fillPool:510] - HikariPool-1 - Fill pool skipped, pool has sufficient level or currently being filled.
2025-08-30 14:51:38.771 [HikariPool-1 housekeeper] DEBUG com.zaxxer.hikari.pool.HikariPool:[logPoolState:405] - HikariPool-1 - Pool stats (total=10, active=0, idle=10, waiting=0)
2025-08-30 14:51:38.771 [HikariPool-1 housekeeper] DEBUG com.zaxxer.hikari.pool.HikariPool:[fillPool:510] - HikariPool-1 - Fill pool skipped, pool has sufficient level or currently being filled.
2025-08-30 14:52:08.781 [HikariPool-1 housekeeper] DEBUG com.zaxxer.hikari.pool.HikariPool:[logPoolState:405] - HikariPool-1 - Pool stats (total=10, active=0, idle=10, waiting=0)
2025-08-30 14:52:08.781 [HikariPool-1 housekeeper] DEBUG com.zaxxer.hikari.pool.HikariPool:[fillPool:510] - HikariPool-1 - Fill pool skipped, pool has sufficient level or currently being filled.
2025-08-30 14:52:38.792 [HikariPool-1 housekeeper] DEBUG com.zaxxer.hikari.pool.HikariPool:[logPoolState:405] - HikariPool-1 - Pool stats (total=10, active=0, idle=10, waiting=0)
2025-08-30 14:52:38.792 [HikariPool-1 housekeeper] DEBUG com.zaxxer.hikari.pool.HikariPool:[fillPool:510] - HikariPool-1 - Fill pool skipped, pool has sufficient level or currently being filled.
2025-08-30 14:53:08.800 [HikariPool-1 housekeeper] DEBUG com.zaxxer.hikari.pool.HikariPool:[logPoolState:405] - HikariPool-1 - Pool stats (total=10, active=0, idle=10, waiting=0)
2025-08-30 14:53:08.800 [HikariPool-1 housekeeper] DEBUG com.zaxxer.hikari.pool.HikariPool:[fillPool:510] - HikariPool-1 - Fill pool skipped, pool has sufficient level or currently being filled.
2025-08-30 14:53:38.812 [HikariPool-1 housekeeper] DEBUG com.zaxxer.hikari.pool.HikariPool:[logPoolState:405] - HikariPool-1 - Pool stats (total=10, active=0, idle=10, waiting=0)
2025-08-30 14:53:38.812 [HikariPool-1 housekeeper] DEBUG com.zaxxer.hikari.pool.HikariPool:[fillPool:510] - HikariPool-1 - Fill pool skipped, pool has sufficient level or currently being filled.
2025-08-30 14:54:08.820 [HikariPool-1 housekeeper] DEBUG com.zaxxer.hikari.pool.HikariPool:[logPoolState:405] - HikariPool-1 - Pool stats (total=10, active=0, idle=10, waiting=0)
2025-08-30 14:54:08.820 [HikariPool-1 housekeeper] DEBUG com.zaxxer.hikari.pool.HikariPool:[fillPool:510] - HikariPool-1 - Fill pool skipped, pool has sufficient level or currently being filled.
2025-08-30 14:54:38.827 [HikariPool-1 housekeeper] DEBUG com.zaxxer.hikari.pool.HikariPool:[logPoolState:405] - HikariPool-1 - Pool stats (total=10, active=0, idle=10, waiting=0)
2025-08-30 14:54:38.827 [HikariPool-1 housekeeper] DEBUG com.zaxxer.hikari.pool.HikariPool:[fillPool:510] - HikariPool-1 - Fill pool skipped, pool has sufficient level or currently being filled.
2025-08-30 14:55:08.829 [HikariPool-1 housekeeper] DEBUG com.zaxxer.hikari.pool.HikariPool:[logPoolState:405] - HikariPool-1 - Pool stats (total=10, active=0, idle=10, waiting=0)
2025-08-30 14:55:08.829 [HikariPool-1 housekeeper] DEBUG com.zaxxer.hikari.pool.HikariPool:[fillPool:510] - HikariPool-1 - Fill pool skipped, pool has sufficient level or currently being filled.
2025-08-30 14:55:09.326 [AsyncResolver-bootstrap-executor-%d] INFO  c.n.d.shared.resolver.aws.ConfigClusterResolver:[getClusterEndpoints:43] - Resolving eureka endpoints via configuration
2025-08-30 14:55:19.526 [SpringApplicationShutdownHook] INFO  o.s.c.n.e.serviceregistry.EurekaServiceRegistry:[deregister:91] - Unregistering application STORE-SERVICE with eureka with status DOWN
2025-08-30 14:55:19.526 [SpringApplicationShutdownHook] INFO  com.netflix.discovery.DiscoveryClient:[notify:1297] - Saw local status change event StatusChangeEvent [timestamp=1756536919526, current=DOWN, previous=UP]
2025-08-30 14:55:19.526 [DiscoveryClient-InstanceInfoReplicator-%d] INFO  com.netflix.discovery.DiscoveryClient:[register:825] - DiscoveryClient_STORE-SERVICE/SS11041203:store-service:8083: registering service...
2025-08-30 14:55:19.541 [DiscoveryClient-InstanceInfoReplicator-%d] INFO  com.netflix.discovery.DiscoveryClient:[register:834] - DiscoveryClient_STORE-SERVICE/SS11041203:store-service:8083 - registration status: 204
2025-08-30 14:55:19.543 [SpringApplicationShutdownHook] INFO  com.zaxxer.hikari.HikariDataSource:[close:349] - HikariPool-1 - Shutdown initiated...
2025-08-30 14:55:19.543 [SpringApplicationShutdownHook] DEBUG com.zaxxer.hikari.pool.HikariPool:[logPoolState:405] - HikariPool-1 - Before shutdown stats (total=10, active=0, idle=10, waiting=0)
2025-08-30 14:55:19.543 [HikariPool-1 connection closer] DEBUG com.zaxxer.hikari.pool.PoolBase:[quietlyCloseConnection:133] - HikariPool-1 - Closing connection com.mysql.cj.jdbc.ConnectionImpl@656ec00d: (connection evicted)
2025-08-30 14:55:19.547 [HikariPool-1 connection closer] DEBUG com.zaxxer.hikari.pool.PoolBase:[quietlyCloseConnection:133] - HikariPool-1 - Closing connection com.mysql.cj.jdbc.ConnectionImpl@426bd7ae: (connection evicted)
2025-08-30 14:55:19.547 [HikariPool-1 connection closer] DEBUG com.zaxxer.hikari.pool.PoolBase:[quietlyCloseConnection:133] - HikariPool-1 - Closing connection com.mysql.cj.jdbc.ConnectionImpl@356dd95: (connection evicted)
2025-08-30 14:55:19.548 [HikariPool-1 connection closer] DEBUG com.zaxxer.hikari.pool.PoolBase:[quietlyCloseConnection:133] - HikariPool-1 - Closing connection com.mysql.cj.jdbc.ConnectionImpl@321fff0f: (connection evicted)
2025-08-30 14:55:19.548 [HikariPool-1 connection closer] DEBUG com.zaxxer.hikari.pool.PoolBase:[quietlyCloseConnection:133] - HikariPool-1 - Closing connection com.mysql.cj.jdbc.ConnectionImpl@637922da: (connection evicted)
2025-08-30 14:55:19.548 [HikariPool-1 connection closer] DEBUG com.zaxxer.hikari.pool.PoolBase:[quietlyCloseConnection:133] - HikariPool-1 - Closing connection com.mysql.cj.jdbc.ConnectionImpl@2cda32b4: (connection evicted)
2025-08-30 14:55:19.549 [HikariPool-1 connection closer] DEBUG com.zaxxer.hikari.pool.PoolBase:[quietlyCloseConnection:133] - HikariPool-1 - Closing connection com.mysql.cj.jdbc.ConnectionImpl@6737bd1a: (connection evicted)
2025-08-30 14:55:19.549 [HikariPool-1 connection closer] DEBUG com.zaxxer.hikari.pool.PoolBase:[quietlyCloseConnection:133] - HikariPool-1 - Closing connection com.mysql.cj.jdbc.ConnectionImpl@7966b29c: (connection evicted)
2025-08-30 14:55:19.549 [HikariPool-1 connection closer] DEBUG com.zaxxer.hikari.pool.PoolBase:[quietlyCloseConnection:133] - HikariPool-1 - Closing connection com.mysql.cj.jdbc.ConnectionImpl@7f81ec22: (connection evicted)
2025-08-30 14:55:19.549 [HikariPool-1 connection closer] DEBUG com.zaxxer.hikari.pool.PoolBase:[quietlyCloseConnection:133] - HikariPool-1 - Closing connection com.mysql.cj.jdbc.ConnectionImpl@14b59ac2: (connection evicted)
2025-08-30 14:55:19.550 [SpringApplicationShutdownHook] DEBUG com.zaxxer.hikari.pool.HikariPool:[logPoolState:405] - HikariPool-1 - After shutdown stats (total=0, active=0, idle=0, waiting=0)
2025-08-30 14:55:19.550 [SpringApplicationShutdownHook] INFO  com.zaxxer.hikari.HikariDataSource:[close:351] - HikariPool-1 - Shutdown completed.
2025-08-30 14:55:19.550 [SpringApplicationShutdownHook] INFO  com.netflix.discovery.DiscoveryClient:[shutdown:887] - Shutting down DiscoveryClient ...
2025-08-30 14:55:22.562 [SpringApplicationShutdownHook] INFO  com.netflix.discovery.DiscoveryClient:[unregister:918] - Unregistering ...
2025-08-30 14:55:22.564 [SpringApplicationShutdownHook] INFO  com.netflix.discovery.DiscoveryClient:[unregister:920] - DiscoveryClient_STORE-SERVICE/SS11041203:store-service:8083 - deregister  status: 200
2025-08-30 14:55:22.564 [SpringApplicationShutdownHook] INFO  com.netflix.discovery.DiscoveryClient:[shutdown:907] - Completed shut down of DiscoveryClient
2025-08-30 14:55:26.687 [main] INFO  com.blm.store.StoreApplication:[logStarting:50] - Starting StoreApplication using Java 21.0.8 with PID 31584 (D:\BUAA\大二暑假\BLM\store-service\target\classes started by Lenovo in D:\BUAA\大二暑假\BLM)
2025-08-30 14:55:26.691 [main] DEBUG com.blm.store.StoreApplication:[logStarting:51] - Running with Spring Boot v3.3.3, Spring v6.1.12
2025-08-30 14:55:26.692 [main] INFO  com.blm.store.StoreApplication:[logStartupProfileInfo:660] - The following 1 profile is active: "dev"
2025-08-30 14:55:27.061 [main] DEBUG o.s.cloud.openfeign.FeignClientsRegistrar$1:[scanCandidateComponents:476] - Identified candidate component class: file [D:\BUAA\大二暑假\BLM\common\target\classes\com\blm\common\feign\OrderServiceClient.class]
2025-08-30 14:55:27.062 [main] DEBUG o.s.cloud.openfeign.FeignClientsRegistrar$1:[scanCandidateComponents:476] - Identified candidate component class: file [D:\BUAA\大二暑假\BLM\common\target\classes\com\blm\common\feign\RiderServiceClient.class]
2025-08-30 14:55:27.062 [main] DEBUG o.s.cloud.openfeign.FeignClientsRegistrar$1:[scanCandidateComponents:476] - Identified candidate component class: file [D:\BUAA\大二暑假\BLM\common\target\classes\com\blm\common\feign\StoreServiceClient.class]
2025-08-30 14:55:27.062 [main] DEBUG o.s.cloud.openfeign.FeignClientsRegistrar$1:[scanCandidateComponents:476] - Identified candidate component class: file [D:\BUAA\大二暑假\BLM\common\target\classes\com\blm\common\feign\UserServiceClient.class]
2025-08-30 14:55:27.135 [main] DEBUG o.m.s.boot.autoconfigure.MybatisAutoConfiguration:[registerBeanDefinitions:247] - Searching for mappers annotated with @Mapper
2025-08-30 14:55:27.136 [main] DEBUG o.m.s.boot.autoconfigure.MybatisAutoConfiguration:[lambda$registerBeanDefinitions$0:251] - Using auto-configuration base package 'com.blm.store'
2025-08-30 14:55:27.256 [main] DEBUG org.apache.ibatis.logging.LogFactory:[setImplementation:112] - Logging initialized using 'class org.apache.ibatis.logging.slf4j.Slf4jImpl' adapter.
2025-08-30 14:55:27.259 [main] DEBUG org.mybatis.spring.mapper.ClassPathMapperScanner:[scanCandidateComponents:476] - Identified candidate component class: file [D:\BUAA\大二暑假\BLM\store-service\target\classes\com\blm\store\repository\FoodCategoryRepository.class]
2025-08-30 14:55:27.259 [main] DEBUG org.mybatis.spring.mapper.ClassPathMapperScanner:[scanCandidateComponents:476] - Identified candidate component class: file [D:\BUAA\大二暑假\BLM\store-service\target\classes\com\blm\store\repository\FoodRepository.class]
2025-08-30 14:55:27.259 [main] DEBUG org.mybatis.spring.mapper.ClassPathMapperScanner:[scanCandidateComponents:476] - Identified candidate component class: file [D:\BUAA\大二暑假\BLM\store-service\target\classes\com\blm\store\repository\PromotionRepository.class]
2025-08-30 14:55:27.259 [main] DEBUG org.mybatis.spring.mapper.ClassPathMapperScanner:[scanCandidateComponents:476] - Identified candidate component class: file [D:\BUAA\大二暑假\BLM\store-service\target\classes\com\blm\store\repository\StoreCategoryRepository.class]
2025-08-30 14:55:27.259 [main] DEBUG org.mybatis.spring.mapper.ClassPathMapperScanner:[scanCandidateComponents:476] - Identified candidate component class: file [D:\BUAA\大二暑假\BLM\store-service\target\classes\com\blm\store\repository\StoreRepository.class]
2025-08-30 14:55:27.260 [main] DEBUG org.mybatis.spring.mapper.ClassPathMapperScanner:[debug:49] - Creating MapperFactoryBean with name 'foodCategoryRepository' and 'com.blm.store.repository.FoodCategoryRepository' mapperInterface
2025-08-30 14:55:27.261 [main] DEBUG org.mybatis.spring.mapper.ClassPathMapperScanner:[debug:49] - Creating MapperFactoryBean with name 'foodRepository' and 'com.blm.store.repository.FoodRepository' mapperInterface
2025-08-30 14:55:27.261 [main] DEBUG org.mybatis.spring.mapper.ClassPathMapperScanner:[debug:49] - Creating MapperFactoryBean with name 'promotionRepository' and 'com.blm.store.repository.PromotionRepository' mapperInterface
2025-08-30 14:55:27.261 [main] DEBUG org.mybatis.spring.mapper.ClassPathMapperScanner:[debug:49] - Creating MapperFactoryBean with name 'storeCategoryRepository' and 'com.blm.store.repository.StoreCategoryRepository' mapperInterface
2025-08-30 14:55:27.261 [main] DEBUG org.mybatis.spring.mapper.ClassPathMapperScanner:[debug:49] - Creating MapperFactoryBean with name 'storeRepository' and 'com.blm.store.repository.StoreRepository' mapperInterface
2025-08-30 14:55:27.313 [main] INFO  o.springframework.cloud.context.scope.GenericScope:[setSerializationId:282] - BeanFactory id=9af39289-17b3-3793-86a2-4e31d680bb05
2025-08-30 14:55:27.418 [main] WARN  o.s.c.s.PostProcessorRegistrationDelegate$BeanPostProcessorChecker:[postProcessAfterInitialization:429] - Bean 'org.springframework.cloud.client.loadbalancer.LoadBalancerAutoConfiguration$DeferringLoadBalancerInterceptorConfig' of type [org.springframework.cloud.client.loadbalancer.LoadBalancerAutoConfiguration$DeferringLoadBalancerInterceptorConfig] is not eligible for getting processed by all BeanPostProcessors (for example: not eligible for auto-proxying). The currently created BeanPostProcessor [lbRestClientPostProcessor] is declared through a non-static factory method on that class; consider declaring it as static instead.
2025-08-30 14:55:27.419 [main] WARN  o.s.c.s.PostProcessorRegistrationDelegate$BeanPostProcessorChecker:[postProcessAfterInitialization:437] - Bean 'deferringLoadBalancerInterceptor' of type [org.springframework.cloud.client.loadbalancer.DeferringLoadBalancerInterceptor] is not eligible for getting processed by all BeanPostProcessors (for example: not eligible for auto-proxying). Is this bean getting eagerly injected into a currently created BeanPostProcessor [lbRestClientPostProcessor]? Check the corresponding BeanPostProcessor declaration and its dependencies.
2025-08-30 14:55:27.571 [main] INFO  o.s.boot.web.embedded.tomcat.TomcatWebServer:[initialize:111] - Tomcat initialized with port 8083 (http)
2025-08-30 14:55:27.579 [main] INFO  org.apache.catalina.core.StandardService:[log:173] - Starting service [Tomcat]
2025-08-30 14:55:27.580 [main] INFO  org.apache.catalina.core.StandardEngine:[log:173] - Starting Servlet engine: [Apache Tomcat/10.1.28]
2025-08-30 14:55:27.634 [main] INFO  o.a.c.core.ContainerBase.[Tomcat].[localhost].[/]:[log:173] - Initializing Spring embedded WebApplicationContext
2025-08-30 14:55:27.634 [main] INFO  o.s.b.w.s.c.ServletWebServerApplicationContext:[prepareWebApplicationContext:296] - Root WebApplicationContext: initialization completed in 915 ms
2025-08-30 14:55:27.674 [main] DEBUG com.zaxxer.hikari.HikariConfig:[attemptFromContextLoader:974] - Driver class com.mysql.cj.jdbc.Driver found in Thread context class loader jdk.internal.loader.ClassLoaders$AppClassLoader@36baf30c
2025-08-30 14:55:27.694 [main] DEBUG o.springframework.jdbc.datasource.DataSourceUtils:[doGetConnection:117] - Fetching JDBC Connection from DataSource
2025-08-30 14:55:27.695 [main] DEBUG com.zaxxer.hikari.HikariConfig:[logConfiguration:1106] - HikariPool-1 - configuration:
2025-08-30 14:55:27.697 [main] DEBUG com.zaxxer.hikari.HikariConfig:[logConfiguration:1138] - allowPoolSuspension.............false
2025-08-30 14:55:27.697 [main] DEBUG com.zaxxer.hikari.HikariConfig:[logConfiguration:1138] - autoCommit......................true
2025-08-30 14:55:27.697 [main] DEBUG com.zaxxer.hikari.HikariConfig:[logConfiguration:1138] - catalog.........................none
2025-08-30 14:55:27.697 [main] DEBUG com.zaxxer.hikari.HikariConfig:[logConfiguration:1138] - connectionInitSql...............none
2025-08-30 14:55:27.698 [main] DEBUG com.zaxxer.hikari.HikariConfig:[logConfiguration:1138] - connectionTestQuery.............none
2025-08-30 14:55:27.698 [main] DEBUG com.zaxxer.hikari.HikariConfig:[logConfiguration:1138] - connectionTimeout...............30000
2025-08-30 14:55:27.698 [main] DEBUG com.zaxxer.hikari.HikariConfig:[logConfiguration:1138] - dataSource......................none
2025-08-30 14:55:27.698 [main] DEBUG com.zaxxer.hikari.HikariConfig:[logConfiguration:1138] - dataSourceClassName.............none
2025-08-30 14:55:27.698 [main] DEBUG com.zaxxer.hikari.HikariConfig:[logConfiguration:1138] - dataSourceJNDI..................none
2025-08-30 14:55:27.698 [main] DEBUG com.zaxxer.hikari.HikariConfig:[logConfiguration:1138] - dataSourceProperties............{password=<masked>}
2025-08-30 14:55:27.698 [main] DEBUG com.zaxxer.hikari.HikariConfig:[logConfiguration:1138] - driverClassName................."com.mysql.cj.jdbc.Driver"
2025-08-30 14:55:27.699 [main] DEBUG com.zaxxer.hikari.HikariConfig:[logConfiguration:1138] - exceptionOverrideClassName......none
2025-08-30 14:55:27.699 [main] DEBUG com.zaxxer.hikari.HikariConfig:[logConfiguration:1138] - healthCheckProperties...........{}
2025-08-30 14:55:27.699 [main] DEBUG com.zaxxer.hikari.HikariConfig:[logConfiguration:1138] - healthCheckRegistry.............none
2025-08-30 14:55:27.699 [main] DEBUG com.zaxxer.hikari.HikariConfig:[logConfiguration:1138] - idleTimeout.....................600000
2025-08-30 14:55:27.699 [main] DEBUG com.zaxxer.hikari.HikariConfig:[logConfiguration:1138] - initializationFailTimeout.......1
2025-08-30 14:55:27.699 [main] DEBUG com.zaxxer.hikari.HikariConfig:[logConfiguration:1138] - isolateInternalQueries..........false
2025-08-30 14:55:27.699 [main] DEBUG com.zaxxer.hikari.HikariConfig:[logConfiguration:1138] - jdbcUrl.........................jdbc:mysql://localhost:3306/store_db?useUnicode=true&characterEncoding=utf-8&useSSL=false&serverTimezone=UTC
2025-08-30 14:55:27.699 [main] DEBUG com.zaxxer.hikari.HikariConfig:[logConfiguration:1138] - keepaliveTime...................0
2025-08-30 14:55:27.699 [main] DEBUG com.zaxxer.hikari.HikariConfig:[logConfiguration:1138] - leakDetectionThreshold..........0
2025-08-30 14:55:27.699 [main] DEBUG com.zaxxer.hikari.HikariConfig:[logConfiguration:1138] - maxLifetime.....................1800000
2025-08-30 14:55:27.699 [main] DEBUG com.zaxxer.hikari.HikariConfig:[logConfiguration:1138] - maximumPoolSize.................10
2025-08-30 14:55:27.700 [main] DEBUG com.zaxxer.hikari.HikariConfig:[logConfiguration:1138] - metricRegistry..................none
2025-08-30 14:55:27.700 [main] DEBUG com.zaxxer.hikari.HikariConfig:[logConfiguration:1138] - metricsTrackerFactory...........none
2025-08-30 14:55:27.700 [main] DEBUG com.zaxxer.hikari.HikariConfig:[logConfiguration:1138] - minimumIdle.....................10
2025-08-30 14:55:27.700 [main] DEBUG com.zaxxer.hikari.HikariConfig:[logConfiguration:1138] - password........................<masked>
2025-08-30 14:55:27.700 [main] DEBUG com.zaxxer.hikari.HikariConfig:[logConfiguration:1138] - poolName........................"HikariPool-1"
2025-08-30 14:55:27.700 [main] DEBUG com.zaxxer.hikari.HikariConfig:[logConfiguration:1138] - readOnly........................false
2025-08-30 14:55:27.700 [main] DEBUG com.zaxxer.hikari.HikariConfig:[logConfiguration:1138] - registerMbeans..................false
2025-08-30 14:55:27.700 [main] DEBUG com.zaxxer.hikari.HikariConfig:[logConfiguration:1138] - scheduledExecutor...............none
2025-08-30 14:55:27.701 [main] DEBUG com.zaxxer.hikari.HikariConfig:[logConfiguration:1138] - schema..........................none
2025-08-30 14:55:27.701 [main] DEBUG com.zaxxer.hikari.HikariConfig:[logConfiguration:1138] - threadFactory...................internal
2025-08-30 14:55:27.701 [main] DEBUG com.zaxxer.hikari.HikariConfig:[logConfiguration:1138] - transactionIsolation............default
2025-08-30 14:55:27.701 [main] DEBUG com.zaxxer.hikari.HikariConfig:[logConfiguration:1138] - username........................"root"
2025-08-30 14:55:27.701 [main] DEBUG com.zaxxer.hikari.HikariConfig:[logConfiguration:1138] - validationTimeout...............5000
2025-08-30 14:55:27.702 [main] INFO  com.zaxxer.hikari.HikariDataSource:[getConnection:109] - HikariPool-1 - Starting...
2025-08-30 14:55:27.782 [main] INFO  com.zaxxer.hikari.pool.HikariPool:[checkFailFast:554] - HikariPool-1 - Added connection com.mysql.cj.jdbc.ConnectionImpl@45cd8607
2025-08-30 14:55:27.783 [main] INFO  com.zaxxer.hikari.HikariDataSource:[getConnection:122] - HikariPool-1 - Start completed.
2025-08-30 14:55:27.889 [main] DEBUG org.mybatis.spring.SqlSessionFactoryBean:[debug:49] - Parsed mapper file: 'file [D:\BUAA\大二暑假\BLM\store-service\target\classes\mapper\FoodMapper.xml]'
2025-08-30 14:55:27.896 [HikariPool-1 housekeeper] DEBUG com.zaxxer.hikari.pool.HikariPool:[logPoolState:405] - HikariPool-1 - Pool stats (total=1, active=0, idle=1, waiting=0)
2025-08-30 14:55:27.898 [main] DEBUG org.mybatis.spring.SqlSessionFactoryBean:[debug:49] - Parsed mapper file: 'file [D:\BUAA\大二暑假\BLM\store-service\target\classes\mapper\PromotionMapper.xml]'
2025-08-30 14:55:27.899 [HikariPool-1 connection adder] DEBUG com.zaxxer.hikari.pool.HikariPool:[call:728] - HikariPool-1 - Added connection com.mysql.cj.jdbc.ConnectionImpl@723daeb3
2025-08-30 14:55:27.908 [main] DEBUG org.mybatis.spring.SqlSessionFactoryBean:[debug:49] - Parsed mapper file: 'file [D:\BUAA\大二暑假\BLM\store-service\target\classes\mapper\StoreMapper.xml]'
2025-08-30 14:55:27.916 [main] DEBUG o.s.cloud.openfeign.FeignClientFactoryBean:[<init>:125] - Creating a FeignClientFactoryBean.
2025-08-30 14:55:27.943 [HikariPool-1 connection adder] DEBUG com.zaxxer.hikari.pool.HikariPool:[logPoolState:405] - HikariPool-1 - After adding stats (total=2, active=0, idle=2, waiting=0)
2025-08-30 14:55:27.946 [HikariPool-1 connection adder] DEBUG com.zaxxer.hikari.pool.HikariPool:[call:728] - HikariPool-1 - Added connection com.mysql.cj.jdbc.ConnectionImpl@3300a488
2025-08-30 14:55:27.990 [HikariPool-1 connection adder] DEBUG com.zaxxer.hikari.pool.HikariPool:[logPoolState:405] - HikariPool-1 - After adding stats (total=3, active=0, idle=3, waiting=0)
2025-08-30 14:55:27.993 [HikariPool-1 connection adder] DEBUG com.zaxxer.hikari.pool.HikariPool:[call:728] - HikariPool-1 - Added connection com.mysql.cj.jdbc.ConnectionImpl@279f02b
2025-08-30 14:55:28.036 [HikariPool-1 connection adder] DEBUG com.zaxxer.hikari.pool.HikariPool:[logPoolState:405] - HikariPool-1 - After adding stats (total=4, active=0, idle=4, waiting=0)
2025-08-30 14:55:28.039 [HikariPool-1 connection adder] DEBUG com.zaxxer.hikari.pool.HikariPool:[call:728] - HikariPool-1 - Added connection com.mysql.cj.jdbc.ConnectionImpl@532f5bc7
2025-08-30 14:55:28.067 [main] INFO  o.s.cloud.openfeign.FeignClientFactoryBean:[getTarget:468] - For 'order-service' URL not provided. Will try picking an instance via load-balancing.
2025-08-30 14:55:28.083 [HikariPool-1 connection adder] DEBUG com.zaxxer.hikari.pool.HikariPool:[logPoolState:405] - HikariPool-1 - After adding stats (total=5, active=0, idle=5, waiting=0)
2025-08-30 14:55:28.085 [HikariPool-1 connection adder] DEBUG com.zaxxer.hikari.pool.HikariPool:[call:728] - HikariPool-1 - Added connection com.mysql.cj.jdbc.ConnectionImpl@7735953f
2025-08-30 14:55:28.128 [main] DEBUG o.s.cloud.openfeign.FeignClientFactoryBean:[<init>:125] - Creating a FeignClientFactoryBean.
2025-08-30 14:55:28.130 [HikariPool-1 connection adder] DEBUG com.zaxxer.hikari.pool.HikariPool:[logPoolState:405] - HikariPool-1 - After adding stats (total=6, active=0, idle=6, waiting=0)
2025-08-30 14:55:28.132 [HikariPool-1 connection adder] DEBUG com.zaxxer.hikari.pool.HikariPool:[call:728] - HikariPool-1 - Added connection com.mysql.cj.jdbc.ConnectionImpl@5761e451
2025-08-30 14:55:28.135 [main] INFO  o.s.cloud.openfeign.FeignClientFactoryBean:[getTarget:468] - For 'user-service' URL not provided. Will try picking an instance via load-balancing.
2025-08-30 14:55:28.151 [main] DEBUG o.s.cloud.openfeign.FeignClientFactoryBean:[<init>:125] - Creating a FeignClientFactoryBean.
2025-08-30 14:55:28.152 [main] DEBUG o.s.cloud.openfeign.FeignClientFactoryBean:[<init>:125] - Creating a FeignClientFactoryBean.
2025-08-30 14:55:28.176 [HikariPool-1 connection adder] DEBUG com.zaxxer.hikari.pool.HikariPool:[logPoolState:405] - HikariPool-1 - After adding stats (total=7, active=0, idle=7, waiting=0)
2025-08-30 14:55:28.179 [HikariPool-1 connection adder] DEBUG com.zaxxer.hikari.pool.HikariPool:[call:728] - HikariPool-1 - Added connection com.mysql.cj.jdbc.ConnectionImpl@300da7c8
2025-08-30 14:55:28.224 [HikariPool-1 connection adder] DEBUG com.zaxxer.hikari.pool.HikariPool:[logPoolState:405] - HikariPool-1 - After adding stats (total=8, active=0, idle=8, waiting=0)
2025-08-30 14:55:28.227 [HikariPool-1 connection adder] DEBUG com.zaxxer.hikari.pool.HikariPool:[call:728] - HikariPool-1 - Added connection com.mysql.cj.jdbc.ConnectionImpl@5d530796
2025-08-30 14:55:28.270 [HikariPool-1 connection adder] DEBUG com.zaxxer.hikari.pool.HikariPool:[logPoolState:405] - HikariPool-1 - After adding stats (total=9, active=0, idle=9, waiting=0)
2025-08-30 14:55:28.273 [HikariPool-1 connection adder] DEBUG com.zaxxer.hikari.pool.HikariPool:[call:728] - HikariPool-1 - Added connection com.mysql.cj.jdbc.ConnectionImpl@3991022c
2025-08-30 14:55:28.314 [main] DEBUG o.m.s.boot.autoconfigure.MybatisAutoConfiguration:[afterPropertiesSet:319] - Not found configuration for registering mapper bean using @MapperScan, MapperFactoryBean and MapperScannerConfigurer.
2025-08-30 14:55:28.317 [HikariPool-1 connection adder] DEBUG com.zaxxer.hikari.pool.HikariPool:[logPoolState:405] - HikariPool-1 - After adding stats (total=10, active=0, idle=10, waiting=0)
2025-08-30 14:55:28.415 [main] INFO  o.s.c.n.e.c.DiscoveryClientOptionalArgsConfiguration:[restTemplateDiscoveryClientOptionalArgs:80] - Eureka HTTP Client uses RestTemplate.
2025-08-30 14:55:28.427 [main] WARN  o.s.c.l.c.LoadBalancerCacheAutoConfiguration$LoadBalancerCaffeineWarnLogger:[afterPropertiesSet:94] - Spring Cloud LoadBalancer is currently working with the default cache. While this cache implementation is useful for development and tests, it's recommended to use Caffeine cache in production.You can switch to using Caffeine cache, by adding it and org.springframework.cache.caffeine.CaffeineCacheManager to the classpath.
2025-08-30 14:55:28.460 [main] INFO  o.s.cloud.netflix.eureka.InstanceInfoFactory:[create:67] - Setting initial instance status as: STARTING
2025-08-30 14:55:28.473 [main] INFO  com.netflix.discovery.DiscoveryClient:[<init>:329] - Initializing Eureka in region us-east-1
2025-08-30 14:55:28.475 [main] INFO  c.n.d.shared.resolver.aws.ConfigClusterResolver:[getClusterEndpoints:43] - Resolving eureka endpoints via configuration
2025-08-30 14:55:28.480 [main] INFO  com.netflix.discovery.DiscoveryClient:[fetchRegistry:954] - Disable delta property : false
2025-08-30 14:55:28.480 [main] INFO  com.netflix.discovery.DiscoveryClient:[fetchRegistry:955] - Single vip registry refresh property : null
2025-08-30 14:55:28.480 [main] INFO  com.netflix.discovery.DiscoveryClient:[fetchRegistry:956] - Force full registry fetch : false
2025-08-30 14:55:28.480 [main] INFO  com.netflix.discovery.DiscoveryClient:[fetchRegistry:957] - Application is null : false
2025-08-30 14:55:28.480 [main] INFO  com.netflix.discovery.DiscoveryClient:[fetchRegistry:958] - Registered Applications size is zero : true
2025-08-30 14:55:28.480 [main] INFO  com.netflix.discovery.DiscoveryClient:[fetchRegistry:960] - Application version is -1: true
2025-08-30 14:55:28.480 [main] INFO  com.netflix.discovery.DiscoveryClient:[getAndStoreFullRegistry:1042] - Getting all instance registry info from the eureka server
2025-08-30 14:55:28.692 [main] INFO  com.netflix.discovery.DiscoveryClient:[getAndStoreFullRegistry:1051] - The response status is 200
2025-08-30 14:55:28.693 [main] INFO  com.netflix.discovery.DiscoveryClient:[initScheduledTasks:1266] - Starting heartbeat executor: renew interval is: 10
2025-08-30 14:55:28.694 [main] INFO  com.netflix.discovery.InstanceInfoReplicator:[<init>:64] - InstanceInfoReplicator onDemand update allowed rate per min is 4
2025-08-30 14:55:28.695 [main] INFO  com.netflix.discovery.DiscoveryClient:[<init>:455] - Discovery Client initialized at timestamp 1756536928694 with initial instances count: 4
2025-08-30 14:55:28.697 [main] INFO  o.s.c.n.e.serviceregistry.EurekaServiceRegistry:[register:70] - Registering application STORE-SERVICE with eureka with status UP
2025-08-30 14:55:28.697 [main] INFO  com.netflix.discovery.DiscoveryClient:[notify:1297] - Saw local status change event StatusChangeEvent [timestamp=1756536928697, current=UP, previous=STARTING]
2025-08-30 14:55:28.698 [DiscoveryClient-InstanceInfoReplicator-%d] INFO  com.netflix.discovery.DiscoveryClient:[register:825] - DiscoveryClient_STORE-SERVICE/SS11041203:store-service:8083: registering service...
2025-08-30 14:55:28.708 [main] INFO  o.s.boot.web.embedded.tomcat.TomcatWebServer:[start:243] - Tomcat started on port 8083 (http) with context path '/'
2025-08-30 14:55:28.709 [main] INFO  o.s.c.n.e.s.EurekaAutoServiceRegistration:[onApplicationEvent:150] - Updating port to 8083
2025-08-30 14:55:28.719 [DiscoveryClient-InstanceInfoReplicator-%d] INFO  com.netflix.discovery.DiscoveryClient:[register:834] - DiscoveryClient_STORE-SERVICE/SS11041203:store-service:8083 - registration status: 204
2025-08-30 14:55:28.719 [main] INFO  com.blm.store.StoreApplication:[logStarted:56] - Started StoreApplication in 2.367 seconds (process running for 2.86)
2025-08-30 14:55:57.899 [HikariPool-1 housekeeper] DEBUG com.zaxxer.hikari.pool.HikariPool:[logPoolState:405] - HikariPool-1 - Pool stats (total=10, active=0, idle=10, waiting=0)
2025-08-30 14:55:57.899 [HikariPool-1 housekeeper] DEBUG com.zaxxer.hikari.pool.HikariPool:[fillPool:510] - HikariPool-1 - Fill pool skipped, pool has sufficient level or currently being filled.
2025-08-30 14:56:27.907 [HikariPool-1 housekeeper] DEBUG com.zaxxer.hikari.pool.HikariPool:[logPoolState:405] - HikariPool-1 - Pool stats (total=10, active=0, idle=10, waiting=0)
2025-08-30 14:56:27.908 [HikariPool-1 housekeeper] DEBUG com.zaxxer.hikari.pool.HikariPool:[fillPool:510] - HikariPool-1 - Fill pool skipped, pool has sufficient level or currently being filled.
2025-08-30 14:56:57.916 [HikariPool-1 housekeeper] DEBUG com.zaxxer.hikari.pool.HikariPool:[logPoolState:405] - HikariPool-1 - Pool stats (total=10, active=0, idle=10, waiting=0)
2025-08-30 14:56:57.916 [HikariPool-1 housekeeper] DEBUG com.zaxxer.hikari.pool.HikariPool:[fillPool:510] - HikariPool-1 - Fill pool skipped, pool has sufficient level or currently being filled.
2025-08-30 14:57:04.195 [http-nio-8083-exec-1] INFO  o.a.c.core.ContainerBase.[Tomcat].[localhost].[/]:[log:173] - Initializing Spring DispatcherServlet 'dispatcherServlet'
2025-08-30 14:57:04.195 [http-nio-8083-exec-1] INFO  org.springframework.web.servlet.DispatcherServlet:[initServletBean:532] - Initializing Servlet 'dispatcherServlet'
2025-08-30 14:57:04.196 [http-nio-8083-exec-1] INFO  org.springframework.web.servlet.DispatcherServlet:[initServletBean:554] - Completed initialization in 1 ms
2025-08-30 14:57:04.674 [http-nio-8083-exec-4] INFO  org.springdoc.api.AbstractOpenApiResource:[getOpenApi:387] - Init duration for springdoc-openapi is: 322 ms
2025-08-30 14:57:27.918 [HikariPool-1 housekeeper] DEBUG com.zaxxer.hikari.pool.HikariPool:[logPoolState:405] - HikariPool-1 - Pool stats (total=10, active=0, idle=10, waiting=0)
2025-08-30 14:57:27.919 [HikariPool-1 housekeeper] DEBUG com.zaxxer.hikari.pool.HikariPool:[fillPool:510] - HikariPool-1 - Fill pool skipped, pool has sufficient level or currently being filled.
2025-08-30 14:57:44.968 [http-nio-8083-exec-5] DEBUG o.springframework.jdbc.datasource.DataSourceUtils:[doGetConnection:117] - Fetching JDBC Connection from DataSource
2025-08-30 14:57:45.004 [http-nio-8083-exec-5] DEBUG o.springframework.jdbc.datasource.DataSourceUtils:[doGetConnection:117] - Fetching JDBC Connection from DataSource
2025-08-30 14:57:57.935 [HikariPool-1 housekeeper] DEBUG com.zaxxer.hikari.pool.HikariPool:[logPoolState:405] - HikariPool-1 - Pool stats (total=10, active=0, idle=10, waiting=0)
2025-08-30 14:57:57.935 [HikariPool-1 housekeeper] DEBUG com.zaxxer.hikari.pool.HikariPool:[fillPool:510] - HikariPool-1 - Fill pool skipped, pool has sufficient level or currently being filled.
2025-08-30 14:58:27.936 [HikariPool-1 housekeeper] DEBUG com.zaxxer.hikari.pool.HikariPool:[logPoolState:405] - HikariPool-1 - Pool stats (total=10, active=0, idle=10, waiting=0)
2025-08-30 14:58:27.937 [HikariPool-1 housekeeper] DEBUG com.zaxxer.hikari.pool.HikariPool:[fillPool:510] - HikariPool-1 - Fill pool skipped, pool has sufficient level or currently being filled.
2025-08-30 14:58:52.519 [http-nio-8083-exec-4] DEBUG o.s.jdbc.support.JdbcTransactionManager:[getTransaction:402] - Creating new transaction with name [com.blm.store.service.impl.MerchantFoodServiceImpl.createFood]: PROPAGATION_REQUIRED,ISOLATION_DEFAULT
2025-08-30 14:58:52.521 [http-nio-8083-exec-4] DEBUG o.s.jdbc.support.JdbcTransactionManager:[doBegin:271] - Acquired Connection [HikariProxyConnection@1224139160 wrapping com.mysql.cj.jdbc.ConnectionImpl@45cd8607] for JDBC transaction
2025-08-30 14:58:52.523 [http-nio-8083-exec-4] DEBUG o.s.jdbc.support.JdbcTransactionManager:[doBegin:289] - Switching JDBC Connection [HikariProxyConnection@1224139160 wrapping com.mysql.cj.jdbc.ConnectionImpl@45cd8607] to manual commit
2025-08-30 14:58:52.546 [http-nio-8083-exec-4] DEBUG o.s.jdbc.support.JdbcTransactionManager:[processCommit:790] - Initiating transaction commit
2025-08-30 14:58:52.547 [http-nio-8083-exec-4] DEBUG o.s.jdbc.support.JdbcTransactionManager:[doCommit:334] - Committing JDBC transaction on Connection [HikariProxyConnection@1224139160 wrapping com.mysql.cj.jdbc.ConnectionImpl@45cd8607]
2025-08-30 14:58:52.553 [http-nio-8083-exec-4] DEBUG o.s.jdbc.support.JdbcTransactionManager:[doCleanupAfterCompletion:393] - Releasing JDBC Connection [HikariProxyConnection@1224139160 wrapping com.mysql.cj.jdbc.ConnectionImpl@45cd8607] after transaction
2025-08-30 14:58:57.953 [HikariPool-1 housekeeper] DEBUG com.zaxxer.hikari.pool.HikariPool:[logPoolState:405] - HikariPool-1 - Pool stats (total=10, active=0, idle=10, waiting=0)
2025-08-30 14:58:57.953 [HikariPool-1 housekeeper] DEBUG com.zaxxer.hikari.pool.HikariPool:[fillPool:510] - HikariPool-1 - Fill pool skipped, pool has sufficient level or currently being filled.
2025-08-30 14:59:12.040 [http-nio-8083-exec-6] DEBUG o.springframework.jdbc.datasource.DataSourceUtils:[doGetConnection:117] - Fetching JDBC Connection from DataSource
2025-08-30 14:59:12.045 [http-nio-8083-exec-6] DEBUG o.springframework.jdbc.datasource.DataSourceUtils:[doGetConnection:117] - Fetching JDBC Connection from DataSource
2025-08-30 14:59:27.954 [HikariPool-1 housekeeper] DEBUG com.zaxxer.hikari.pool.HikariPool:[logPoolState:405] - HikariPool-1 - Pool stats (total=10, active=0, idle=10, waiting=0)
2025-08-30 14:59:27.955 [HikariPool-1 housekeeper] DEBUG com.zaxxer.hikari.pool.HikariPool:[fillPool:510] - HikariPool-1 - Fill pool skipped, pool has sufficient level or currently being filled.
2025-08-30 14:59:28.134 [http-nio-8083-exec-7] DEBUG o.springframework.jdbc.datasource.DataSourceUtils:[doGetConnection:117] - Fetching JDBC Connection from DataSource
2025-08-30 14:59:28.137 [http-nio-8083-exec-7] DEBUG o.springframework.jdbc.datasource.DataSourceUtils:[doGetConnection:117] - Fetching JDBC Connection from DataSource
2025-08-30 14:59:39.846 [http-nio-8083-exec-8] DEBUG o.springframework.jdbc.datasource.DataSourceUtils:[doGetConnection:117] - Fetching JDBC Connection from DataSource
2025-08-30 14:59:52.644 [http-nio-8083-exec-10] DEBUG o.springframework.jdbc.datasource.DataSourceUtils:[doGetConnection:117] - Fetching JDBC Connection from DataSource
2025-08-30 14:59:57.966 [HikariPool-1 housekeeper] DEBUG com.zaxxer.hikari.pool.HikariPool:[logPoolState:405] - HikariPool-1 - Pool stats (total=10, active=0, idle=10, waiting=0)
2025-08-30 14:59:57.966 [HikariPool-1 housekeeper] DEBUG com.zaxxer.hikari.pool.HikariPool:[fillPool:510] - HikariPool-1 - Fill pool skipped, pool has sufficient level or currently being filled.
2025-08-30 15:00:05.367 [http-nio-8083-exec-9] DEBUG o.springframework.jdbc.datasource.DataSourceUtils:[doGetConnection:117] - Fetching JDBC Connection from DataSource
2025-08-30 15:00:05.371 [http-nio-8083-exec-9] DEBUG feign.template.Template:[resolveExpression:133] - Explicit slash decoding specified, decoding all slashes in uri
2025-08-30 15:00:05.371 [http-nio-8083-exec-9] DEBUG feign.template.Template:[resolveExpression:133] - Explicit slash decoding specified, decoding all slashes in uri
2025-08-30 15:00:05.371 [http-nio-8083-exec-9] DEBUG feign.template.Template:[resolveExpression:133] - Explicit slash decoding specified, decoding all slashes in uri
2025-08-30 15:00:05.371 [http-nio-8083-exec-9] DEBUG feign.template.Template:[resolveExpression:133] - Explicit slash decoding specified, decoding all slashes in uri
2025-08-30 15:00:05.374 [http-nio-8083-exec-9] DEBUG com.blm.common.feign.OrderServiceClient:[log:72] - [OrderServiceClient#getReviewsByStoreIdAndRating] ---> GET http://order-service/internal/orders/reviews/store/5/rate?rating=5&page=0&size=10 HTTP/1.1
2025-08-30 15:00:05.375 [http-nio-8083-exec-9] DEBUG com.blm.common.feign.OrderServiceClient:[log:72] - [OrderServiceClient#getReviewsByStoreIdAndRating] ---> END HTTP (0-byte body)
2025-08-30 15:00:06.504 [http-nio-8083-exec-9] DEBUG com.blm.common.feign.OrderServiceClient:[log:72] - [OrderServiceClient#getReviewsByStoreIdAndRating] <--- HTTP/1.1 200 (1129ms)
2025-08-30 15:00:06.505 [http-nio-8083-exec-9] DEBUG com.blm.common.feign.OrderServiceClient:[log:72] - [OrderServiceClient#getReviewsByStoreIdAndRating] connection: keep-alive
2025-08-30 15:00:06.506 [http-nio-8083-exec-9] DEBUG com.blm.common.feign.OrderServiceClient:[log:72] - [OrderServiceClient#getReviewsByStoreIdAndRating] content-type: application/json
2025-08-30 15:00:06.506 [http-nio-8083-exec-9] DEBUG com.blm.common.feign.OrderServiceClient:[log:72] - [OrderServiceClient#getReviewsByStoreIdAndRating] date: Sat, 30 Aug 2025 07:00:06 GMT
2025-08-30 15:00:06.507 [http-nio-8083-exec-9] DEBUG com.blm.common.feign.OrderServiceClient:[log:72] - [OrderServiceClient#getReviewsByStoreIdAndRating] keep-alive: timeout=60
2025-08-30 15:00:06.507 [http-nio-8083-exec-9] DEBUG com.blm.common.feign.OrderServiceClient:[log:72] - [OrderServiceClient#getReviewsByStoreIdAndRating] transfer-encoding: chunked
2025-08-30 15:00:06.508 [http-nio-8083-exec-9] DEBUG com.blm.common.feign.OrderServiceClient:[log:72] - [OrderServiceClient#getReviewsByStoreIdAndRating] 
2025-08-30 15:00:06.509 [http-nio-8083-exec-9] DEBUG com.blm.common.feign.OrderServiceClient:[log:72] - [OrderServiceClient#getReviewsByStoreIdAndRating] null
2025-08-30 15:00:06.510 [http-nio-8083-exec-9] DEBUG com.blm.common.feign.OrderServiceClient:[log:72] - [OrderServiceClient#getReviewsByStoreIdAndRating] <--- END HTTP (4-byte body)
2025-08-30 15:00:21.041 [SpringApplicationShutdownHook] INFO  o.s.c.n.e.serviceregistry.EurekaServiceRegistry:[deregister:91] - Unregistering application STORE-SERVICE with eureka with status DOWN
2025-08-30 15:00:21.041 [SpringApplicationShutdownHook] INFO  com.netflix.discovery.DiscoveryClient:[notify:1297] - Saw local status change event StatusChangeEvent [timestamp=1756537221041, current=DOWN, previous=UP]
2025-08-30 15:00:21.041 [DiscoveryClient-InstanceInfoReplicator-%d] INFO  com.netflix.discovery.DiscoveryClient:[register:825] - DiscoveryClient_STORE-SERVICE/SS11041203:store-service:8083: registering service...
2025-08-30 15:00:21.043 [DiscoveryClient-InstanceInfoReplicator-%d] INFO  com.netflix.discovery.DiscoveryClient:[register:834] - DiscoveryClient_STORE-SERVICE/SS11041203:store-service:8083 - registration status: 204
2025-08-30 15:00:21.054 [SpringApplicationShutdownHook] INFO  com.zaxxer.hikari.HikariDataSource:[close:349] - HikariPool-1 - Shutdown initiated...
2025-08-30 15:00:21.054 [SpringApplicationShutdownHook] DEBUG com.zaxxer.hikari.pool.HikariPool:[logPoolState:405] - HikariPool-1 - Before shutdown stats (total=10, active=0, idle=10, waiting=0)
2025-08-30 15:00:21.055 [HikariPool-1 connection closer] DEBUG com.zaxxer.hikari.pool.PoolBase:[quietlyCloseConnection:133] - HikariPool-1 - Closing connection com.mysql.cj.jdbc.ConnectionImpl@45cd8607: (connection evicted)
2025-08-30 15:00:21.057 [HikariPool-1 connection closer] DEBUG com.zaxxer.hikari.pool.PoolBase:[quietlyCloseConnection:133] - HikariPool-1 - Closing connection com.mysql.cj.jdbc.ConnectionImpl@723daeb3: (connection evicted)
2025-08-30 15:00:21.058 [HikariPool-1 connection closer] DEBUG com.zaxxer.hikari.pool.PoolBase:[quietlyCloseConnection:133] - HikariPool-1 - Closing connection com.mysql.cj.jdbc.ConnectionImpl@3300a488: (connection evicted)
2025-08-30 15:00:21.058 [HikariPool-1 connection closer] DEBUG com.zaxxer.hikari.pool.PoolBase:[quietlyCloseConnection:133] - HikariPool-1 - Closing connection com.mysql.cj.jdbc.ConnectionImpl@279f02b: (connection evicted)
2025-08-30 15:00:21.058 [HikariPool-1 connection closer] DEBUG com.zaxxer.hikari.pool.PoolBase:[quietlyCloseConnection:133] - HikariPool-1 - Closing connection com.mysql.cj.jdbc.ConnectionImpl@532f5bc7: (connection evicted)
2025-08-30 15:00:21.058 [HikariPool-1 connection closer] DEBUG com.zaxxer.hikari.pool.PoolBase:[quietlyCloseConnection:133] - HikariPool-1 - Closing connection com.mysql.cj.jdbc.ConnectionImpl@7735953f: (connection evicted)
2025-08-30 15:00:21.059 [HikariPool-1 connection closer] DEBUG com.zaxxer.hikari.pool.PoolBase:[quietlyCloseConnection:133] - HikariPool-1 - Closing connection com.mysql.cj.jdbc.ConnectionImpl@5761e451: (connection evicted)
2025-08-30 15:00:21.059 [HikariPool-1 connection closer] DEBUG com.zaxxer.hikari.pool.PoolBase:[quietlyCloseConnection:133] - HikariPool-1 - Closing connection com.mysql.cj.jdbc.ConnectionImpl@300da7c8: (connection evicted)
2025-08-30 15:00:21.059 [HikariPool-1 connection closer] DEBUG com.zaxxer.hikari.pool.PoolBase:[quietlyCloseConnection:133] - HikariPool-1 - Closing connection com.mysql.cj.jdbc.ConnectionImpl@5d530796: (connection evicted)
2025-08-30 15:00:21.059 [HikariPool-1 connection closer] DEBUG com.zaxxer.hikari.pool.PoolBase:[quietlyCloseConnection:133] - HikariPool-1 - Closing connection com.mysql.cj.jdbc.ConnectionImpl@3991022c: (connection evicted)
2025-08-30 15:00:21.059 [SpringApplicationShutdownHook] DEBUG com.zaxxer.hikari.pool.HikariPool:[logPoolState:405] - HikariPool-1 - After shutdown stats (total=0, active=0, idle=0, waiting=0)
2025-08-30 15:00:21.060 [SpringApplicationShutdownHook] INFO  com.zaxxer.hikari.HikariDataSource:[close:351] - HikariPool-1 - Shutdown completed.
2025-08-30 15:00:21.060 [SpringApplicationShutdownHook] INFO  com.netflix.discovery.DiscoveryClient:[shutdown:887] - Shutting down DiscoveryClient ...
2025-08-30 15:00:24.062 [SpringApplicationShutdownHook] INFO  com.netflix.discovery.DiscoveryClient:[unregister:918] - Unregistering ...
2025-08-30 15:00:24.095 [SpringApplicationShutdownHook] INFO  c.n.d.s.t.decorator.RedirectingEurekaHttpClient:[execute:93] - Request execution error. endpoint=DefaultEndpoint{ serviceUrl='http://localhost:8761/eureka/} exception=I/O error on DELETE request for "http://localhost:8761/eureka/apps/STORE-SERVICE/SS11041203:store-service:8083": Connect to http://localhost:8761 [localhost/127.0.0.1, localhost/0:0:0:0:0:0:0:1] failed: Connection refused: getsockopt stacktrace=org.springframework.web.client.ResourceAccessException: I/O error on DELETE request for "http://localhost:8761/eureka/apps/STORE-SERVICE/SS11041203:store-service:8083": Connect to http://localhost:8761 [localhost/127.0.0.1, localhost/0:0:0:0:0:0:0:1] failed: Connection refused: getsockopt
	at org.springframework.web.client.RestTemplate.createResourceAccessException(RestTemplate.java:915)
	at org.springframework.web.client.RestTemplate.doExecute(RestTemplate.java:895)
	at org.springframework.web.client.RestTemplate.execute(RestTemplate.java:790)
	at org.springframework.web.client.RestTemplate.exchange(RestTemplate.java:672)
	at org.springframework.cloud.netflix.eureka.http.RestTemplateEurekaHttpClient.cancel(RestTemplateEurekaHttpClient.java:87)
	at com.netflix.discovery.shared.transport.decorator.EurekaHttpClientDecorator$2.execute(EurekaHttpClientDecorator.java:74)
	at com.netflix.discovery.shared.transport.decorator.RedirectingEurekaHttpClient.execute(RedirectingEurekaHttpClient.java:91)
	at com.netflix.discovery.shared.transport.decorator.EurekaHttpClientDecorator.cancel(EurekaHttpClientDecorator.java:71)
	at com.netflix.discovery.shared.transport.decorator.EurekaHttpClientDecorator$2.execute(EurekaHttpClientDecorator.java:74)
	at com.netflix.discovery.shared.transport.decorator.RetryableEurekaHttpClient.execute(RetryableEurekaHttpClient.java:120)
	at com.netflix.discovery.shared.transport.decorator.EurekaHttpClientDecorator.cancel(EurekaHttpClientDecorator.java:71)
	at com.netflix.discovery.shared.transport.decorator.EurekaHttpClientDecorator$2.execute(EurekaHttpClientDecorator.java:74)
	at com.netflix.discovery.shared.transport.decorator.SessionedEurekaHttpClient.execute(SessionedEurekaHttpClient.java:76)
	at com.netflix.discovery.shared.transport.decorator.EurekaHttpClientDecorator.cancel(EurekaHttpClientDecorator.java:71)
	at com.netflix.discovery.DiscoveryClient.unregister(DiscoveryClient.java:919)
	at com.netflix.discovery.DiscoveryClient.shutdown(DiscoveryClient.java:900)
	at java.base/jdk.internal.reflect.DirectMethodHandleAccessor.invoke(DirectMethodHandleAccessor.java:103)
	at java.base/java.lang.reflect.Method.invoke(Method.java:580)
	at org.springframework.beans.factory.annotation.InitDestroyAnnotationBeanPostProcessor$LifecycleMethod.invoke(InitDestroyAnnotationBeanPostProcessor.java:457)
	at org.springframework.beans.factory.annotation.InitDestroyAnnotationBeanPostProcessor$LifecycleMetadata.invokeDestroyMethods(InitDestroyAnnotationBeanPostProcessor.java:415)
	at org.springframework.beans.factory.annotation.InitDestroyAnnotationBeanPostProcessor.postProcessBeforeDestruction(InitDestroyAnnotationBeanPostProcessor.java:239)
	at org.springframework.beans.factory.support.DisposableBeanAdapter.destroy(DisposableBeanAdapter.java:202)
	at org.springframework.beans.factory.support.DisposableBeanAdapter.run(DisposableBeanAdapter.java:195)
	at org.springframework.cloud.context.scope.GenericScope$BeanLifecycleWrapper.destroy(GenericScope.java:389)
	at org.springframework.cloud.context.scope.GenericScope.destroy(GenericScope.java:136)
	at org.springframework.beans.factory.support.DisposableBeanAdapter.destroy(DisposableBeanAdapter.java:211)
	at org.springframework.beans.factory.support.DefaultSingletonBeanRegistry.destroyBean(DefaultSingletonBeanRegistry.java:587)
	at org.springframework.beans.factory.support.DefaultSingletonBeanRegistry.destroySingleton(DefaultSingletonBeanRegistry.java:559)
	at org.springframework.beans.factory.support.DefaultListableBeanFactory.destroySingleton(DefaultListableBeanFactory.java:1202)
	at org.springframework.beans.factory.support.DefaultSingletonBeanRegistry.destroySingletons(DefaultSingletonBeanRegistry.java:520)
	at org.springframework.beans.factory.support.DefaultListableBeanFactory.destroySingletons(DefaultListableBeanFactory.java:1195)
	at org.springframework.context.support.AbstractApplicationContext.destroyBeans(AbstractApplicationContext.java:1195)
	at org.springframework.context.support.AbstractApplicationContext.doClose(AbstractApplicationContext.java:1156)
	at org.springframework.boot.web.servlet.context.ServletWebServerApplicationContext.doClose(ServletWebServerApplicationContext.java:174)
	at org.springframework.context.support.AbstractApplicationContext.close(AbstractApplicationContext.java:1102)
	at org.springframework.boot.SpringApplicationShutdownHook.closeAndWait(SpringApplicationShutdownHook.java:145)
	at java.base/java.lang.Iterable.forEach(Iterable.java:75)
	at org.springframework.boot.SpringApplicationShutdownHook.run(SpringApplicationShutdownHook.java:114)
	at java.base/java.lang.Thread.run(Thread.java:1583)
Caused by: org.apache.hc.client5.http.HttpHostConnectException: Connect to http://localhost:8761 [localhost/127.0.0.1, localhost/0:0:0:0:0:0:0:1] failed: Connection refused: getsockopt
	at java.base/sun.nio.ch.Net.pollConnect(Native Method)
	at java.base/sun.nio.ch.Net.pollConnectNow(Net.java:682)
	at java.base/sun.nio.ch.NioSocketImpl.timedFinishConnect(NioSocketImpl.java:542)
	at java.base/sun.nio.ch.NioSocketImpl.connect(NioSocketImpl.java:592)
	at java.base/java.net.SocksSocketImpl.connect(SocksSocketImpl.java:327)
	at java.base/java.net.Socket.connect(Socket.java:751)
	at org.apache.hc.client5.http.socket.PlainConnectionSocketFactory.lambda$connectSocket$0(PlainConnectionSocketFactory.java:91)
	at java.base/java.security.AccessController.doPrivileged(AccessController.java:571)
	at org.apache.hc.client5.http.socket.PlainConnectionSocketFactory.connectSocket(PlainConnectionSocketFactory.java:90)
	at org.apache.hc.client5.http.socket.ConnectionSocketFactory.connectSocket(ConnectionSocketFactory.java:123)
	at org.apache.hc.client5.http.impl.io.DefaultHttpClientConnectionOperator.connect(DefaultHttpClientConnectionOperator.java:189)
	at org.apache.hc.client5.http.impl.io.PoolingHttpClientConnectionManager.connect(PoolingHttpClientConnectionManager.java:450)
	at org.apache.hc.client5.http.impl.classic.InternalExecRuntime.connectEndpoint(InternalExecRuntime.java:162)
	at org.apache.hc.client5.http.impl.classic.InternalExecRuntime.connectEndpoint(InternalExecRuntime.java:172)
	at org.apache.hc.client5.http.impl.classic.ConnectExec.execute(ConnectExec.java:142)
	at org.apache.hc.client5.http.impl.classic.ExecChainElement.execute(ExecChainElement.java:51)
	at org.apache.hc.client5.http.impl.classic.ProtocolExec.execute(ProtocolExec.java:192)
	at org.apache.hc.client5.http.impl.classic.ExecChainElement.execute(ExecChainElement.java:51)
	at org.apache.hc.client5.http.impl.classic.HttpRequestRetryExec.execute(HttpRequestRetryExec.java:113)
	at org.apache.hc.client5.http.impl.classic.ExecChainElement.execute(ExecChainElement.java:51)
	at org.apache.hc.client5.http.impl.classic.ContentCompressionExec.execute(ContentCompressionExec.java:152)
	at org.apache.hc.client5.http.impl.classic.ExecChainElement.execute(ExecChainElement.java:51)
	at org.apache.hc.client5.http.impl.classic.RedirectExec.execute(RedirectExec.java:116)
	at org.apache.hc.client5.http.impl.classic.ExecChainElement.execute(ExecChainElement.java:51)
	at org.apache.hc.client5.http.impl.classic.InternalHttpClient.doExecute(InternalHttpClient.java:170)
	at org.apache.hc.client5.http.impl.classic.CloseableHttpClient.execute(CloseableHttpClient.java:87)
	at org.apache.hc.client5.http.impl.classic.CloseableHttpClient.execute(CloseableHttpClient.java:55)
	at org.apache.hc.client5.http.classic.HttpClient.executeOpen(HttpClient.java:183)
	at org.springframework.http.client.HttpComponentsClientHttpRequest.executeInternal(HttpComponentsClientHttpRequest.java:99)
	at org.springframework.http.client.AbstractStreamingClientHttpRequest.executeInternal(AbstractStreamingClientHttpRequest.java:70)
	at org.springframework.http.client.AbstractClientHttpRequest.execute(AbstractClientHttpRequest.java:66)
	at org.springframework.http.client.InterceptingClientHttpRequest$InterceptingRequestExecution.execute(InterceptingClientHttpRequest.java:112)
	at org.springframework.cloud.netflix.eureka.http.RestTemplateTransportClientFactory.lambda$restTemplate$3(RestTemplateTransportClientFactory.java:170)
	at org.springframework.http.client.InterceptingClientHttpRequest$InterceptingRequestExecution.execute(InterceptingClientHttpRequest.java:88)
	at org.springframework.http.client.InterceptingClientHttpRequest.executeInternal(InterceptingClientHttpRequest.java:72)
	at org.springframework.http.client.AbstractBufferingClientHttpRequest.executeInternal(AbstractBufferingClientHttpRequest.java:48)
	at org.springframework.http.client.AbstractClientHttpRequest.execute(AbstractClientHttpRequest.java:66)
	at org.springframework.web.client.RestTemplate.doExecute(RestTemplate.java:889)
	... 37 more

2025-08-30 15:00:24.095 [SpringApplicationShutdownHook] WARN  c.n.d.s.t.decorator.RetryableEurekaHttpClient:[execute:130] - Request execution failed with message: I/O error on DELETE request for "http://localhost:8761/eureka/apps/STORE-SERVICE/SS11041203:store-service:8083": Connect to http://localhost:8761 [localhost/127.0.0.1, localhost/0:0:0:0:0:0:0:1] failed: Connection refused: getsockopt
2025-08-30 15:00:24.109 [SpringApplicationShutdownHook] INFO  c.n.d.s.t.decorator.RedirectingEurekaHttpClient:[execute:84] - Request execution error. endpoint=DefaultEndpoint{ serviceUrl='http://localhost:8761/eureka/}, exception=I/O error on DELETE request for "http://localhost:8761/eureka/apps/STORE-SERVICE/SS11041203:store-service:8083": Connect to http://localhost:8761 [localhost/127.0.0.1, localhost/0:0:0:0:0:0:0:1] failed: Connection refused: getsockopt stacktrace=org.springframework.web.client.ResourceAccessException: I/O error on DELETE request for "http://localhost:8761/eureka/apps/STORE-SERVICE/SS11041203:store-service:8083": Connect to http://localhost:8761 [localhost/127.0.0.1, localhost/0:0:0:0:0:0:0:1] failed: Connection refused: getsockopt
	at org.springframework.web.client.RestTemplate.createResourceAccessException(RestTemplate.java:915)
	at org.springframework.web.client.RestTemplate.doExecute(RestTemplate.java:895)
	at org.springframework.web.client.RestTemplate.execute(RestTemplate.java:790)
	at org.springframework.web.client.RestTemplate.exchange(RestTemplate.java:672)
	at org.springframework.cloud.netflix.eureka.http.RestTemplateEurekaHttpClient.cancel(RestTemplateEurekaHttpClient.java:87)
	at com.netflix.discovery.shared.transport.decorator.EurekaHttpClientDecorator$2.execute(EurekaHttpClientDecorator.java:74)
	at com.netflix.discovery.shared.transport.decorator.RedirectingEurekaHttpClient.executeOnNewServer(RedirectingEurekaHttpClient.java:121)
	at com.netflix.discovery.shared.transport.decorator.RedirectingEurekaHttpClient.execute(RedirectingEurekaHttpClient.java:80)
	at com.netflix.discovery.shared.transport.decorator.EurekaHttpClientDecorator.cancel(EurekaHttpClientDecorator.java:71)
	at com.netflix.discovery.shared.transport.decorator.EurekaHttpClientDecorator$2.execute(EurekaHttpClientDecorator.java:74)
	at com.netflix.discovery.shared.transport.decorator.RetryableEurekaHttpClient.execute(RetryableEurekaHttpClient.java:120)
	at com.netflix.discovery.shared.transport.decorator.EurekaHttpClientDecorator.cancel(EurekaHttpClientDecorator.java:71)
	at com.netflix.discovery.shared.transport.decorator.EurekaHttpClientDecorator$2.execute(EurekaHttpClientDecorator.java:74)
	at com.netflix.discovery.shared.transport.decorator.SessionedEurekaHttpClient.execute(SessionedEurekaHttpClient.java:76)
	at com.netflix.discovery.shared.transport.decorator.EurekaHttpClientDecorator.cancel(EurekaHttpClientDecorator.java:71)
	at com.netflix.discovery.DiscoveryClient.unregister(DiscoveryClient.java:919)
	at com.netflix.discovery.DiscoveryClient.shutdown(DiscoveryClient.java:900)
	at java.base/jdk.internal.reflect.DirectMethodHandleAccessor.invoke(DirectMethodHandleAccessor.java:103)
	at java.base/java.lang.reflect.Method.invoke(Method.java:580)
	at org.springframework.beans.factory.annotation.InitDestroyAnnotationBeanPostProcessor$LifecycleMethod.invoke(InitDestroyAnnotationBeanPostProcessor.java:457)
	at org.springframework.beans.factory.annotation.InitDestroyAnnotationBeanPostProcessor$LifecycleMetadata.invokeDestroyMethods(InitDestroyAnnotationBeanPostProcessor.java:415)
	at org.springframework.beans.factory.annotation.InitDestroyAnnotationBeanPostProcessor.postProcessBeforeDestruction(InitDestroyAnnotationBeanPostProcessor.java:239)
	at org.springframework.beans.factory.support.DisposableBeanAdapter.destroy(DisposableBeanAdapter.java:202)
	at org.springframework.beans.factory.support.DisposableBeanAdapter.run(DisposableBeanAdapter.java:195)
	at org.springframework.cloud.context.scope.GenericScope$BeanLifecycleWrapper.destroy(GenericScope.java:389)
	at org.springframework.cloud.context.scope.GenericScope.destroy(GenericScope.java:136)
	at org.springframework.beans.factory.support.DisposableBeanAdapter.destroy(DisposableBeanAdapter.java:211)
	at org.springframework.beans.factory.support.DefaultSingletonBeanRegistry.destroyBean(DefaultSingletonBeanRegistry.java:587)
	at org.springframework.beans.factory.support.DefaultSingletonBeanRegistry.destroySingleton(DefaultSingletonBeanRegistry.java:559)
	at org.springframework.beans.factory.support.DefaultListableBeanFactory.destroySingleton(DefaultListableBeanFactory.java:1202)
	at org.springframework.beans.factory.support.DefaultSingletonBeanRegistry.destroySingletons(DefaultSingletonBeanRegistry.java:520)
	at org.springframework.beans.factory.support.DefaultListableBeanFactory.destroySingletons(DefaultListableBeanFactory.java:1195)
	at org.springframework.context.support.AbstractApplicationContext.destroyBeans(AbstractApplicationContext.java:1195)
	at org.springframework.context.support.AbstractApplicationContext.doClose(AbstractApplicationContext.java:1156)
	at org.springframework.boot.web.servlet.context.ServletWebServerApplicationContext.doClose(ServletWebServerApplicationContext.java:174)
	at org.springframework.context.support.AbstractApplicationContext.close(AbstractApplicationContext.java:1102)
	at org.springframework.boot.SpringApplicationShutdownHook.closeAndWait(SpringApplicationShutdownHook.java:145)
	at java.base/java.lang.Iterable.forEach(Iterable.java:75)
	at org.springframework.boot.SpringApplicationShutdownHook.run(SpringApplicationShutdownHook.java:114)
	at java.base/java.lang.Thread.run(Thread.java:1583)
Caused by: org.apache.hc.client5.http.HttpHostConnectException: Connect to http://localhost:8761 [localhost/127.0.0.1, localhost/0:0:0:0:0:0:0:1] failed: Connection refused: getsockopt
	at java.base/sun.nio.ch.Net.pollConnect(Native Method)
	at java.base/sun.nio.ch.Net.pollConnectNow(Net.java:682)
	at java.base/sun.nio.ch.NioSocketImpl.timedFinishConnect(NioSocketImpl.java:542)
	at java.base/sun.nio.ch.NioSocketImpl.connect(NioSocketImpl.java:592)
	at java.base/java.net.SocksSocketImpl.connect(SocksSocketImpl.java:327)
	at java.base/java.net.Socket.connect(Socket.java:751)
	at org.apache.hc.client5.http.socket.PlainConnectionSocketFactory.lambda$connectSocket$0(PlainConnectionSocketFactory.java:91)
	at java.base/java.security.AccessController.doPrivileged(AccessController.java:571)
	at org.apache.hc.client5.http.socket.PlainConnectionSocketFactory.connectSocket(PlainConnectionSocketFactory.java:90)
	at org.apache.hc.client5.http.socket.ConnectionSocketFactory.connectSocket(ConnectionSocketFactory.java:123)
	at org.apache.hc.client5.http.impl.io.DefaultHttpClientConnectionOperator.connect(DefaultHttpClientConnectionOperator.java:189)
	at org.apache.hc.client5.http.impl.io.PoolingHttpClientConnectionManager.connect(PoolingHttpClientConnectionManager.java:450)
	at org.apache.hc.client5.http.impl.classic.InternalExecRuntime.connectEndpoint(InternalExecRuntime.java:162)
	at org.apache.hc.client5.http.impl.classic.InternalExecRuntime.connectEndpoint(InternalExecRuntime.java:172)
	at org.apache.hc.client5.http.impl.classic.ConnectExec.execute(ConnectExec.java:142)
	at org.apache.hc.client5.http.impl.classic.ExecChainElement.execute(ExecChainElement.java:51)
	at org.apache.hc.client5.http.impl.classic.ProtocolExec.execute(ProtocolExec.java:192)
	at org.apache.hc.client5.http.impl.classic.ExecChainElement.execute(ExecChainElement.java:51)
	at org.apache.hc.client5.http.impl.classic.HttpRequestRetryExec.execute(HttpRequestRetryExec.java:113)
	at org.apache.hc.client5.http.impl.classic.ExecChainElement.execute(ExecChainElement.java:51)
	at org.apache.hc.client5.http.impl.classic.ContentCompressionExec.execute(ContentCompressionExec.java:152)
	at org.apache.hc.client5.http.impl.classic.ExecChainElement.execute(ExecChainElement.java:51)
	at org.apache.hc.client5.http.impl.classic.RedirectExec.execute(RedirectExec.java:116)
	at org.apache.hc.client5.http.impl.classic.ExecChainElement.execute(ExecChainElement.java:51)
	at org.apache.hc.client5.http.impl.classic.InternalHttpClient.doExecute(InternalHttpClient.java:170)
	at org.apache.hc.client5.http.impl.classic.CloseableHttpClient.execute(CloseableHttpClient.java:87)
	at org.apache.hc.client5.http.impl.classic.CloseableHttpClient.execute(CloseableHttpClient.java:55)
	at org.apache.hc.client5.http.classic.HttpClient.executeOpen(HttpClient.java:183)
	at org.springframework.http.client.HttpComponentsClientHttpRequest.executeInternal(HttpComponentsClientHttpRequest.java:99)
	at org.springframework.http.client.AbstractStreamingClientHttpRequest.executeInternal(AbstractStreamingClientHttpRequest.java:70)
	at org.springframework.http.client.AbstractClientHttpRequest.execute(AbstractClientHttpRequest.java:66)
	at org.springframework.http.client.InterceptingClientHttpRequest$InterceptingRequestExecution.execute(InterceptingClientHttpRequest.java:112)
	at org.springframework.cloud.netflix.eureka.http.RestTemplateTransportClientFactory.lambda$restTemplate$3(RestTemplateTransportClientFactory.java:170)
	at org.springframework.http.client.InterceptingClientHttpRequest$InterceptingRequestExecution.execute(InterceptingClientHttpRequest.java:88)
	at org.springframework.http.client.InterceptingClientHttpRequest.executeInternal(InterceptingClientHttpRequest.java:72)
	at org.springframework.http.client.AbstractBufferingClientHttpRequest.executeInternal(AbstractBufferingClientHttpRequest.java:48)
	at org.springframework.http.client.AbstractClientHttpRequest.execute(AbstractClientHttpRequest.java:66)
	at org.springframework.web.client.RestTemplate.doExecute(RestTemplate.java:889)
	... 38 more

2025-08-30 15:00:24.109 [SpringApplicationShutdownHook] WARN  c.n.d.s.t.decorator.RetryableEurekaHttpClient:[execute:130] - Request execution failed with message: I/O error on DELETE request for "http://localhost:8761/eureka/apps/STORE-SERVICE/SS11041203:store-service:8083": Connect to http://localhost:8761 [localhost/127.0.0.1, localhost/0:0:0:0:0:0:0:1] failed: Connection refused: getsockopt
2025-08-30 15:00:24.110 [SpringApplicationShutdownHook] ERROR com.netflix.discovery.DiscoveryClient:[unregister:922] - DiscoveryClient_STORE-SERVICE/SS11041203:store-service:8083 - de-registration failedCannot execute request on any known server
com.netflix.discovery.shared.transport.TransportException: Cannot execute request on any known server
	at com.netflix.discovery.shared.transport.decorator.RetryableEurekaHttpClient.execute(RetryableEurekaHttpClient.java:112)
	at com.netflix.discovery.shared.transport.decorator.EurekaHttpClientDecorator.cancel(EurekaHttpClientDecorator.java:71)
	at com.netflix.discovery.shared.transport.decorator.EurekaHttpClientDecorator$2.execute(EurekaHttpClientDecorator.java:74)
	at com.netflix.discovery.shared.transport.decorator.SessionedEurekaHttpClient.execute(SessionedEurekaHttpClient.java:76)
	at com.netflix.discovery.shared.transport.decorator.EurekaHttpClientDecorator.cancel(EurekaHttpClientDecorator.java:71)
	at com.netflix.discovery.DiscoveryClient.unregister(DiscoveryClient.java:919)
	at com.netflix.discovery.DiscoveryClient.shutdown(DiscoveryClient.java:900)
	at java.base/jdk.internal.reflect.DirectMethodHandleAccessor.invoke(DirectMethodHandleAccessor.java:103)
	at java.base/java.lang.reflect.Method.invoke(Method.java:580)
	at org.springframework.beans.factory.annotation.InitDestroyAnnotationBeanPostProcessor$LifecycleMethod.invoke(InitDestroyAnnotationBeanPostProcessor.java:457)
	at org.springframework.beans.factory.annotation.InitDestroyAnnotationBeanPostProcessor$LifecycleMetadata.invokeDestroyMethods(InitDestroyAnnotationBeanPostProcessor.java:415)
	at org.springframework.beans.factory.annotation.InitDestroyAnnotationBeanPostProcessor.postProcessBeforeDestruction(InitDestroyAnnotationBeanPostProcessor.java:239)
	at org.springframework.beans.factory.support.DisposableBeanAdapter.destroy(DisposableBeanAdapter.java:202)
	at org.springframework.beans.factory.support.DisposableBeanAdapter.run(DisposableBeanAdapter.java:195)
	at org.springframework.cloud.context.scope.GenericScope$BeanLifecycleWrapper.destroy(GenericScope.java:389)
	at org.springframework.cloud.context.scope.GenericScope.destroy(GenericScope.java:136)
	at org.springframework.beans.factory.support.DisposableBeanAdapter.destroy(DisposableBeanAdapter.java:211)
	at org.springframework.beans.factory.support.DefaultSingletonBeanRegistry.destroyBean(DefaultSingletonBeanRegistry.java:587)
	at org.springframework.beans.factory.support.DefaultSingletonBeanRegistry.destroySingleton(DefaultSingletonBeanRegistry.java:559)
	at org.springframework.beans.factory.support.DefaultListableBeanFactory.destroySingleton(DefaultListableBeanFactory.java:1202)
	at org.springframework.beans.factory.support.DefaultSingletonBeanRegistry.destroySingletons(DefaultSingletonBeanRegistry.java:520)
	at org.springframework.beans.factory.support.DefaultListableBeanFactory.destroySingletons(DefaultListableBeanFactory.java:1195)
	at org.springframework.context.support.AbstractApplicationContext.destroyBeans(AbstractApplicationContext.java:1195)
	at org.springframework.context.support.AbstractApplicationContext.doClose(AbstractApplicationContext.java:1156)
	at org.springframework.boot.web.servlet.context.ServletWebServerApplicationContext.doClose(ServletWebServerApplicationContext.java:174)
	at org.springframework.context.support.AbstractApplicationContext.close(AbstractApplicationContext.java:1102)
	at org.springframework.boot.SpringApplicationShutdownHook.closeAndWait(SpringApplicationShutdownHook.java:145)
	at java.base/java.lang.Iterable.forEach(Iterable.java:75)
	at org.springframework.boot.SpringApplicationShutdownHook.run(SpringApplicationShutdownHook.java:114)
	at java.base/java.lang.Thread.run(Thread.java:1583)
2025-08-30 15:00:24.111 [SpringApplicationShutdownHook] INFO  com.netflix.discovery.DiscoveryClient:[shutdown:907] - Completed shut down of DiscoveryClient
2025-08-30 15:13:10.338 [main] INFO  com.blm.store.StoreApplication:[logStarting:50] - Starting StoreApplication using Java 21.0.8 with PID 31404 (D:\BUAA\大二暑假\BLM\store-service\target\classes started by Lenovo in D:\BUAA\大二暑假\BLM)
2025-08-30 15:13:10.339 [main] DEBUG com.blm.store.StoreApplication:[logStarting:51] - Running with Spring Boot v3.3.3, Spring v6.1.12
2025-08-30 15:13:10.340 [main] INFO  com.blm.store.StoreApplication:[logStartupProfileInfo:660] - The following 1 profile is active: "dev"
2025-08-30 15:13:10.689 [main] DEBUG o.s.cloud.openfeign.FeignClientsRegistrar$1:[scanCandidateComponents:476] - Identified candidate component class: file [D:\BUAA\大二暑假\BLM\common\target\classes\com\blm\common\feign\OrderServiceClient.class]
2025-08-30 15:13:10.689 [main] DEBUG o.s.cloud.openfeign.FeignClientsRegistrar$1:[scanCandidateComponents:476] - Identified candidate component class: file [D:\BUAA\大二暑假\BLM\common\target\classes\com\blm\common\feign\RiderServiceClient.class]
2025-08-30 15:13:10.689 [main] DEBUG o.s.cloud.openfeign.FeignClientsRegistrar$1:[scanCandidateComponents:476] - Identified candidate component class: file [D:\BUAA\大二暑假\BLM\common\target\classes\com\blm\common\feign\StoreServiceClient.class]
2025-08-30 15:13:10.690 [main] DEBUG o.s.cloud.openfeign.FeignClientsRegistrar$1:[scanCandidateComponents:476] - Identified candidate component class: file [D:\BUAA\大二暑假\BLM\common\target\classes\com\blm\common\feign\UserServiceClient.class]
2025-08-30 15:13:10.757 [main] DEBUG o.m.s.boot.autoconfigure.MybatisAutoConfiguration:[registerBeanDefinitions:247] - Searching for mappers annotated with @Mapper
2025-08-30 15:13:10.758 [main] DEBUG o.m.s.boot.autoconfigure.MybatisAutoConfiguration:[lambda$registerBeanDefinitions$0:251] - Using auto-configuration base package 'com.blm.store'
2025-08-30 15:13:10.881 [main] DEBUG org.apache.ibatis.logging.LogFactory:[setImplementation:112] - Logging initialized using 'class org.apache.ibatis.logging.slf4j.Slf4jImpl' adapter.
2025-08-30 15:13:10.884 [main] DEBUG org.mybatis.spring.mapper.ClassPathMapperScanner:[scanCandidateComponents:476] - Identified candidate component class: file [D:\BUAA\大二暑假\BLM\store-service\target\classes\com\blm\store\repository\FoodCategoryRepository.class]
2025-08-30 15:13:10.885 [main] DEBUG org.mybatis.spring.mapper.ClassPathMapperScanner:[scanCandidateComponents:476] - Identified candidate component class: file [D:\BUAA\大二暑假\BLM\store-service\target\classes\com\blm\store\repository\FoodRepository.class]
2025-08-30 15:13:10.885 [main] DEBUG org.mybatis.spring.mapper.ClassPathMapperScanner:[scanCandidateComponents:476] - Identified candidate component class: file [D:\BUAA\大二暑假\BLM\store-service\target\classes\com\blm\store\repository\PromotionRepository.class]
2025-08-30 15:13:10.885 [main] DEBUG org.mybatis.spring.mapper.ClassPathMapperScanner:[scanCandidateComponents:476] - Identified candidate component class: file [D:\BUAA\大二暑假\BLM\store-service\target\classes\com\blm\store\repository\StoreCategoryRepository.class]
2025-08-30 15:13:10.885 [main] DEBUG org.mybatis.spring.mapper.ClassPathMapperScanner:[scanCandidateComponents:476] - Identified candidate component class: file [D:\BUAA\大二暑假\BLM\store-service\target\classes\com\blm\store\repository\StoreRepository.class]
2025-08-30 15:13:10.886 [main] DEBUG org.mybatis.spring.mapper.ClassPathMapperScanner:[debug:49] - Creating MapperFactoryBean with name 'foodCategoryRepository' and 'com.blm.store.repository.FoodCategoryRepository' mapperInterface
2025-08-30 15:13:10.886 [main] DEBUG org.mybatis.spring.mapper.ClassPathMapperScanner:[debug:49] - Creating MapperFactoryBean with name 'foodRepository' and 'com.blm.store.repository.FoodRepository' mapperInterface
2025-08-30 15:13:10.887 [main] DEBUG org.mybatis.spring.mapper.ClassPathMapperScanner:[debug:49] - Creating MapperFactoryBean with name 'promotionRepository' and 'com.blm.store.repository.PromotionRepository' mapperInterface
2025-08-30 15:13:10.887 [main] DEBUG org.mybatis.spring.mapper.ClassPathMapperScanner:[debug:49] - Creating MapperFactoryBean with name 'storeCategoryRepository' and 'com.blm.store.repository.StoreCategoryRepository' mapperInterface
2025-08-30 15:13:10.887 [main] DEBUG org.mybatis.spring.mapper.ClassPathMapperScanner:[debug:49] - Creating MapperFactoryBean with name 'storeRepository' and 'com.blm.store.repository.StoreRepository' mapperInterface
2025-08-30 15:13:10.934 [main] INFO  o.springframework.cloud.context.scope.GenericScope:[setSerializationId:282] - BeanFactory id=9af39289-17b3-3793-86a2-4e31d680bb05
2025-08-30 15:13:11.033 [main] WARN  o.s.c.s.PostProcessorRegistrationDelegate$BeanPostProcessorChecker:[postProcessAfterInitialization:429] - Bean 'org.springframework.cloud.client.loadbalancer.LoadBalancerAutoConfiguration$DeferringLoadBalancerInterceptorConfig' of type [org.springframework.cloud.client.loadbalancer.LoadBalancerAutoConfiguration$DeferringLoadBalancerInterceptorConfig] is not eligible for getting processed by all BeanPostProcessors (for example: not eligible for auto-proxying). The currently created BeanPostProcessor [lbRestClientPostProcessor] is declared through a non-static factory method on that class; consider declaring it as static instead.
2025-08-30 15:13:11.034 [main] WARN  o.s.c.s.PostProcessorRegistrationDelegate$BeanPostProcessorChecker:[postProcessAfterInitialization:437] - Bean 'deferringLoadBalancerInterceptor' of type [org.springframework.cloud.client.loadbalancer.DeferringLoadBalancerInterceptor] is not eligible for getting processed by all BeanPostProcessors (for example: not eligible for auto-proxying). Is this bean getting eagerly injected into a currently created BeanPostProcessor [lbRestClientPostProcessor]? Check the corresponding BeanPostProcessor declaration and its dependencies.
2025-08-30 15:13:11.157 [main] INFO  o.s.boot.web.embedded.tomcat.TomcatWebServer:[initialize:111] - Tomcat initialized with port 8083 (http)
2025-08-30 15:13:11.165 [main] INFO  org.apache.catalina.core.StandardService:[log:173] - Starting service [Tomcat]
2025-08-30 15:13:11.166 [main] INFO  org.apache.catalina.core.StandardEngine:[log:173] - Starting Servlet engine: [Apache Tomcat/10.1.28]
2025-08-30 15:13:11.218 [main] INFO  o.a.c.core.ContainerBase.[Tomcat].[localhost].[/]:[log:173] - Initializing Spring embedded WebApplicationContext
2025-08-30 15:13:11.219 [main] INFO  o.s.b.w.s.c.ServletWebServerApplicationContext:[prepareWebApplicationContext:296] - Root WebApplicationContext: initialization completed in 849 ms
2025-08-30 15:13:11.256 [main] DEBUG com.zaxxer.hikari.HikariConfig:[attemptFromContextLoader:974] - Driver class com.mysql.cj.jdbc.Driver found in Thread context class loader jdk.internal.loader.ClassLoaders$AppClassLoader@36baf30c
2025-08-30 15:13:11.281 [main] DEBUG o.springframework.jdbc.datasource.DataSourceUtils:[doGetConnection:117] - Fetching JDBC Connection from DataSource
2025-08-30 15:13:11.282 [main] DEBUG com.zaxxer.hikari.HikariConfig:[logConfiguration:1106] - HikariPool-1 - configuration:
2025-08-30 15:13:11.283 [main] DEBUG com.zaxxer.hikari.HikariConfig:[logConfiguration:1138] - allowPoolSuspension.............false
2025-08-30 15:13:11.285 [main] DEBUG com.zaxxer.hikari.HikariConfig:[logConfiguration:1138] - autoCommit......................true
2025-08-30 15:13:11.287 [main] DEBUG com.zaxxer.hikari.HikariConfig:[logConfiguration:1138] - catalog.........................none
2025-08-30 15:13:11.288 [main] DEBUG com.zaxxer.hikari.HikariConfig:[logConfiguration:1138] - connectionInitSql...............none
2025-08-30 15:13:11.288 [main] DEBUG com.zaxxer.hikari.HikariConfig:[logConfiguration:1138] - connectionTestQuery.............none
2025-08-30 15:13:11.288 [main] DEBUG com.zaxxer.hikari.HikariConfig:[logConfiguration:1138] - connectionTimeout...............30000
2025-08-30 15:13:11.288 [main] DEBUG com.zaxxer.hikari.HikariConfig:[logConfiguration:1138] - dataSource......................none
2025-08-30 15:13:11.288 [main] DEBUG com.zaxxer.hikari.HikariConfig:[logConfiguration:1138] - dataSourceClassName.............none
2025-08-30 15:13:11.288 [main] DEBUG com.zaxxer.hikari.HikariConfig:[logConfiguration:1138] - dataSourceJNDI..................none
2025-08-30 15:13:11.289 [main] DEBUG com.zaxxer.hikari.HikariConfig:[logConfiguration:1138] - dataSourceProperties............{password=<masked>}
2025-08-30 15:13:11.289 [main] DEBUG com.zaxxer.hikari.HikariConfig:[logConfiguration:1138] - driverClassName................."com.mysql.cj.jdbc.Driver"
2025-08-30 15:13:11.289 [main] DEBUG com.zaxxer.hikari.HikariConfig:[logConfiguration:1138] - exceptionOverrideClassName......none
2025-08-30 15:13:11.289 [main] DEBUG com.zaxxer.hikari.HikariConfig:[logConfiguration:1138] - healthCheckProperties...........{}
2025-08-30 15:13:11.289 [main] DEBUG com.zaxxer.hikari.HikariConfig:[logConfiguration:1138] - healthCheckRegistry.............none
2025-08-30 15:13:11.289 [main] DEBUG com.zaxxer.hikari.HikariConfig:[logConfiguration:1138] - idleTimeout.....................600000
2025-08-30 15:13:11.289 [main] DEBUG com.zaxxer.hikari.HikariConfig:[logConfiguration:1138] - initializationFailTimeout.......1
2025-08-30 15:13:11.289 [main] DEBUG com.zaxxer.hikari.HikariConfig:[logConfiguration:1138] - isolateInternalQueries..........false
2025-08-30 15:13:11.290 [main] DEBUG com.zaxxer.hikari.HikariConfig:[logConfiguration:1138] - jdbcUrl.........................jdbc:mysql://localhost:3306/store_db?useUnicode=true&characterEncoding=utf-8&useSSL=false&serverTimezone=UTC
2025-08-30 15:13:11.290 [main] DEBUG com.zaxxer.hikari.HikariConfig:[logConfiguration:1138] - keepaliveTime...................0
2025-08-30 15:13:11.290 [main] DEBUG com.zaxxer.hikari.HikariConfig:[logConfiguration:1138] - leakDetectionThreshold..........0
2025-08-30 15:13:11.290 [main] DEBUG com.zaxxer.hikari.HikariConfig:[logConfiguration:1138] - maxLifetime.....................1800000
2025-08-30 15:13:11.290 [main] DEBUG com.zaxxer.hikari.HikariConfig:[logConfiguration:1138] - maximumPoolSize.................10
2025-08-30 15:13:11.290 [main] DEBUG com.zaxxer.hikari.HikariConfig:[logConfiguration:1138] - metricRegistry..................none
2025-08-30 15:13:11.291 [main] DEBUG com.zaxxer.hikari.HikariConfig:[logConfiguration:1138] - metricsTrackerFactory...........none
2025-08-30 15:13:11.291 [main] DEBUG com.zaxxer.hikari.HikariConfig:[logConfiguration:1138] - minimumIdle.....................10
2025-08-30 15:13:11.291 [main] DEBUG com.zaxxer.hikari.HikariConfig:[logConfiguration:1138] - password........................<masked>
2025-08-30 15:13:11.291 [main] DEBUG com.zaxxer.hikari.HikariConfig:[logConfiguration:1138] - poolName........................"HikariPool-1"
2025-08-30 15:13:11.291 [main] DEBUG com.zaxxer.hikari.HikariConfig:[logConfiguration:1138] - readOnly........................false
2025-08-30 15:13:11.291 [main] DEBUG com.zaxxer.hikari.HikariConfig:[logConfiguration:1138] - registerMbeans..................false
2025-08-30 15:13:11.291 [main] DEBUG com.zaxxer.hikari.HikariConfig:[logConfiguration:1138] - scheduledExecutor...............none
2025-08-30 15:13:11.292 [main] DEBUG com.zaxxer.hikari.HikariConfig:[logConfiguration:1138] - schema..........................none
2025-08-30 15:13:11.292 [main] DEBUG com.zaxxer.hikari.HikariConfig:[logConfiguration:1138] - threadFactory...................internal
2025-08-30 15:13:11.292 [main] DEBUG com.zaxxer.hikari.HikariConfig:[logConfiguration:1138] - transactionIsolation............default
2025-08-30 15:13:11.292 [main] DEBUG com.zaxxer.hikari.HikariConfig:[logConfiguration:1138] - username........................"root"
2025-08-30 15:13:11.292 [main] DEBUG com.zaxxer.hikari.HikariConfig:[logConfiguration:1138] - validationTimeout...............5000
2025-08-30 15:13:11.292 [main] INFO  com.zaxxer.hikari.HikariDataSource:[getConnection:109] - HikariPool-1 - Starting...
2025-08-30 15:13:11.377 [main] INFO  com.zaxxer.hikari.pool.HikariPool:[checkFailFast:554] - HikariPool-1 - Added connection com.mysql.cj.jdbc.ConnectionImpl@67b560fe
2025-08-30 15:13:11.378 [main] INFO  com.zaxxer.hikari.HikariDataSource:[getConnection:122] - HikariPool-1 - Start completed.
2025-08-30 15:13:11.484 [main] DEBUG org.mybatis.spring.SqlSessionFactoryBean:[debug:49] - Parsed mapper file: 'file [D:\BUAA\大二暑假\BLM\store-service\target\classes\mapper\FoodMapper.xml]'
2025-08-30 15:13:11.490 [main] DEBUG org.mybatis.spring.SqlSessionFactoryBean:[debug:49] - Parsed mapper file: 'file [D:\BUAA\大二暑假\BLM\store-service\target\classes\mapper\PromotionMapper.xml]'
2025-08-30 15:13:11.492 [HikariPool-1 housekeeper] DEBUG com.zaxxer.hikari.pool.HikariPool:[logPoolState:405] - HikariPool-1 - Pool stats (total=1, active=0, idle=1, waiting=0)
2025-08-30 15:13:11.495 [HikariPool-1 connection adder] DEBUG com.zaxxer.hikari.pool.HikariPool:[call:728] - HikariPool-1 - Added connection com.mysql.cj.jdbc.ConnectionImpl@6292bf44
2025-08-30 15:13:11.499 [main] DEBUG org.mybatis.spring.SqlSessionFactoryBean:[debug:49] - Parsed mapper file: 'file [D:\BUAA\大二暑假\BLM\store-service\target\classes\mapper\StoreMapper.xml]'
2025-08-30 15:13:11.505 [main] DEBUG o.s.cloud.openfeign.FeignClientFactoryBean:[<init>:125] - Creating a FeignClientFactoryBean.
2025-08-30 15:13:11.539 [HikariPool-1 connection adder] DEBUG com.zaxxer.hikari.pool.HikariPool:[logPoolState:405] - HikariPool-1 - After adding stats (total=2, active=0, idle=2, waiting=0)
2025-08-30 15:13:11.542 [HikariPool-1 connection adder] DEBUG com.zaxxer.hikari.pool.HikariPool:[call:728] - HikariPool-1 - Added connection com.mysql.cj.jdbc.ConnectionImpl@23afb57f
2025-08-30 15:13:11.587 [HikariPool-1 connection adder] DEBUG com.zaxxer.hikari.pool.HikariPool:[logPoolState:405] - HikariPool-1 - After adding stats (total=3, active=0, idle=3, waiting=0)
2025-08-30 15:13:11.590 [HikariPool-1 connection adder] DEBUG com.zaxxer.hikari.pool.HikariPool:[call:728] - HikariPool-1 - Added connection com.mysql.cj.jdbc.ConnectionImpl@1246d678
2025-08-30 15:13:11.634 [HikariPool-1 connection adder] DEBUG com.zaxxer.hikari.pool.HikariPool:[logPoolState:405] - HikariPool-1 - After adding stats (total=4, active=0, idle=4, waiting=0)
2025-08-30 15:13:11.636 [HikariPool-1 connection adder] DEBUG com.zaxxer.hikari.pool.HikariPool:[call:728] - HikariPool-1 - Added connection com.mysql.cj.jdbc.ConnectionImpl@43804a30
2025-08-30 15:13:11.650 [main] INFO  o.s.cloud.openfeign.FeignClientFactoryBean:[getTarget:468] - For 'order-service' URL not provided. Will try picking an instance via load-balancing.
2025-08-30 15:13:11.681 [HikariPool-1 connection adder] DEBUG com.zaxxer.hikari.pool.HikariPool:[logPoolState:405] - HikariPool-1 - After adding stats (total=5, active=0, idle=5, waiting=0)
2025-08-30 15:13:11.685 [HikariPool-1 connection adder] DEBUG com.zaxxer.hikari.pool.HikariPool:[call:728] - HikariPool-1 - Added connection com.mysql.cj.jdbc.ConnectionImpl@4bcce0a8
2025-08-30 15:13:11.718 [main] DEBUG o.s.cloud.openfeign.FeignClientFactoryBean:[<init>:125] - Creating a FeignClientFactoryBean.
2025-08-30 15:13:11.726 [main] INFO  o.s.cloud.openfeign.FeignClientFactoryBean:[getTarget:468] - For 'user-service' URL not provided. Will try picking an instance via load-balancing.
2025-08-30 15:13:11.728 [HikariPool-1 connection adder] DEBUG com.zaxxer.hikari.pool.HikariPool:[logPoolState:405] - HikariPool-1 - After adding stats (total=6, active=0, idle=6, waiting=0)
2025-08-30 15:13:11.730 [HikariPool-1 connection adder] DEBUG com.zaxxer.hikari.pool.HikariPool:[call:728] - HikariPool-1 - Added connection com.mysql.cj.jdbc.ConnectionImpl@47ce7511
2025-08-30 15:13:11.743 [main] DEBUG o.s.cloud.openfeign.FeignClientFactoryBean:[<init>:125] - Creating a FeignClientFactoryBean.
2025-08-30 15:13:11.744 [main] DEBUG o.s.cloud.openfeign.FeignClientFactoryBean:[<init>:125] - Creating a FeignClientFactoryBean.
2025-08-30 15:13:11.761 [HikariPool-1 connection adder] DEBUG com.zaxxer.hikari.pool.HikariPool:[logPoolState:405] - HikariPool-1 - After adding stats (total=7, active=0, idle=7, waiting=0)
2025-08-30 15:13:11.764 [HikariPool-1 connection adder] DEBUG com.zaxxer.hikari.pool.HikariPool:[call:728] - HikariPool-1 - Added connection com.mysql.cj.jdbc.ConnectionImpl@6c40c6f7
2025-08-30 15:13:11.808 [HikariPool-1 connection adder] DEBUG com.zaxxer.hikari.pool.HikariPool:[logPoolState:405] - HikariPool-1 - After adding stats (total=8, active=0, idle=8, waiting=0)
2025-08-30 15:13:11.811 [HikariPool-1 connection adder] DEBUG com.zaxxer.hikari.pool.HikariPool:[call:728] - HikariPool-1 - Added connection com.mysql.cj.jdbc.ConnectionImpl@2d4882fe
2025-08-30 15:13:11.856 [HikariPool-1 connection adder] DEBUG com.zaxxer.hikari.pool.HikariPool:[logPoolState:405] - HikariPool-1 - After adding stats (total=9, active=0, idle=9, waiting=0)
2025-08-30 15:13:11.859 [HikariPool-1 connection adder] DEBUG com.zaxxer.hikari.pool.HikariPool:[call:728] - HikariPool-1 - Added connection com.mysql.cj.jdbc.ConnectionImpl@2a22634d
2025-08-30 15:13:11.903 [HikariPool-1 connection adder] DEBUG com.zaxxer.hikari.pool.HikariPool:[logPoolState:405] - HikariPool-1 - After adding stats (total=10, active=0, idle=10, waiting=0)
2025-08-30 15:13:11.910 [main] DEBUG o.m.s.boot.autoconfigure.MybatisAutoConfiguration:[afterPropertiesSet:319] - Not found configuration for registering mapper bean using @MapperScan, MapperFactoryBean and MapperScannerConfigurer.
2025-08-30 15:13:12.015 [main] INFO  o.s.c.n.e.c.DiscoveryClientOptionalArgsConfiguration:[restTemplateDiscoveryClientOptionalArgs:80] - Eureka HTTP Client uses RestTemplate.
2025-08-30 15:13:12.027 [main] WARN  o.s.c.l.c.LoadBalancerCacheAutoConfiguration$LoadBalancerCaffeineWarnLogger:[afterPropertiesSet:94] - Spring Cloud LoadBalancer is currently working with the default cache. While this cache implementation is useful for development and tests, it's recommended to use Caffeine cache in production.You can switch to using Caffeine cache, by adding it and org.springframework.cache.caffeine.CaffeineCacheManager to the classpath.
2025-08-30 15:13:12.055 [main] INFO  o.s.cloud.netflix.eureka.InstanceInfoFactory:[create:67] - Setting initial instance status as: STARTING
2025-08-30 15:13:12.067 [main] INFO  com.netflix.discovery.DiscoveryClient:[<init>:329] - Initializing Eureka in region us-east-1
2025-08-30 15:13:12.069 [main] INFO  c.n.d.shared.resolver.aws.ConfigClusterResolver:[getClusterEndpoints:43] - Resolving eureka endpoints via configuration
2025-08-30 15:13:12.073 [main] INFO  com.netflix.discovery.DiscoveryClient:[fetchRegistry:954] - Disable delta property : false
2025-08-30 15:13:12.073 [main] INFO  com.netflix.discovery.DiscoveryClient:[fetchRegistry:955] - Single vip registry refresh property : null
2025-08-30 15:13:12.073 [main] INFO  com.netflix.discovery.DiscoveryClient:[fetchRegistry:956] - Force full registry fetch : false
2025-08-30 15:13:12.073 [main] INFO  com.netflix.discovery.DiscoveryClient:[fetchRegistry:957] - Application is null : false
2025-08-30 15:13:12.073 [main] INFO  com.netflix.discovery.DiscoveryClient:[fetchRegistry:958] - Registered Applications size is zero : true
2025-08-30 15:13:12.073 [main] INFO  com.netflix.discovery.DiscoveryClient:[fetchRegistry:960] - Application version is -1: true
2025-08-30 15:13:12.074 [main] INFO  com.netflix.discovery.DiscoveryClient:[getAndStoreFullRegistry:1042] - Getting all instance registry info from the eureka server
2025-08-30 15:13:12.267 [main] INFO  c.n.d.s.t.decorator.RedirectingEurekaHttpClient:[execute:84] - Request execution error. endpoint=DefaultEndpoint{ serviceUrl='http://localhost:8761/eureka/}, exception=I/O error on GET request for "http://localhost:8761/eureka/apps/": Connect to http://localhost:8761 [localhost/127.0.0.1, localhost/0:0:0:0:0:0:0:1] failed: Connection refused: getsockopt stacktrace=org.springframework.web.client.ResourceAccessException: I/O error on GET request for "http://localhost:8761/eureka/apps/": Connect to http://localhost:8761 [localhost/127.0.0.1, localhost/0:0:0:0:0:0:0:1] failed: Connection refused: getsockopt
	at org.springframework.web.client.RestTemplate.createResourceAccessException(RestTemplate.java:915)
	at org.springframework.web.client.RestTemplate.doExecute(RestTemplate.java:895)
	at org.springframework.web.client.RestTemplate.execute(RestTemplate.java:790)
	at org.springframework.web.client.RestTemplate.exchange(RestTemplate.java:672)
	at org.springframework.cloud.netflix.eureka.http.RestTemplateEurekaHttpClient.getApplicationsInternal(RestTemplateEurekaHttpClient.java:145)
	at org.springframework.cloud.netflix.eureka.http.RestTemplateEurekaHttpClient.getApplications(RestTemplateEurekaHttpClient.java:135)
	at com.netflix.discovery.shared.transport.decorator.EurekaHttpClientDecorator$6.execute(EurekaHttpClientDecorator.java:137)
	at com.netflix.discovery.shared.transport.decorator.RedirectingEurekaHttpClient.executeOnNewServer(RedirectingEurekaHttpClient.java:121)
	at com.netflix.discovery.shared.transport.decorator.RedirectingEurekaHttpClient.execute(RedirectingEurekaHttpClient.java:80)
	at com.netflix.discovery.shared.transport.decorator.EurekaHttpClientDecorator.getApplications(EurekaHttpClientDecorator.java:134)
	at com.netflix.discovery.shared.transport.decorator.EurekaHttpClientDecorator$6.execute(EurekaHttpClientDecorator.java:137)
	at com.netflix.discovery.shared.transport.decorator.RetryableEurekaHttpClient.execute(RetryableEurekaHttpClient.java:120)
	at com.netflix.discovery.shared.transport.decorator.EurekaHttpClientDecorator.getApplications(EurekaHttpClientDecorator.java:134)
	at com.netflix.discovery.shared.transport.decorator.EurekaHttpClientDecorator$6.execute(EurekaHttpClientDecorator.java:137)
	at com.netflix.discovery.shared.transport.decorator.SessionedEurekaHttpClient.execute(SessionedEurekaHttpClient.java:76)
	at com.netflix.discovery.shared.transport.decorator.EurekaHttpClientDecorator.getApplications(EurekaHttpClientDecorator.java:134)
	at com.netflix.discovery.DiscoveryClient.getAndStoreFullRegistry(DiscoveryClient.java:1046)
	at com.netflix.discovery.DiscoveryClient.fetchRegistry(DiscoveryClient.java:961)
	at com.netflix.discovery.DiscoveryClient.<init>(DiscoveryClient.java:410)
	at com.netflix.discovery.DiscoveryClient.<init>(DiscoveryClient.java:245)
	at com.netflix.discovery.DiscoveryClient.<init>(DiscoveryClient.java:240)
	at org.springframework.cloud.netflix.eureka.CloudEurekaClient.<init>(CloudEurekaClient.java:68)
	at org.springframework.cloud.netflix.eureka.EurekaClientAutoConfiguration$RefreshableEurekaClientConfiguration.eurekaClient(EurekaClientAutoConfiguration.java:321)
	at java.base/jdk.internal.reflect.DirectMethodHandleAccessor.invoke(DirectMethodHandleAccessor.java:103)
	at java.base/java.lang.reflect.Method.invoke(Method.java:580)
	at org.springframework.beans.factory.support.SimpleInstantiationStrategy.instantiate(SimpleInstantiationStrategy.java:146)
	at org.springframework.beans.factory.support.ConstructorResolver.instantiate(ConstructorResolver.java:644)
	at org.springframework.beans.factory.support.ConstructorResolver.instantiateUsingFactoryMethod(ConstructorResolver.java:636)
	at org.springframework.beans.factory.support.AbstractAutowireCapableBeanFactory.instantiateUsingFactoryMethod(AbstractAutowireCapableBeanFactory.java:1355)
	at org.springframework.beans.factory.support.AbstractAutowireCapableBeanFactory.createBeanInstance(AbstractAutowireCapableBeanFactory.java:1185)
	at org.springframework.beans.factory.support.AbstractAutowireCapableBeanFactory.doCreateBean(AbstractAutowireCapableBeanFactory.java:562)
	at org.springframework.beans.factory.support.AbstractAutowireCapableBeanFactory.createBean(AbstractAutowireCapableBeanFactory.java:522)
	at org.springframework.beans.factory.support.AbstractBeanFactory.lambda$doGetBean$1(AbstractBeanFactory.java:376)
	at org.springframework.cloud.context.scope.GenericScope$BeanLifecycleWrapper.getBean(GenericScope.java:375)
	at org.springframework.cloud.context.scope.GenericScope.get(GenericScope.java:179)
	at org.springframework.beans.factory.support.AbstractBeanFactory.doGetBean(AbstractBeanFactory.java:373)
	at org.springframework.beans.factory.support.AbstractBeanFactory.getBean(AbstractBeanFactory.java:200)
	at org.springframework.aop.target.SimpleBeanTargetSource.getTarget(SimpleBeanTargetSource.java:35)
	at org.springframework.cloud.netflix.eureka.serviceregistry.EurekaRegistration.getTargetObject(EurekaRegistration.java:128)
	at org.springframework.cloud.netflix.eureka.serviceregistry.EurekaRegistration.getEurekaClient(EurekaRegistration.java:116)
	at java.base/jdk.internal.reflect.DirectMethodHandleAccessor.invoke(DirectMethodHandleAccessor.java:103)
	at java.base/java.lang.reflect.Method.invoke(Method.java:580)
	at org.springframework.util.ReflectionUtils.invokeMethod(ReflectionUtils.java:281)
	at org.springframework.cloud.context.scope.GenericScope$LockedScopedProxyFactoryBean.invoke(GenericScope.java:482)
	at org.springframework.aop.framework.ReflectiveMethodInvocation.proceed(ReflectiveMethodInvocation.java:184)
	at org.springframework.aop.framework.CglibAopProxy$CglibMethodInvocation.proceed(CglibAopProxy.java:768)
	at org.springframework.aop.framework.CglibAopProxy$DynamicAdvisedInterceptor.intercept(CglibAopProxy.java:720)
	at org.springframework.cloud.netflix.eureka.serviceregistry.EurekaRegistration$$SpringCGLIB$$0.getEurekaClient(<generated>)
	at org.springframework.cloud.netflix.eureka.serviceregistry.EurekaServiceRegistry.maybeInitializeClient(EurekaServiceRegistry.java:83)
	at org.springframework.cloud.netflix.eureka.serviceregistry.EurekaServiceRegistry.register(EurekaServiceRegistry.java:66)
	at org.springframework.cloud.netflix.eureka.serviceregistry.EurekaAutoServiceRegistration.start(EurekaAutoServiceRegistration.java:89)
	at org.springframework.context.support.DefaultLifecycleProcessor.doStart(DefaultLifecycleProcessor.java:285)
	at org.springframework.context.support.DefaultLifecycleProcessor$LifecycleGroup.start(DefaultLifecycleProcessor.java:469)
	at java.base/java.lang.Iterable.forEach(Iterable.java:75)
	at org.springframework.context.support.DefaultLifecycleProcessor.startBeans(DefaultLifecycleProcessor.java:257)
	at org.springframework.context.support.DefaultLifecycleProcessor.onRefresh(DefaultLifecycleProcessor.java:202)
	at org.springframework.context.support.AbstractApplicationContext.finishRefresh(AbstractApplicationContext.java:990)
	at org.springframework.context.support.AbstractApplicationContext.refresh(AbstractApplicationContext.java:628)
	at org.springframework.boot.web.servlet.context.ServletWebServerApplicationContext.refresh(ServletWebServerApplicationContext.java:146)
	at org.springframework.boot.SpringApplication.refresh(SpringApplication.java:754)
	at org.springframework.boot.SpringApplication.refreshContext(SpringApplication.java:456)
	at org.springframework.boot.SpringApplication.run(SpringApplication.java:335)
	at org.springframework.boot.SpringApplication.run(SpringApplication.java:1363)
	at org.springframework.boot.SpringApplication.run(SpringApplication.java:1352)
	at com.blm.store.StoreApplication.main(StoreApplication.java:16)
Caused by: org.apache.hc.client5.http.HttpHostConnectException: Connect to http://localhost:8761 [localhost/127.0.0.1, localhost/0:0:0:0:0:0:0:1] failed: Connection refused: getsockopt
	at java.base/sun.nio.ch.Net.pollConnect(Native Method)
	at java.base/sun.nio.ch.Net.pollConnectNow(Net.java:682)
	at java.base/sun.nio.ch.NioSocketImpl.timedFinishConnect(NioSocketImpl.java:542)
	at java.base/sun.nio.ch.NioSocketImpl.connect(NioSocketImpl.java:592)
	at java.base/java.net.SocksSocketImpl.connect(SocksSocketImpl.java:327)
	at java.base/java.net.Socket.connect(Socket.java:751)
	at org.apache.hc.client5.http.socket.PlainConnectionSocketFactory.lambda$connectSocket$0(PlainConnectionSocketFactory.java:91)
	at java.base/java.security.AccessController.doPrivileged(AccessController.java:571)
	at org.apache.hc.client5.http.socket.PlainConnectionSocketFactory.connectSocket(PlainConnectionSocketFactory.java:90)
	at org.apache.hc.client5.http.socket.ConnectionSocketFactory.connectSocket(ConnectionSocketFactory.java:123)
	at org.apache.hc.client5.http.impl.io.DefaultHttpClientConnectionOperator.connect(DefaultHttpClientConnectionOperator.java:189)
	at org.apache.hc.client5.http.impl.io.PoolingHttpClientConnectionManager.connect(PoolingHttpClientConnectionManager.java:450)
	at org.apache.hc.client5.http.impl.classic.InternalExecRuntime.connectEndpoint(InternalExecRuntime.java:162)
	at org.apache.hc.client5.http.impl.classic.InternalExecRuntime.connectEndpoint(InternalExecRuntime.java:172)
	at org.apache.hc.client5.http.impl.classic.ConnectExec.execute(ConnectExec.java:142)
	at org.apache.hc.client5.http.impl.classic.ExecChainElement.execute(ExecChainElement.java:51)
	at org.apache.hc.client5.http.impl.classic.ProtocolExec.execute(ProtocolExec.java:192)
	at org.apache.hc.client5.http.impl.classic.ExecChainElement.execute(ExecChainElement.java:51)
	at org.apache.hc.client5.http.impl.classic.HttpRequestRetryExec.execute(HttpRequestRetryExec.java:113)
	at org.apache.hc.client5.http.impl.classic.ExecChainElement.execute(ExecChainElement.java:51)
	at org.apache.hc.client5.http.impl.classic.ContentCompressionExec.execute(ContentCompressionExec.java:152)
	at org.apache.hc.client5.http.impl.classic.ExecChainElement.execute(ExecChainElement.java:51)
	at org.apache.hc.client5.http.impl.classic.RedirectExec.execute(RedirectExec.java:116)
	at org.apache.hc.client5.http.impl.classic.ExecChainElement.execute(ExecChainElement.java:51)
	at org.apache.hc.client5.http.impl.classic.InternalHttpClient.doExecute(InternalHttpClient.java:170)
	at org.apache.hc.client5.http.impl.classic.CloseableHttpClient.execute(CloseableHttpClient.java:87)
	at org.apache.hc.client5.http.impl.classic.CloseableHttpClient.execute(CloseableHttpClient.java:55)
	at org.apache.hc.client5.http.classic.HttpClient.executeOpen(HttpClient.java:183)
	at org.springframework.http.client.HttpComponentsClientHttpRequest.executeInternal(HttpComponentsClientHttpRequest.java:99)
	at org.springframework.http.client.AbstractStreamingClientHttpRequest.executeInternal(AbstractStreamingClientHttpRequest.java:70)
	at org.springframework.http.client.AbstractClientHttpRequest.execute(AbstractClientHttpRequest.java:66)
	at org.springframework.http.client.InterceptingClientHttpRequest$InterceptingRequestExecution.execute(InterceptingClientHttpRequest.java:112)
	at org.springframework.cloud.netflix.eureka.http.RestTemplateTransportClientFactory.lambda$restTemplate$3(RestTemplateTransportClientFactory.java:170)
	at org.springframework.http.client.InterceptingClientHttpRequest$InterceptingRequestExecution.execute(InterceptingClientHttpRequest.java:88)
	at org.springframework.http.client.InterceptingClientHttpRequest.executeInternal(InterceptingClientHttpRequest.java:72)
	at org.springframework.http.client.AbstractBufferingClientHttpRequest.executeInternal(AbstractBufferingClientHttpRequest.java:48)
	at org.springframework.http.client.AbstractClientHttpRequest.execute(AbstractClientHttpRequest.java:66)
	at org.springframework.web.client.RestTemplate.doExecute(RestTemplate.java:889)
	... 63 more

2025-08-30 15:13:12.267 [main] WARN  c.n.d.s.t.decorator.RetryableEurekaHttpClient:[execute:130] - Request execution failed with message: I/O error on GET request for "http://localhost:8761/eureka/apps/": Connect to http://localhost:8761 [localhost/127.0.0.1, localhost/0:0:0:0:0:0:0:1] failed: Connection refused: getsockopt
2025-08-30 15:13:12.267 [main] INFO  com.netflix.discovery.DiscoveryClient:[fetchRegistry:968] - DiscoveryClient_STORE-SERVICE/SS11041203:store-service:8083 - was unable to refresh its cache! This periodic background refresh will be retried in 30 seconds. status = Cannot execute request on any known server stacktrace = com.netflix.discovery.shared.transport.TransportException: Cannot execute request on any known server
	at com.netflix.discovery.shared.transport.decorator.RetryableEurekaHttpClient.execute(RetryableEurekaHttpClient.java:112)
	at com.netflix.discovery.shared.transport.decorator.EurekaHttpClientDecorator.getApplications(EurekaHttpClientDecorator.java:134)
	at com.netflix.discovery.shared.transport.decorator.EurekaHttpClientDecorator$6.execute(EurekaHttpClientDecorator.java:137)
	at com.netflix.discovery.shared.transport.decorator.SessionedEurekaHttpClient.execute(SessionedEurekaHttpClient.java:76)
	at com.netflix.discovery.shared.transport.decorator.EurekaHttpClientDecorator.getApplications(EurekaHttpClientDecorator.java:134)
	at com.netflix.discovery.DiscoveryClient.getAndStoreFullRegistry(DiscoveryClient.java:1046)
	at com.netflix.discovery.DiscoveryClient.fetchRegistry(DiscoveryClient.java:961)
	at com.netflix.discovery.DiscoveryClient.<init>(DiscoveryClient.java:410)
	at com.netflix.discovery.DiscoveryClient.<init>(DiscoveryClient.java:245)
	at com.netflix.discovery.DiscoveryClient.<init>(DiscoveryClient.java:240)
	at org.springframework.cloud.netflix.eureka.CloudEurekaClient.<init>(CloudEurekaClient.java:68)
	at org.springframework.cloud.netflix.eureka.EurekaClientAutoConfiguration$RefreshableEurekaClientConfiguration.eurekaClient(EurekaClientAutoConfiguration.java:321)
	at java.base/jdk.internal.reflect.DirectMethodHandleAccessor.invoke(DirectMethodHandleAccessor.java:103)
	at java.base/java.lang.reflect.Method.invoke(Method.java:580)
	at org.springframework.beans.factory.support.SimpleInstantiationStrategy.instantiate(SimpleInstantiationStrategy.java:146)
	at org.springframework.beans.factory.support.ConstructorResolver.instantiate(ConstructorResolver.java:644)
	at org.springframework.beans.factory.support.ConstructorResolver.instantiateUsingFactoryMethod(ConstructorResolver.java:636)
	at org.springframework.beans.factory.support.AbstractAutowireCapableBeanFactory.instantiateUsingFactoryMethod(AbstractAutowireCapableBeanFactory.java:1355)
	at org.springframework.beans.factory.support.AbstractAutowireCapableBeanFactory.createBeanInstance(AbstractAutowireCapableBeanFactory.java:1185)
	at org.springframework.beans.factory.support.AbstractAutowireCapableBeanFactory.doCreateBean(AbstractAutowireCapableBeanFactory.java:562)
	at org.springframework.beans.factory.support.AbstractAutowireCapableBeanFactory.createBean(AbstractAutowireCapableBeanFactory.java:522)
	at org.springframework.beans.factory.support.AbstractBeanFactory.lambda$doGetBean$1(AbstractBeanFactory.java:376)
	at org.springframework.cloud.context.scope.GenericScope$BeanLifecycleWrapper.getBean(GenericScope.java:375)
	at org.springframework.cloud.context.scope.GenericScope.get(GenericScope.java:179)
	at org.springframework.beans.factory.support.AbstractBeanFactory.doGetBean(AbstractBeanFactory.java:373)
	at org.springframework.beans.factory.support.AbstractBeanFactory.getBean(AbstractBeanFactory.java:200)
	at org.springframework.aop.target.SimpleBeanTargetSource.getTarget(SimpleBeanTargetSource.java:35)
	at org.springframework.cloud.netflix.eureka.serviceregistry.EurekaRegistration.getTargetObject(EurekaRegistration.java:128)
	at org.springframework.cloud.netflix.eureka.serviceregistry.EurekaRegistration.getEurekaClient(EurekaRegistration.java:116)
	at java.base/jdk.internal.reflect.DirectMethodHandleAccessor.invoke(DirectMethodHandleAccessor.java:103)
	at java.base/java.lang.reflect.Method.invoke(Method.java:580)
	at org.springframework.util.ReflectionUtils.invokeMethod(ReflectionUtils.java:281)
	at org.springframework.cloud.context.scope.GenericScope$LockedScopedProxyFactoryBean.invoke(GenericScope.java:482)
	at org.springframework.aop.framework.ReflectiveMethodInvocation.proceed(ReflectiveMethodInvocation.java:184)
	at org.springframework.aop.framework.CglibAopProxy$CglibMethodInvocation.proceed(CglibAopProxy.java:768)
	at org.springframework.aop.framework.CglibAopProxy$DynamicAdvisedInterceptor.intercept(CglibAopProxy.java:720)
	at org.springframework.cloud.netflix.eureka.serviceregistry.EurekaRegistration$$SpringCGLIB$$0.getEurekaClient(<generated>)
	at org.springframework.cloud.netflix.eureka.serviceregistry.EurekaServiceRegistry.maybeInitializeClient(EurekaServiceRegistry.java:83)
	at org.springframework.cloud.netflix.eureka.serviceregistry.EurekaServiceRegistry.register(EurekaServiceRegistry.java:66)
	at org.springframework.cloud.netflix.eureka.serviceregistry.EurekaAutoServiceRegistration.start(EurekaAutoServiceRegistration.java:89)
	at org.springframework.context.support.DefaultLifecycleProcessor.doStart(DefaultLifecycleProcessor.java:285)
	at org.springframework.context.support.DefaultLifecycleProcessor$LifecycleGroup.start(DefaultLifecycleProcessor.java:469)
	at java.base/java.lang.Iterable.forEach(Iterable.java:75)
	at org.springframework.context.support.DefaultLifecycleProcessor.startBeans(DefaultLifecycleProcessor.java:257)
	at org.springframework.context.support.DefaultLifecycleProcessor.onRefresh(DefaultLifecycleProcessor.java:202)
	at org.springframework.context.support.AbstractApplicationContext.finishRefresh(AbstractApplicationContext.java:990)
	at org.springframework.context.support.AbstractApplicationContext.refresh(AbstractApplicationContext.java:628)
	at org.springframework.boot.web.servlet.context.ServletWebServerApplicationContext.refresh(ServletWebServerApplicationContext.java:146)
	at org.springframework.boot.SpringApplication.refresh(SpringApplication.java:754)
	at org.springframework.boot.SpringApplication.refreshContext(SpringApplication.java:456)
	at org.springframework.boot.SpringApplication.run(SpringApplication.java:335)
	at org.springframework.boot.SpringApplication.run(SpringApplication.java:1363)
	at org.springframework.boot.SpringApplication.run(SpringApplication.java:1352)
	at com.blm.store.StoreApplication.main(StoreApplication.java:16)

2025-08-30 15:13:12.268 [main] INFO  com.netflix.discovery.DiscoveryClient:[<init>:412] - Initial registry fetch from primary servers failed
2025-08-30 15:13:12.268 [main] WARN  com.netflix.discovery.DiscoveryClient:[get:266] - Using default backup registry implementation which does not do anything.
2025-08-30 15:13:12.268 [main] INFO  com.netflix.discovery.DiscoveryClient:[<init>:417] - Initial registry fetch from backup servers failed
2025-08-30 15:13:12.268 [main] INFO  com.netflix.discovery.DiscoveryClient:[initScheduledTasks:1266] - Starting heartbeat executor: renew interval is: 10
2025-08-30 15:13:12.269 [main] INFO  com.netflix.discovery.InstanceInfoReplicator:[<init>:64] - InstanceInfoReplicator onDemand update allowed rate per min is 4
2025-08-30 15:13:12.270 [main] INFO  com.netflix.discovery.DiscoveryClient:[<init>:455] - Discovery Client initialized at timestamp 1756537992270 with initial instances count: 0
2025-08-30 15:13:12.272 [main] INFO  o.s.c.n.e.serviceregistry.EurekaServiceRegistry:[register:70] - Registering application STORE-SERVICE with eureka with status UP
2025-08-30 15:13:12.273 [main] INFO  com.netflix.discovery.DiscoveryClient:[notify:1297] - Saw local status change event StatusChangeEvent [timestamp=1756537992273, current=UP, previous=STARTING]
2025-08-30 15:13:12.274 [DiscoveryClient-InstanceInfoReplicator-%d] INFO  com.netflix.discovery.DiscoveryClient:[register:825] - DiscoveryClient_STORE-SERVICE/SS11041203:store-service:8083: registering service...
2025-08-30 15:13:12.285 [main] INFO  o.s.boot.web.embedded.tomcat.TomcatWebServer:[start:243] - Tomcat started on port 8083 (http) with context path '/'
2025-08-30 15:13:12.286 [main] INFO  o.s.c.n.e.s.EurekaAutoServiceRegistration:[onApplicationEvent:150] - Updating port to 8083
2025-08-30 15:13:12.295 [main] INFO  com.blm.store.StoreApplication:[logStarted:56] - Started StoreApplication in 2.221 seconds (process running for 2.622)
2025-08-30 15:13:12.325 [DiscoveryClient-InstanceInfoReplicator-%d] INFO  c.n.d.s.t.decorator.RedirectingEurekaHttpClient:[execute:84] - Request execution error. endpoint=DefaultEndpoint{ serviceUrl='http://localhost:8761/eureka/}, exception=I/O error on POST request for "http://localhost:8761/eureka/apps/STORE-SERVICE": Connect to http://localhost:8761 [localhost/127.0.0.1, localhost/0:0:0:0:0:0:0:1] failed: Connection refused: getsockopt stacktrace=org.springframework.web.client.ResourceAccessException: I/O error on POST request for "http://localhost:8761/eureka/apps/STORE-SERVICE": Connect to http://localhost:8761 [localhost/127.0.0.1, localhost/0:0:0:0:0:0:0:1] failed: Connection refused: getsockopt
	at org.springframework.web.client.RestTemplate.createResourceAccessException(RestTemplate.java:915)
	at org.springframework.web.client.RestTemplate.doExecute(RestTemplate.java:895)
	at org.springframework.web.client.RestTemplate.execute(RestTemplate.java:790)
	at org.springframework.web.client.RestTemplate.exchange(RestTemplate.java:672)
	at org.springframework.cloud.netflix.eureka.http.RestTemplateEurekaHttpClient.register(RestTemplateEurekaHttpClient.java:77)
	at com.netflix.discovery.shared.transport.decorator.EurekaHttpClientDecorator$1.execute(EurekaHttpClientDecorator.java:59)
	at com.netflix.discovery.shared.transport.decorator.RedirectingEurekaHttpClient.executeOnNewServer(RedirectingEurekaHttpClient.java:121)
	at com.netflix.discovery.shared.transport.decorator.RedirectingEurekaHttpClient.execute(RedirectingEurekaHttpClient.java:80)
	at com.netflix.discovery.shared.transport.decorator.EurekaHttpClientDecorator.register(EurekaHttpClientDecorator.java:56)
	at com.netflix.discovery.shared.transport.decorator.EurekaHttpClientDecorator$1.execute(EurekaHttpClientDecorator.java:59)
	at com.netflix.discovery.shared.transport.decorator.RetryableEurekaHttpClient.execute(RetryableEurekaHttpClient.java:120)
	at com.netflix.discovery.shared.transport.decorator.EurekaHttpClientDecorator.register(EurekaHttpClientDecorator.java:56)
	at com.netflix.discovery.shared.transport.decorator.EurekaHttpClientDecorator$1.execute(EurekaHttpClientDecorator.java:59)
	at com.netflix.discovery.shared.transport.decorator.SessionedEurekaHttpClient.execute(SessionedEurekaHttpClient.java:76)
	at com.netflix.discovery.shared.transport.decorator.EurekaHttpClientDecorator.register(EurekaHttpClientDecorator.java:56)
	at com.netflix.discovery.DiscoveryClient.register(DiscoveryClient.java:828)
	at com.netflix.discovery.InstanceInfoReplicator.run(InstanceInfoReplicator.java:125)
	at com.netflix.discovery.InstanceInfoReplicator$2.run(InstanceInfoReplicator.java:105)
	at java.base/java.util.concurrent.Executors$RunnableAdapter.call(Executors.java:572)
	at java.base/java.util.concurrent.FutureTask.run(FutureTask.java:317)
	at java.base/java.util.concurrent.ScheduledThreadPoolExecutor$ScheduledFutureTask.run(ScheduledThreadPoolExecutor.java:304)
	at java.base/java.util.concurrent.ThreadPoolExecutor.runWorker(ThreadPoolExecutor.java:1144)
	at java.base/java.util.concurrent.ThreadPoolExecutor$Worker.run(ThreadPoolExecutor.java:642)
	at java.base/java.lang.Thread.run(Thread.java:1583)
Caused by: org.apache.hc.client5.http.HttpHostConnectException: Connect to http://localhost:8761 [localhost/127.0.0.1, localhost/0:0:0:0:0:0:0:1] failed: Connection refused: getsockopt
	at java.base/sun.nio.ch.Net.pollConnect(Native Method)
	at java.base/sun.nio.ch.Net.pollConnectNow(Net.java:682)
	at java.base/sun.nio.ch.NioSocketImpl.timedFinishConnect(NioSocketImpl.java:542)
	at java.base/sun.nio.ch.NioSocketImpl.connect(NioSocketImpl.java:592)
	at java.base/java.net.SocksSocketImpl.connect(SocksSocketImpl.java:327)
	at java.base/java.net.Socket.connect(Socket.java:751)
	at org.apache.hc.client5.http.socket.PlainConnectionSocketFactory.lambda$connectSocket$0(PlainConnectionSocketFactory.java:91)
	at java.base/java.security.AccessController.doPrivileged(AccessController.java:571)
	at org.apache.hc.client5.http.socket.PlainConnectionSocketFactory.connectSocket(PlainConnectionSocketFactory.java:90)
	at org.apache.hc.client5.http.socket.ConnectionSocketFactory.connectSocket(ConnectionSocketFactory.java:123)
	at org.apache.hc.client5.http.impl.io.DefaultHttpClientConnectionOperator.connect(DefaultHttpClientConnectionOperator.java:189)
	at org.apache.hc.client5.http.impl.io.PoolingHttpClientConnectionManager.connect(PoolingHttpClientConnectionManager.java:450)
	at org.apache.hc.client5.http.impl.classic.InternalExecRuntime.connectEndpoint(InternalExecRuntime.java:162)
	at org.apache.hc.client5.http.impl.classic.InternalExecRuntime.connectEndpoint(InternalExecRuntime.java:172)
	at org.apache.hc.client5.http.impl.classic.ConnectExec.execute(ConnectExec.java:142)
	at org.apache.hc.client5.http.impl.classic.ExecChainElement.execute(ExecChainElement.java:51)
	at org.apache.hc.client5.http.impl.classic.ProtocolExec.execute(ProtocolExec.java:192)
	at org.apache.hc.client5.http.impl.classic.ExecChainElement.execute(ExecChainElement.java:51)
	at org.apache.hc.client5.http.impl.classic.HttpRequestRetryExec.execute(HttpRequestRetryExec.java:113)
	at org.apache.hc.client5.http.impl.classic.ExecChainElement.execute(ExecChainElement.java:51)
	at org.apache.hc.client5.http.impl.classic.ContentCompressionExec.execute(ContentCompressionExec.java:152)
	at org.apache.hc.client5.http.impl.classic.ExecChainElement.execute(ExecChainElement.java:51)
	at org.apache.hc.client5.http.impl.classic.RedirectExec.execute(RedirectExec.java:116)
	at org.apache.hc.client5.http.impl.classic.ExecChainElement.execute(ExecChainElement.java:51)
	at org.apache.hc.client5.http.impl.classic.InternalHttpClient.doExecute(InternalHttpClient.java:170)
	at org.apache.hc.client5.http.impl.classic.CloseableHttpClient.execute(CloseableHttpClient.java:87)
	at org.apache.hc.client5.http.impl.classic.CloseableHttpClient.execute(CloseableHttpClient.java:55)
	at org.apache.hc.client5.http.classic.HttpClient.executeOpen(HttpClient.java:183)
	at org.springframework.http.client.HttpComponentsClientHttpRequest.executeInternal(HttpComponentsClientHttpRequest.java:99)
	at org.springframework.http.client.AbstractStreamingClientHttpRequest.executeInternal(AbstractStreamingClientHttpRequest.java:70)
	at org.springframework.http.client.AbstractClientHttpRequest.execute(AbstractClientHttpRequest.java:66)
	at org.springframework.http.client.InterceptingClientHttpRequest$InterceptingRequestExecution.execute(InterceptingClientHttpRequest.java:112)
	at org.springframework.cloud.netflix.eureka.http.RestTemplateTransportClientFactory.lambda$restTemplate$3(RestTemplateTransportClientFactory.java:170)
	at org.springframework.http.client.InterceptingClientHttpRequest$InterceptingRequestExecution.execute(InterceptingClientHttpRequest.java:88)
	at org.springframework.http.client.InterceptingClientHttpRequest.executeInternal(InterceptingClientHttpRequest.java:72)
	at org.springframework.http.client.AbstractBufferingClientHttpRequest.executeInternal(AbstractBufferingClientHttpRequest.java:48)
	at org.springframework.http.client.AbstractClientHttpRequest.execute(AbstractClientHttpRequest.java:66)
	at org.springframework.web.client.RestTemplate.doExecute(RestTemplate.java:889)
	... 22 more

2025-08-30 15:13:12.325 [DiscoveryClient-InstanceInfoReplicator-%d] WARN  c.n.d.s.t.decorator.RetryableEurekaHttpClient:[execute:130] - Request execution failed with message: I/O error on POST request for "http://localhost:8761/eureka/apps/STORE-SERVICE": Connect to http://localhost:8761 [localhost/127.0.0.1, localhost/0:0:0:0:0:0:0:1] failed: Connection refused: getsockopt
2025-08-30 15:13:12.326 [DiscoveryClient-InstanceInfoReplicator-%d] WARN  com.netflix.discovery.DiscoveryClient:[register:830] - DiscoveryClient_STORE-SERVICE/SS11041203:store-service:8083 - registration failed Cannot execute request on any known server
com.netflix.discovery.shared.transport.TransportException: Cannot execute request on any known server
	at com.netflix.discovery.shared.transport.decorator.RetryableEurekaHttpClient.execute(RetryableEurekaHttpClient.java:112)
	at com.netflix.discovery.shared.transport.decorator.EurekaHttpClientDecorator.register(EurekaHttpClientDecorator.java:56)
	at com.netflix.discovery.shared.transport.decorator.EurekaHttpClientDecorator$1.execute(EurekaHttpClientDecorator.java:59)
	at com.netflix.discovery.shared.transport.decorator.SessionedEurekaHttpClient.execute(SessionedEurekaHttpClient.java:76)
	at com.netflix.discovery.shared.transport.decorator.EurekaHttpClientDecorator.register(EurekaHttpClientDecorator.java:56)
	at com.netflix.discovery.DiscoveryClient.register(DiscoveryClient.java:828)
	at com.netflix.discovery.InstanceInfoReplicator.run(InstanceInfoReplicator.java:125)
	at com.netflix.discovery.InstanceInfoReplicator$2.run(InstanceInfoReplicator.java:105)
	at java.base/java.util.concurrent.Executors$RunnableAdapter.call(Executors.java:572)
	at java.base/java.util.concurrent.FutureTask.run(FutureTask.java:317)
	at java.base/java.util.concurrent.ScheduledThreadPoolExecutor$ScheduledFutureTask.run(ScheduledThreadPoolExecutor.java:304)
	at java.base/java.util.concurrent.ThreadPoolExecutor.runWorker(ThreadPoolExecutor.java:1144)
	at java.base/java.util.concurrent.ThreadPoolExecutor$Worker.run(ThreadPoolExecutor.java:642)
	at java.base/java.lang.Thread.run(Thread.java:1583)
2025-08-30 15:13:12.329 [DiscoveryClient-InstanceInfoReplicator-%d] WARN  com.netflix.discovery.InstanceInfoReplicator:[run:129] - There was a problem with the instance info replicator
com.netflix.discovery.shared.transport.TransportException: Cannot execute request on any known server
	at com.netflix.discovery.shared.transport.decorator.RetryableEurekaHttpClient.execute(RetryableEurekaHttpClient.java:112)
	at com.netflix.discovery.shared.transport.decorator.EurekaHttpClientDecorator.register(EurekaHttpClientDecorator.java:56)
	at com.netflix.discovery.shared.transport.decorator.EurekaHttpClientDecorator$1.execute(EurekaHttpClientDecorator.java:59)
	at com.netflix.discovery.shared.transport.decorator.SessionedEurekaHttpClient.execute(SessionedEurekaHttpClient.java:76)
	at com.netflix.discovery.shared.transport.decorator.EurekaHttpClientDecorator.register(EurekaHttpClientDecorator.java:56)
	at com.netflix.discovery.DiscoveryClient.register(DiscoveryClient.java:828)
	at com.netflix.discovery.InstanceInfoReplicator.run(InstanceInfoReplicator.java:125)
	at com.netflix.discovery.InstanceInfoReplicator$2.run(InstanceInfoReplicator.java:105)
	at java.base/java.util.concurrent.Executors$RunnableAdapter.call(Executors.java:572)
	at java.base/java.util.concurrent.FutureTask.run(FutureTask.java:317)
	at java.base/java.util.concurrent.ScheduledThreadPoolExecutor$ScheduledFutureTask.run(ScheduledThreadPoolExecutor.java:304)
	at java.base/java.util.concurrent.ThreadPoolExecutor.runWorker(ThreadPoolExecutor.java:1144)
	at java.base/java.util.concurrent.ThreadPoolExecutor$Worker.run(ThreadPoolExecutor.java:642)
	at java.base/java.lang.Thread.run(Thread.java:1583)
2025-08-30 15:13:22.303 [DiscoveryClient-HeartbeatExecutor-%d] INFO  c.n.d.s.t.decorator.RedirectingEurekaHttpClient:[execute:84] - Request execution error. endpoint=DefaultEndpoint{ serviceUrl='http://localhost:8761/eureka/}, exception=I/O error on PUT request for "http://localhost:8761/eureka/apps/STORE-SERVICE/SS11041203:store-service:8083": Connect to http://localhost:8761 [localhost/127.0.0.1, localhost/0:0:0:0:0:0:0:1] failed: Connection refused: getsockopt stacktrace=org.springframework.web.client.ResourceAccessException: I/O error on PUT request for "http://localhost:8761/eureka/apps/STORE-SERVICE/SS11041203:store-service:8083": Connect to http://localhost:8761 [localhost/127.0.0.1, localhost/0:0:0:0:0:0:0:1] failed: Connection refused: getsockopt
	at org.springframework.web.client.RestTemplate.createResourceAccessException(RestTemplate.java:915)
	at org.springframework.web.client.RestTemplate.doExecute(RestTemplate.java:895)
	at org.springframework.web.client.RestTemplate.execute(RestTemplate.java:790)
	at org.springframework.web.client.RestTemplate.exchange(RestTemplate.java:672)
	at org.springframework.cloud.netflix.eureka.http.RestTemplateEurekaHttpClient.sendHeartBeat(RestTemplateEurekaHttpClient.java:99)
	at com.netflix.discovery.shared.transport.decorator.EurekaHttpClientDecorator$3.execute(EurekaHttpClientDecorator.java:92)
	at com.netflix.discovery.shared.transport.decorator.RedirectingEurekaHttpClient.executeOnNewServer(RedirectingEurekaHttpClient.java:121)
	at com.netflix.discovery.shared.transport.decorator.RedirectingEurekaHttpClient.execute(RedirectingEurekaHttpClient.java:80)
	at com.netflix.discovery.shared.transport.decorator.EurekaHttpClientDecorator.sendHeartBeat(EurekaHttpClientDecorator.java:89)
	at com.netflix.discovery.shared.transport.decorator.EurekaHttpClientDecorator$3.execute(EurekaHttpClientDecorator.java:92)
	at com.netflix.discovery.shared.transport.decorator.RetryableEurekaHttpClient.execute(RetryableEurekaHttpClient.java:120)
	at com.netflix.discovery.shared.transport.decorator.EurekaHttpClientDecorator.sendHeartBeat(EurekaHttpClientDecorator.java:89)
	at com.netflix.discovery.shared.transport.decorator.EurekaHttpClientDecorator$3.execute(EurekaHttpClientDecorator.java:92)
	at com.netflix.discovery.shared.transport.decorator.SessionedEurekaHttpClient.execute(SessionedEurekaHttpClient.java:76)
	at com.netflix.discovery.shared.transport.decorator.EurekaHttpClientDecorator.sendHeartBeat(EurekaHttpClientDecorator.java:89)
	at com.netflix.discovery.DiscoveryClient.renew(DiscoveryClient.java:845)
	at com.netflix.discovery.DiscoveryClient$HeartbeatThread.run(DiscoveryClient.java:1402)
	at java.base/java.util.concurrent.Executors$RunnableAdapter.call(Executors.java:572)
	at java.base/java.util.concurrent.FutureTask.run(FutureTask.java:317)
	at java.base/java.util.concurrent.ThreadPoolExecutor.runWorker(ThreadPoolExecutor.java:1144)
	at java.base/java.util.concurrent.ThreadPoolExecutor$Worker.run(ThreadPoolExecutor.java:642)
	at java.base/java.lang.Thread.run(Thread.java:1583)
Caused by: org.apache.hc.client5.http.HttpHostConnectException: Connect to http://localhost:8761 [localhost/127.0.0.1, localhost/0:0:0:0:0:0:0:1] failed: Connection refused: getsockopt
	at java.base/sun.nio.ch.Net.pollConnect(Native Method)
	at java.base/sun.nio.ch.Net.pollConnectNow(Net.java:682)
	at java.base/sun.nio.ch.NioSocketImpl.timedFinishConnect(NioSocketImpl.java:542)
	at java.base/sun.nio.ch.NioSocketImpl.connect(NioSocketImpl.java:592)
	at java.base/java.net.SocksSocketImpl.connect(SocksSocketImpl.java:327)
	at java.base/java.net.Socket.connect(Socket.java:751)
	at org.apache.hc.client5.http.socket.PlainConnectionSocketFactory.lambda$connectSocket$0(PlainConnectionSocketFactory.java:91)
	at java.base/java.security.AccessController.doPrivileged(AccessController.java:571)
	at org.apache.hc.client5.http.socket.PlainConnectionSocketFactory.connectSocket(PlainConnectionSocketFactory.java:90)
	at org.apache.hc.client5.http.socket.ConnectionSocketFactory.connectSocket(ConnectionSocketFactory.java:123)
	at org.apache.hc.client5.http.impl.io.DefaultHttpClientConnectionOperator.connect(DefaultHttpClientConnectionOperator.java:189)
	at org.apache.hc.client5.http.impl.io.PoolingHttpClientConnectionManager.connect(PoolingHttpClientConnectionManager.java:450)
	at org.apache.hc.client5.http.impl.classic.InternalExecRuntime.connectEndpoint(InternalExecRuntime.java:162)
	at org.apache.hc.client5.http.impl.classic.InternalExecRuntime.connectEndpoint(InternalExecRuntime.java:172)
	at org.apache.hc.client5.http.impl.classic.ConnectExec.execute(ConnectExec.java:142)
	at org.apache.hc.client5.http.impl.classic.ExecChainElement.execute(ExecChainElement.java:51)
	at org.apache.hc.client5.http.impl.classic.ProtocolExec.execute(ProtocolExec.java:192)
	at org.apache.hc.client5.http.impl.classic.ExecChainElement.execute(ExecChainElement.java:51)
	at org.apache.hc.client5.http.impl.classic.HttpRequestRetryExec.execute(HttpRequestRetryExec.java:113)
	at org.apache.hc.client5.http.impl.classic.ExecChainElement.execute(ExecChainElement.java:51)
	at org.apache.hc.client5.http.impl.classic.ContentCompressionExec.execute(ContentCompressionExec.java:152)
	at org.apache.hc.client5.http.impl.classic.ExecChainElement.execute(ExecChainElement.java:51)
	at org.apache.hc.client5.http.impl.classic.RedirectExec.execute(RedirectExec.java:116)
	at org.apache.hc.client5.http.impl.classic.ExecChainElement.execute(ExecChainElement.java:51)
	at org.apache.hc.client5.http.impl.classic.InternalHttpClient.doExecute(InternalHttpClient.java:170)
	at org.apache.hc.client5.http.impl.classic.CloseableHttpClient.execute(CloseableHttpClient.java:87)
	at org.apache.hc.client5.http.impl.classic.CloseableHttpClient.execute(CloseableHttpClient.java:55)
	at org.apache.hc.client5.http.classic.HttpClient.executeOpen(HttpClient.java:183)
	at org.springframework.http.client.HttpComponentsClientHttpRequest.executeInternal(HttpComponentsClientHttpRequest.java:99)
	at org.springframework.http.client.AbstractStreamingClientHttpRequest.executeInternal(AbstractStreamingClientHttpRequest.java:70)
	at org.springframework.http.client.AbstractClientHttpRequest.execute(AbstractClientHttpRequest.java:66)
	at org.springframework.http.client.InterceptingClientHttpRequest$InterceptingRequestExecution.execute(InterceptingClientHttpRequest.java:112)
	at org.springframework.cloud.netflix.eureka.http.RestTemplateTransportClientFactory.lambda$restTemplate$3(RestTemplateTransportClientFactory.java:170)
	at org.springframework.http.client.InterceptingClientHttpRequest$InterceptingRequestExecution.execute(InterceptingClientHttpRequest.java:88)
	at org.springframework.http.client.InterceptingClientHttpRequest.executeInternal(InterceptingClientHttpRequest.java:72)
	at org.springframework.http.client.AbstractBufferingClientHttpRequest.executeInternal(AbstractBufferingClientHttpRequest.java:48)
	at org.springframework.http.client.AbstractClientHttpRequest.execute(AbstractClientHttpRequest.java:66)
	at org.springframework.web.client.RestTemplate.doExecute(RestTemplate.java:889)
	... 20 more

2025-08-30 15:13:22.304 [DiscoveryClient-HeartbeatExecutor-%d] WARN  c.n.d.s.t.decorator.RetryableEurekaHttpClient:[execute:130] - Request execution failed with message: I/O error on PUT request for "http://localhost:8761/eureka/apps/STORE-SERVICE/SS11041203:store-service:8083": Connect to http://localhost:8761 [localhost/127.0.0.1, localhost/0:0:0:0:0:0:0:1] failed: Connection refused: getsockopt
2025-08-30 15:13:22.304 [DiscoveryClient-HeartbeatExecutor-%d] ERROR com.netflix.discovery.DiscoveryClient:[renew:859] - DiscoveryClient_STORE-SERVICE/SS11041203:store-service:8083 - was unable to send heartbeat!
com.netflix.discovery.shared.transport.TransportException: Cannot execute request on any known server
	at com.netflix.discovery.shared.transport.decorator.RetryableEurekaHttpClient.execute(RetryableEurekaHttpClient.java:112)
	at com.netflix.discovery.shared.transport.decorator.EurekaHttpClientDecorator.sendHeartBeat(EurekaHttpClientDecorator.java:89)
	at com.netflix.discovery.shared.transport.decorator.EurekaHttpClientDecorator$3.execute(EurekaHttpClientDecorator.java:92)
	at com.netflix.discovery.shared.transport.decorator.SessionedEurekaHttpClient.execute(SessionedEurekaHttpClient.java:76)
	at com.netflix.discovery.shared.transport.decorator.EurekaHttpClientDecorator.sendHeartBeat(EurekaHttpClientDecorator.java:89)
	at com.netflix.discovery.DiscoveryClient.renew(DiscoveryClient.java:845)
	at com.netflix.discovery.DiscoveryClient$HeartbeatThread.run(DiscoveryClient.java:1402)
	at java.base/java.util.concurrent.Executors$RunnableAdapter.call(Executors.java:572)
	at java.base/java.util.concurrent.FutureTask.run(FutureTask.java:317)
	at java.base/java.util.concurrent.ThreadPoolExecutor.runWorker(ThreadPoolExecutor.java:1144)
	at java.base/java.util.concurrent.ThreadPoolExecutor$Worker.run(ThreadPoolExecutor.java:642)
	at java.base/java.lang.Thread.run(Thread.java:1583)
2025-08-30 15:13:32.334 [DiscoveryClient-HeartbeatExecutor-%d] INFO  c.n.d.s.t.decorator.RedirectingEurekaHttpClient:[execute:84] - Request execution error. endpoint=DefaultEndpoint{ serviceUrl='http://localhost:8761/eureka/}, exception=I/O error on PUT request for "http://localhost:8761/eureka/apps/STORE-SERVICE/SS11041203:store-service:8083": Connect to http://localhost:8761 [localhost/127.0.0.1, localhost/0:0:0:0:0:0:0:1] failed: Connection refused: getsockopt stacktrace=org.springframework.web.client.ResourceAccessException: I/O error on PUT request for "http://localhost:8761/eureka/apps/STORE-SERVICE/SS11041203:store-service:8083": Connect to http://localhost:8761 [localhost/127.0.0.1, localhost/0:0:0:0:0:0:0:1] failed: Connection refused: getsockopt
	at org.springframework.web.client.RestTemplate.createResourceAccessException(RestTemplate.java:915)
	at org.springframework.web.client.RestTemplate.doExecute(RestTemplate.java:895)
	at org.springframework.web.client.RestTemplate.execute(RestTemplate.java:790)
	at org.springframework.web.client.RestTemplate.exchange(RestTemplate.java:672)
	at org.springframework.cloud.netflix.eureka.http.RestTemplateEurekaHttpClient.sendHeartBeat(RestTemplateEurekaHttpClient.java:99)
	at com.netflix.discovery.shared.transport.decorator.EurekaHttpClientDecorator$3.execute(EurekaHttpClientDecorator.java:92)
	at com.netflix.discovery.shared.transport.decorator.RedirectingEurekaHttpClient.executeOnNewServer(RedirectingEurekaHttpClient.java:121)
	at com.netflix.discovery.shared.transport.decorator.RedirectingEurekaHttpClient.execute(RedirectingEurekaHttpClient.java:80)
	at com.netflix.discovery.shared.transport.decorator.EurekaHttpClientDecorator.sendHeartBeat(EurekaHttpClientDecorator.java:89)
	at com.netflix.discovery.shared.transport.decorator.EurekaHttpClientDecorator$3.execute(EurekaHttpClientDecorator.java:92)
	at com.netflix.discovery.shared.transport.decorator.RetryableEurekaHttpClient.execute(RetryableEurekaHttpClient.java:120)
	at com.netflix.discovery.shared.transport.decorator.EurekaHttpClientDecorator.sendHeartBeat(EurekaHttpClientDecorator.java:89)
	at com.netflix.discovery.shared.transport.decorator.EurekaHttpClientDecorator$3.execute(EurekaHttpClientDecorator.java:92)
	at com.netflix.discovery.shared.transport.decorator.SessionedEurekaHttpClient.execute(SessionedEurekaHttpClient.java:76)
	at com.netflix.discovery.shared.transport.decorator.EurekaHttpClientDecorator.sendHeartBeat(EurekaHttpClientDecorator.java:89)
	at com.netflix.discovery.DiscoveryClient.renew(DiscoveryClient.java:845)
	at com.netflix.discovery.DiscoveryClient$HeartbeatThread.run(DiscoveryClient.java:1402)
	at java.base/java.util.concurrent.Executors$RunnableAdapter.call(Executors.java:572)
	at java.base/java.util.concurrent.FutureTask.run(FutureTask.java:317)
	at java.base/java.util.concurrent.ThreadPoolExecutor.runWorker(ThreadPoolExecutor.java:1144)
	at java.base/java.util.concurrent.ThreadPoolExecutor$Worker.run(ThreadPoolExecutor.java:642)
	at java.base/java.lang.Thread.run(Thread.java:1583)
Caused by: org.apache.hc.client5.http.HttpHostConnectException: Connect to http://localhost:8761 [localhost/127.0.0.1, localhost/0:0:0:0:0:0:0:1] failed: Connection refused: getsockopt
	at java.base/sun.nio.ch.Net.pollConnect(Native Method)
	at java.base/sun.nio.ch.Net.pollConnectNow(Net.java:682)
	at java.base/sun.nio.ch.NioSocketImpl.timedFinishConnect(NioSocketImpl.java:542)
	at java.base/sun.nio.ch.NioSocketImpl.connect(NioSocketImpl.java:592)
	at java.base/java.net.SocksSocketImpl.connect(SocksSocketImpl.java:327)
	at java.base/java.net.Socket.connect(Socket.java:751)
	at org.apache.hc.client5.http.socket.PlainConnectionSocketFactory.lambda$connectSocket$0(PlainConnectionSocketFactory.java:91)
	at java.base/java.security.AccessController.doPrivileged(AccessController.java:571)
	at org.apache.hc.client5.http.socket.PlainConnectionSocketFactory.connectSocket(PlainConnectionSocketFactory.java:90)
	at org.apache.hc.client5.http.socket.ConnectionSocketFactory.connectSocket(ConnectionSocketFactory.java:123)
	at org.apache.hc.client5.http.impl.io.DefaultHttpClientConnectionOperator.connect(DefaultHttpClientConnectionOperator.java:189)
	at org.apache.hc.client5.http.impl.io.PoolingHttpClientConnectionManager.connect(PoolingHttpClientConnectionManager.java:450)
	at org.apache.hc.client5.http.impl.classic.InternalExecRuntime.connectEndpoint(InternalExecRuntime.java:162)
	at org.apache.hc.client5.http.impl.classic.InternalExecRuntime.connectEndpoint(InternalExecRuntime.java:172)
	at org.apache.hc.client5.http.impl.classic.ConnectExec.execute(ConnectExec.java:142)
	at org.apache.hc.client5.http.impl.classic.ExecChainElement.execute(ExecChainElement.java:51)
	at org.apache.hc.client5.http.impl.classic.ProtocolExec.execute(ProtocolExec.java:192)
	at org.apache.hc.client5.http.impl.classic.ExecChainElement.execute(ExecChainElement.java:51)
	at org.apache.hc.client5.http.impl.classic.HttpRequestRetryExec.execute(HttpRequestRetryExec.java:113)
	at org.apache.hc.client5.http.impl.classic.ExecChainElement.execute(ExecChainElement.java:51)
	at org.apache.hc.client5.http.impl.classic.ContentCompressionExec.execute(ContentCompressionExec.java:152)
	at org.apache.hc.client5.http.impl.classic.ExecChainElement.execute(ExecChainElement.java:51)
	at org.apache.hc.client5.http.impl.classic.RedirectExec.execute(RedirectExec.java:116)
	at org.apache.hc.client5.http.impl.classic.ExecChainElement.execute(ExecChainElement.java:51)
	at org.apache.hc.client5.http.impl.classic.InternalHttpClient.doExecute(InternalHttpClient.java:170)
	at org.apache.hc.client5.http.impl.classic.CloseableHttpClient.execute(CloseableHttpClient.java:87)
	at org.apache.hc.client5.http.impl.classic.CloseableHttpClient.execute(CloseableHttpClient.java:55)
	at org.apache.hc.client5.http.classic.HttpClient.executeOpen(HttpClient.java:183)
	at org.springframework.http.client.HttpComponentsClientHttpRequest.executeInternal(HttpComponentsClientHttpRequest.java:99)
	at org.springframework.http.client.AbstractStreamingClientHttpRequest.executeInternal(AbstractStreamingClientHttpRequest.java:70)
	at org.springframework.http.client.AbstractClientHttpRequest.execute(AbstractClientHttpRequest.java:66)
	at org.springframework.http.client.InterceptingClientHttpRequest$InterceptingRequestExecution.execute(InterceptingClientHttpRequest.java:112)
	at org.springframework.cloud.netflix.eureka.http.RestTemplateTransportClientFactory.lambda$restTemplate$3(RestTemplateTransportClientFactory.java:170)
	at org.springframework.http.client.InterceptingClientHttpRequest$InterceptingRequestExecution.execute(InterceptingClientHttpRequest.java:88)
	at org.springframework.http.client.InterceptingClientHttpRequest.executeInternal(InterceptingClientHttpRequest.java:72)
	at org.springframework.http.client.AbstractBufferingClientHttpRequest.executeInternal(AbstractBufferingClientHttpRequest.java:48)
	at org.springframework.http.client.AbstractClientHttpRequest.execute(AbstractClientHttpRequest.java:66)
	at org.springframework.web.client.RestTemplate.doExecute(RestTemplate.java:889)
	... 20 more

2025-08-30 15:13:32.334 [DiscoveryClient-HeartbeatExecutor-%d] WARN  c.n.d.s.t.decorator.RetryableEurekaHttpClient:[execute:130] - Request execution failed with message: I/O error on PUT request for "http://localhost:8761/eureka/apps/STORE-SERVICE/SS11041203:store-service:8083": Connect to http://localhost:8761 [localhost/127.0.0.1, localhost/0:0:0:0:0:0:0:1] failed: Connection refused: getsockopt
2025-08-30 15:13:32.334 [DiscoveryClient-HeartbeatExecutor-%d] ERROR com.netflix.discovery.DiscoveryClient:[renew:859] - DiscoveryClient_STORE-SERVICE/SS11041203:store-service:8083 - was unable to send heartbeat!
com.netflix.discovery.shared.transport.TransportException: Cannot execute request on any known server
	at com.netflix.discovery.shared.transport.decorator.RetryableEurekaHttpClient.execute(RetryableEurekaHttpClient.java:112)
	at com.netflix.discovery.shared.transport.decorator.EurekaHttpClientDecorator.sendHeartBeat(EurekaHttpClientDecorator.java:89)
	at com.netflix.discovery.shared.transport.decorator.EurekaHttpClientDecorator$3.execute(EurekaHttpClientDecorator.java:92)
	at com.netflix.discovery.shared.transport.decorator.SessionedEurekaHttpClient.execute(SessionedEurekaHttpClient.java:76)
	at com.netflix.discovery.shared.transport.decorator.EurekaHttpClientDecorator.sendHeartBeat(EurekaHttpClientDecorator.java:89)
	at com.netflix.discovery.DiscoveryClient.renew(DiscoveryClient.java:845)
	at com.netflix.discovery.DiscoveryClient$HeartbeatThread.run(DiscoveryClient.java:1402)
	at java.base/java.util.concurrent.Executors$RunnableAdapter.call(Executors.java:572)
	at java.base/java.util.concurrent.FutureTask.run(FutureTask.java:317)
	at java.base/java.util.concurrent.ThreadPoolExecutor.runWorker(ThreadPoolExecutor.java:1144)
	at java.base/java.util.concurrent.ThreadPoolExecutor$Worker.run(ThreadPoolExecutor.java:642)
	at java.base/java.lang.Thread.run(Thread.java:1583)
2025-08-30 15:13:41.496 [HikariPool-1 housekeeper] DEBUG com.zaxxer.hikari.pool.HikariPool:[logPoolState:405] - HikariPool-1 - Pool stats (total=10, active=0, idle=10, waiting=0)
2025-08-30 15:13:41.496 [HikariPool-1 housekeeper] DEBUG com.zaxxer.hikari.pool.HikariPool:[fillPool:510] - HikariPool-1 - Fill pool skipped, pool has sufficient level or currently being filled.
2025-08-30 15:13:42.270 [DiscoveryClient-CacheRefreshExecutor-%d] INFO  com.netflix.discovery.DiscoveryClient:[fetchRegistry:954] - Disable delta property : false
2025-08-30 15:13:42.270 [DiscoveryClient-CacheRefreshExecutor-%d] INFO  com.netflix.discovery.DiscoveryClient:[fetchRegistry:955] - Single vip registry refresh property : null
2025-08-30 15:13:42.270 [DiscoveryClient-CacheRefreshExecutor-%d] INFO  com.netflix.discovery.DiscoveryClient:[fetchRegistry:956] - Force full registry fetch : false
2025-08-30 15:13:42.270 [DiscoveryClient-CacheRefreshExecutor-%d] INFO  com.netflix.discovery.DiscoveryClient:[fetchRegistry:957] - Application is null : false
2025-08-30 15:13:42.270 [DiscoveryClient-CacheRefreshExecutor-%d] INFO  com.netflix.discovery.DiscoveryClient:[fetchRegistry:958] - Registered Applications size is zero : true
2025-08-30 15:13:42.270 [DiscoveryClient-CacheRefreshExecutor-%d] INFO  com.netflix.discovery.DiscoveryClient:[fetchRegistry:960] - Application version is -1: true
2025-08-30 15:13:42.270 [DiscoveryClient-CacheRefreshExecutor-%d] INFO  com.netflix.discovery.DiscoveryClient:[getAndStoreFullRegistry:1042] - Getting all instance registry info from the eureka server
2025-08-30 15:13:42.294 [DiscoveryClient-CacheRefreshExecutor-%d] INFO  com.netflix.discovery.DiscoveryClient:[getAndStoreFullRegistry:1051] - The response status is 200
2025-08-30 15:13:42.334 [DiscoveryClient-InstanceInfoReplicator-%d] INFO  com.netflix.discovery.DiscoveryClient:[register:825] - DiscoveryClient_STORE-SERVICE/SS11041203:store-service:8083: registering service...
2025-08-30 15:13:42.340 [DiscoveryClient-InstanceInfoReplicator-%d] INFO  com.netflix.discovery.DiscoveryClient:[register:834] - DiscoveryClient_STORE-SERVICE/SS11041203:store-service:8083 - registration status: 204
2025-08-30 15:14:11.505 [HikariPool-1 housekeeper] DEBUG com.zaxxer.hikari.pool.HikariPool:[logPoolState:405] - HikariPool-1 - Pool stats (total=10, active=0, idle=10, waiting=0)
2025-08-30 15:14:11.505 [HikariPool-1 housekeeper] DEBUG com.zaxxer.hikari.pool.HikariPool:[fillPool:510] - HikariPool-1 - Fill pool skipped, pool has sufficient level or currently being filled.
2025-08-30 15:14:12.303 [DiscoveryClient-CacheRefreshExecutor-%d] INFO  com.netflix.discovery.DiscoveryClient:[fetchRegistry:954] - Disable delta property : false
2025-08-30 15:14:12.303 [DiscoveryClient-CacheRefreshExecutor-%d] INFO  com.netflix.discovery.DiscoveryClient:[fetchRegistry:955] - Single vip registry refresh property : null
2025-08-30 15:14:12.303 [DiscoveryClient-CacheRefreshExecutor-%d] INFO  com.netflix.discovery.DiscoveryClient:[fetchRegistry:956] - Force full registry fetch : false
2025-08-30 15:14:12.303 [DiscoveryClient-CacheRefreshExecutor-%d] INFO  com.netflix.discovery.DiscoveryClient:[fetchRegistry:957] - Application is null : false
2025-08-30 15:14:12.304 [DiscoveryClient-CacheRefreshExecutor-%d] INFO  com.netflix.discovery.DiscoveryClient:[fetchRegistry:958] - Registered Applications size is zero : true
2025-08-30 15:14:12.304 [DiscoveryClient-CacheRefreshExecutor-%d] INFO  com.netflix.discovery.DiscoveryClient:[fetchRegistry:960] - Application version is -1: false
2025-08-30 15:14:12.304 [DiscoveryClient-CacheRefreshExecutor-%d] INFO  com.netflix.discovery.DiscoveryClient:[getAndStoreFullRegistry:1042] - Getting all instance registry info from the eureka server
2025-08-30 15:14:12.352 [DiscoveryClient-CacheRefreshExecutor-%d] INFO  com.netflix.discovery.DiscoveryClient:[getAndStoreFullRegistry:1051] - The response status is 200
2025-08-30 15:14:41.519 [HikariPool-1 housekeeper] DEBUG com.zaxxer.hikari.pool.HikariPool:[logPoolState:405] - HikariPool-1 - Pool stats (total=10, active=0, idle=10, waiting=0)
2025-08-30 15:14:41.519 [HikariPool-1 housekeeper] DEBUG com.zaxxer.hikari.pool.HikariPool:[fillPool:510] - HikariPool-1 - Fill pool skipped, pool has sufficient level or currently being filled.
2025-08-30 15:15:11.527 [HikariPool-1 housekeeper] DEBUG com.zaxxer.hikari.pool.HikariPool:[logPoolState:405] - HikariPool-1 - Pool stats (total=10, active=0, idle=10, waiting=0)
2025-08-30 15:15:11.528 [HikariPool-1 housekeeper] DEBUG com.zaxxer.hikari.pool.HikariPool:[fillPool:510] - HikariPool-1 - Fill pool skipped, pool has sufficient level or currently being filled.
2025-08-30 15:15:41.530 [HikariPool-1 housekeeper] DEBUG com.zaxxer.hikari.pool.HikariPool:[logPoolState:405] - HikariPool-1 - Pool stats (total=10, active=0, idle=10, waiting=0)
2025-08-30 15:15:41.530 [HikariPool-1 housekeeper] DEBUG com.zaxxer.hikari.pool.HikariPool:[fillPool:510] - HikariPool-1 - Fill pool skipped, pool has sufficient level or currently being filled.
2025-08-30 15:16:11.534 [HikariPool-1 housekeeper] DEBUG com.zaxxer.hikari.pool.HikariPool:[logPoolState:405] - HikariPool-1 - Pool stats (total=10, active=0, idle=10, waiting=0)
2025-08-30 15:16:11.535 [HikariPool-1 housekeeper] DEBUG com.zaxxer.hikari.pool.HikariPool:[fillPool:510] - HikariPool-1 - Fill pool skipped, pool has sufficient level or currently being filled.
2025-08-30 15:16:41.537 [HikariPool-1 housekeeper] DEBUG com.zaxxer.hikari.pool.HikariPool:[logPoolState:405] - HikariPool-1 - Pool stats (total=10, active=0, idle=10, waiting=0)
2025-08-30 15:16:41.537 [HikariPool-1 housekeeper] DEBUG com.zaxxer.hikari.pool.HikariPool:[fillPool:510] - HikariPool-1 - Fill pool skipped, pool has sufficient level or currently being filled.
2025-08-30 15:17:11.554 [HikariPool-1 housekeeper] DEBUG com.zaxxer.hikari.pool.HikariPool:[logPoolState:405] - HikariPool-1 - Pool stats (total=10, active=0, idle=10, waiting=0)
2025-08-30 15:17:11.555 [HikariPool-1 housekeeper] DEBUG com.zaxxer.hikari.pool.HikariPool:[fillPool:510] - HikariPool-1 - Fill pool skipped, pool has sufficient level or currently being filled.
2025-08-30 15:17:41.558 [HikariPool-1 housekeeper] DEBUG com.zaxxer.hikari.pool.HikariPool:[logPoolState:405] - HikariPool-1 - Pool stats (total=10, active=0, idle=10, waiting=0)
2025-08-30 15:17:41.559 [HikariPool-1 housekeeper] DEBUG com.zaxxer.hikari.pool.HikariPool:[fillPool:510] - HikariPool-1 - Fill pool skipped, pool has sufficient level or currently being filled.
2025-08-30 15:18:11.562 [HikariPool-1 housekeeper] DEBUG com.zaxxer.hikari.pool.HikariPool:[logPoolState:405] - HikariPool-1 - Pool stats (total=10, active=0, idle=10, waiting=0)
2025-08-30 15:18:11.564 [HikariPool-1 housekeeper] DEBUG com.zaxxer.hikari.pool.HikariPool:[fillPool:510] - HikariPool-1 - Fill pool skipped, pool has sufficient level or currently being filled.
2025-08-30 15:18:12.076 [AsyncResolver-bootstrap-executor-%d] INFO  c.n.d.shared.resolver.aws.ConfigClusterResolver:[getClusterEndpoints:43] - Resolving eureka endpoints via configuration
2025-08-30 15:18:41.568 [HikariPool-1 housekeeper] DEBUG com.zaxxer.hikari.pool.HikariPool:[logPoolState:405] - HikariPool-1 - Pool stats (total=10, active=0, idle=10, waiting=0)
2025-08-30 15:18:41.568 [HikariPool-1 housekeeper] DEBUG com.zaxxer.hikari.pool.HikariPool:[fillPool:510] - HikariPool-1 - Fill pool skipped, pool has sufficient level or currently being filled.
2025-08-30 15:19:11.580 [HikariPool-1 housekeeper] DEBUG com.zaxxer.hikari.pool.HikariPool:[logPoolState:405] - HikariPool-1 - Pool stats (total=10, active=0, idle=10, waiting=0)
2025-08-30 15:19:11.581 [HikariPool-1 housekeeper] DEBUG com.zaxxer.hikari.pool.HikariPool:[fillPool:510] - HikariPool-1 - Fill pool skipped, pool has sufficient level or currently being filled.
2025-08-30 15:19:41.596 [HikariPool-1 housekeeper] DEBUG com.zaxxer.hikari.pool.HikariPool:[logPoolState:405] - HikariPool-1 - Pool stats (total=10, active=0, idle=10, waiting=0)
2025-08-30 15:19:41.596 [HikariPool-1 housekeeper] DEBUG com.zaxxer.hikari.pool.HikariPool:[fillPool:510] - HikariPool-1 - Fill pool skipped, pool has sufficient level or currently being filled.
2025-08-30 15:20:11.601 [HikariPool-1 housekeeper] DEBUG com.zaxxer.hikari.pool.HikariPool:[logPoolState:405] - HikariPool-1 - Pool stats (total=10, active=0, idle=10, waiting=0)
2025-08-30 15:20:11.602 [HikariPool-1 housekeeper] DEBUG com.zaxxer.hikari.pool.HikariPool:[fillPool:510] - HikariPool-1 - Fill pool skipped, pool has sufficient level or currently being filled.
2025-08-30 15:20:41.611 [HikariPool-1 housekeeper] DEBUG com.zaxxer.hikari.pool.HikariPool:[logPoolState:405] - HikariPool-1 - Pool stats (total=10, active=0, idle=10, waiting=0)
2025-08-30 15:20:41.611 [HikariPool-1 housekeeper] DEBUG com.zaxxer.hikari.pool.HikariPool:[fillPool:510] - HikariPool-1 - Fill pool skipped, pool has sufficient level or currently being filled.
2025-08-30 15:21:11.614 [HikariPool-1 housekeeper] DEBUG com.zaxxer.hikari.pool.HikariPool:[logPoolState:405] - HikariPool-1 - Pool stats (total=10, active=0, idle=10, waiting=0)
2025-08-30 15:21:11.615 [HikariPool-1 housekeeper] DEBUG com.zaxxer.hikari.pool.HikariPool:[fillPool:510] - HikariPool-1 - Fill pool skipped, pool has sufficient level or currently being filled.
2025-08-30 15:21:41.621 [HikariPool-1 housekeeper] DEBUG com.zaxxer.hikari.pool.HikariPool:[logPoolState:405] - HikariPool-1 - Pool stats (total=10, active=0, idle=10, waiting=0)
2025-08-30 15:21:41.621 [HikariPool-1 housekeeper] DEBUG com.zaxxer.hikari.pool.HikariPool:[fillPool:510] - HikariPool-1 - Fill pool skipped, pool has sufficient level or currently being filled.
2025-08-30 15:22:11.629 [HikariPool-1 housekeeper] DEBUG com.zaxxer.hikari.pool.HikariPool:[logPoolState:405] - HikariPool-1 - Pool stats (total=10, active=0, idle=10, waiting=0)
2025-08-30 15:22:11.629 [HikariPool-1 housekeeper] DEBUG com.zaxxer.hikari.pool.HikariPool:[fillPool:510] - HikariPool-1 - Fill pool skipped, pool has sufficient level or currently being filled.
2025-08-30 15:22:41.643 [HikariPool-1 housekeeper] DEBUG com.zaxxer.hikari.pool.HikariPool:[logPoolState:405] - HikariPool-1 - Pool stats (total=10, active=0, idle=10, waiting=0)
2025-08-30 15:22:41.643 [HikariPool-1 housekeeper] DEBUG com.zaxxer.hikari.pool.HikariPool:[fillPool:510] - HikariPool-1 - Fill pool skipped, pool has sufficient level or currently being filled.
2025-08-30 15:23:11.655 [HikariPool-1 housekeeper] DEBUG com.zaxxer.hikari.pool.HikariPool:[logPoolState:405] - HikariPool-1 - Pool stats (total=10, active=0, idle=10, waiting=0)
2025-08-30 15:23:11.656 [HikariPool-1 housekeeper] DEBUG com.zaxxer.hikari.pool.HikariPool:[fillPool:510] - HikariPool-1 - Fill pool skipped, pool has sufficient level or currently being filled.
2025-08-30 15:23:12.092 [AsyncResolver-bootstrap-executor-%d] INFO  c.n.d.shared.resolver.aws.ConfigClusterResolver:[getClusterEndpoints:43] - Resolving eureka endpoints via configuration
2025-08-30 15:23:41.660 [HikariPool-1 housekeeper] DEBUG com.zaxxer.hikari.pool.HikariPool:[logPoolState:405] - HikariPool-1 - Pool stats (total=10, active=0, idle=10, waiting=0)
2025-08-30 15:23:41.660 [HikariPool-1 housekeeper] DEBUG com.zaxxer.hikari.pool.HikariPool:[fillPool:510] - HikariPool-1 - Fill pool skipped, pool has sufficient level or currently being filled.
2025-08-30 15:24:11.668 [HikariPool-1 housekeeper] DEBUG com.zaxxer.hikari.pool.HikariPool:[logPoolState:405] - HikariPool-1 - Pool stats (total=10, active=0, idle=10, waiting=0)
2025-08-30 15:24:11.668 [HikariPool-1 housekeeper] DEBUG com.zaxxer.hikari.pool.HikariPool:[fillPool:510] - HikariPool-1 - Fill pool skipped, pool has sufficient level or currently being filled.
2025-08-30 15:24:41.675 [HikariPool-1 housekeeper] DEBUG com.zaxxer.hikari.pool.HikariPool:[logPoolState:405] - HikariPool-1 - Pool stats (total=10, active=0, idle=10, waiting=0)
2025-08-30 15:24:41.676 [HikariPool-1 housekeeper] DEBUG com.zaxxer.hikari.pool.HikariPool:[fillPool:510] - HikariPool-1 - Fill pool skipped, pool has sufficient level or currently being filled.
2025-08-30 15:25:11.676 [HikariPool-1 housekeeper] DEBUG com.zaxxer.hikari.pool.HikariPool:[logPoolState:405] - HikariPool-1 - Pool stats (total=10, active=0, idle=10, waiting=0)
2025-08-30 15:25:11.677 [HikariPool-1 housekeeper] DEBUG com.zaxxer.hikari.pool.HikariPool:[fillPool:510] - HikariPool-1 - Fill pool skipped, pool has sufficient level or currently being filled.
2025-08-30 15:25:41.686 [HikariPool-1 housekeeper] DEBUG com.zaxxer.hikari.pool.HikariPool:[logPoolState:405] - HikariPool-1 - Pool stats (total=10, active=0, idle=10, waiting=0)
2025-08-30 15:25:41.687 [HikariPool-1 housekeeper] DEBUG com.zaxxer.hikari.pool.HikariPool:[fillPool:510] - HikariPool-1 - Fill pool skipped, pool has sufficient level or currently being filled.
2025-08-30 15:26:11.690 [HikariPool-1 housekeeper] DEBUG com.zaxxer.hikari.pool.HikariPool:[logPoolState:405] - HikariPool-1 - Pool stats (total=10, active=0, idle=10, waiting=0)
2025-08-30 15:26:11.691 [HikariPool-1 housekeeper] DEBUG com.zaxxer.hikari.pool.HikariPool:[fillPool:510] - HikariPool-1 - Fill pool skipped, pool has sufficient level or currently being filled.
2025-08-30 15:26:41.694 [HikariPool-1 housekeeper] DEBUG com.zaxxer.hikari.pool.HikariPool:[logPoolState:405] - HikariPool-1 - Pool stats (total=10, active=0, idle=10, waiting=0)
2025-08-30 15:26:41.694 [HikariPool-1 housekeeper] DEBUG com.zaxxer.hikari.pool.HikariPool:[fillPool:510] - HikariPool-1 - Fill pool skipped, pool has sufficient level or currently being filled.
2025-08-30 15:27:11.703 [HikariPool-1 housekeeper] DEBUG com.zaxxer.hikari.pool.HikariPool:[logPoolState:405] - HikariPool-1 - Pool stats (total=10, active=0, idle=10, waiting=0)
2025-08-30 15:27:11.704 [HikariPool-1 housekeeper] DEBUG com.zaxxer.hikari.pool.HikariPool:[fillPool:510] - HikariPool-1 - Fill pool skipped, pool has sufficient level or currently being filled.
2025-08-30 15:27:41.718 [HikariPool-1 housekeeper] DEBUG com.zaxxer.hikari.pool.HikariPool:[logPoolState:405] - HikariPool-1 - Pool stats (total=10, active=0, idle=10, waiting=0)
2025-08-30 15:27:41.718 [HikariPool-1 housekeeper] DEBUG com.zaxxer.hikari.pool.HikariPool:[fillPool:510] - HikariPool-1 - Fill pool skipped, pool has sufficient level or currently being filled.
2025-08-30 15:28:11.731 [HikariPool-1 housekeeper] DEBUG com.zaxxer.hikari.pool.HikariPool:[logPoolState:405] - HikariPool-1 - Pool stats (total=10, active=0, idle=10, waiting=0)
2025-08-30 15:28:11.732 [HikariPool-1 housekeeper] DEBUG com.zaxxer.hikari.pool.HikariPool:[fillPool:510] - HikariPool-1 - Fill pool skipped, pool has sufficient level or currently being filled.
2025-08-30 15:28:12.105 [AsyncResolver-bootstrap-executor-%d] INFO  c.n.d.shared.resolver.aws.ConfigClusterResolver:[getClusterEndpoints:43] - Resolving eureka endpoints via configuration
2025-08-30 15:28:41.743 [HikariPool-1 housekeeper] DEBUG com.zaxxer.hikari.pool.HikariPool:[logPoolState:405] - HikariPool-1 - Pool stats (total=10, active=0, idle=10, waiting=0)
2025-08-30 15:28:41.744 [HikariPool-1 housekeeper] DEBUG com.zaxxer.hikari.pool.HikariPool:[fillPool:510] - HikariPool-1 - Fill pool skipped, pool has sufficient level or currently being filled.
2025-08-30 15:29:11.750 [HikariPool-1 housekeeper] DEBUG com.zaxxer.hikari.pool.HikariPool:[logPoolState:405] - HikariPool-1 - Pool stats (total=10, active=0, idle=10, waiting=0)
2025-08-30 15:29:11.752 [HikariPool-1 housekeeper] DEBUG com.zaxxer.hikari.pool.HikariPool:[fillPool:510] - HikariPool-1 - Fill pool skipped, pool has sufficient level or currently being filled.
2025-08-30 15:29:41.768 [HikariPool-1 housekeeper] DEBUG com.zaxxer.hikari.pool.HikariPool:[logPoolState:405] - HikariPool-1 - Pool stats (total=10, active=0, idle=10, waiting=0)
2025-08-30 15:29:41.769 [HikariPool-1 housekeeper] DEBUG com.zaxxer.hikari.pool.HikariPool:[fillPool:510] - HikariPool-1 - Fill pool skipped, pool has sufficient level or currently being filled.
2025-08-30 15:30:11.775 [HikariPool-1 housekeeper] DEBUG com.zaxxer.hikari.pool.HikariPool:[logPoolState:405] - HikariPool-1 - Pool stats (total=10, active=0, idle=10, waiting=0)
2025-08-30 15:30:11.776 [HikariPool-1 housekeeper] DEBUG com.zaxxer.hikari.pool.HikariPool:[fillPool:510] - HikariPool-1 - Fill pool skipped, pool has sufficient level or currently being filled.
2025-08-30 15:30:41.778 [HikariPool-1 housekeeper] DEBUG com.zaxxer.hikari.pool.HikariPool:[logPoolState:405] - HikariPool-1 - Pool stats (total=10, active=0, idle=10, waiting=0)
2025-08-30 15:30:41.778 [HikariPool-1 housekeeper] DEBUG com.zaxxer.hikari.pool.HikariPool:[fillPool:510] - HikariPool-1 - Fill pool skipped, pool has sufficient level or currently being filled.
2025-08-30 15:31:11.788 [HikariPool-1 housekeeper] DEBUG com.zaxxer.hikari.pool.HikariPool:[logPoolState:405] - HikariPool-1 - Pool stats (total=10, active=0, idle=10, waiting=0)
2025-08-30 15:31:11.788 [HikariPool-1 housekeeper] DEBUG com.zaxxer.hikari.pool.HikariPool:[fillPool:510] - HikariPool-1 - Fill pool skipped, pool has sufficient level or currently being filled.
2025-08-30 15:31:19.372 [SpringApplicationShutdownHook] INFO  o.s.c.n.e.serviceregistry.EurekaServiceRegistry:[deregister:91] - Unregistering application STORE-SERVICE with eureka with status DOWN
2025-08-30 15:31:19.373 [SpringApplicationShutdownHook] INFO  com.netflix.discovery.DiscoveryClient:[notify:1297] - Saw local status change event StatusChangeEvent [timestamp=1756539079373, current=DOWN, previous=UP]
2025-08-30 15:31:19.373 [DiscoveryClient-InstanceInfoReplicator-%d] INFO  com.netflix.discovery.DiscoveryClient:[register:825] - DiscoveryClient_STORE-SERVICE/SS11041203:store-service:8083: registering service...
2025-08-30 15:31:19.387 [DiscoveryClient-InstanceInfoReplicator-%d] INFO  c.n.d.s.t.decorator.RedirectingEurekaHttpClient:[execute:93] - Request execution error. endpoint=DefaultEndpoint{ serviceUrl='http://localhost:8761/eureka/} exception=I/O error on POST request for "http://localhost:8761/eureka/apps/STORE-SERVICE": Connect to http://localhost:8761 [localhost/127.0.0.1, localhost/0:0:0:0:0:0:0:1] failed: Connection refused: getsockopt stacktrace=org.springframework.web.client.ResourceAccessException: I/O error on POST request for "http://localhost:8761/eureka/apps/STORE-SERVICE": Connect to http://localhost:8761 [localhost/127.0.0.1, localhost/0:0:0:0:0:0:0:1] failed: Connection refused: getsockopt
	at org.springframework.web.client.RestTemplate.createResourceAccessException(RestTemplate.java:915)
	at org.springframework.web.client.RestTemplate.doExecute(RestTemplate.java:895)
	at org.springframework.web.client.RestTemplate.execute(RestTemplate.java:790)
	at org.springframework.web.client.RestTemplate.exchange(RestTemplate.java:672)
	at org.springframework.cloud.netflix.eureka.http.RestTemplateEurekaHttpClient.register(RestTemplateEurekaHttpClient.java:77)
	at com.netflix.discovery.shared.transport.decorator.EurekaHttpClientDecorator$1.execute(EurekaHttpClientDecorator.java:59)
	at com.netflix.discovery.shared.transport.decorator.RedirectingEurekaHttpClient.execute(RedirectingEurekaHttpClient.java:91)
	at com.netflix.discovery.shared.transport.decorator.EurekaHttpClientDecorator.register(EurekaHttpClientDecorator.java:56)
	at com.netflix.discovery.shared.transport.decorator.EurekaHttpClientDecorator$1.execute(EurekaHttpClientDecorator.java:59)
	at com.netflix.discovery.shared.transport.decorator.RetryableEurekaHttpClient.execute(RetryableEurekaHttpClient.java:120)
	at com.netflix.discovery.shared.transport.decorator.EurekaHttpClientDecorator.register(EurekaHttpClientDecorator.java:56)
	at com.netflix.discovery.shared.transport.decorator.EurekaHttpClientDecorator$1.execute(EurekaHttpClientDecorator.java:59)
	at com.netflix.discovery.shared.transport.decorator.SessionedEurekaHttpClient.execute(SessionedEurekaHttpClient.java:76)
	at com.netflix.discovery.shared.transport.decorator.EurekaHttpClientDecorator.register(EurekaHttpClientDecorator.java:56)
	at com.netflix.discovery.DiscoveryClient.register(DiscoveryClient.java:828)
	at com.netflix.discovery.InstanceInfoReplicator.run(InstanceInfoReplicator.java:125)
	at com.netflix.discovery.InstanceInfoReplicator$2.run(InstanceInfoReplicator.java:105)
	at java.base/java.util.concurrent.Executors$RunnableAdapter.call(Executors.java:572)
	at java.base/java.util.concurrent.FutureTask.run(FutureTask.java:317)
	at java.base/java.util.concurrent.ScheduledThreadPoolExecutor$ScheduledFutureTask.run(ScheduledThreadPoolExecutor.java:304)
	at java.base/java.util.concurrent.ThreadPoolExecutor.runWorker(ThreadPoolExecutor.java:1144)
	at java.base/java.util.concurrent.ThreadPoolExecutor$Worker.run(ThreadPoolExecutor.java:642)
	at java.base/java.lang.Thread.run(Thread.java:1583)
Caused by: org.apache.hc.client5.http.HttpHostConnectException: Connect to http://localhost:8761 [localhost/127.0.0.1, localhost/0:0:0:0:0:0:0:1] failed: Connection refused: getsockopt
	at java.base/sun.nio.ch.Net.pollConnect(Native Method)
	at java.base/sun.nio.ch.Net.pollConnectNow(Net.java:682)
	at java.base/sun.nio.ch.NioSocketImpl.timedFinishConnect(NioSocketImpl.java:542)
	at java.base/sun.nio.ch.NioSocketImpl.connect(NioSocketImpl.java:592)
	at java.base/java.net.SocksSocketImpl.connect(SocksSocketImpl.java:327)
	at java.base/java.net.Socket.connect(Socket.java:751)
	at org.apache.hc.client5.http.socket.PlainConnectionSocketFactory.lambda$connectSocket$0(PlainConnectionSocketFactory.java:91)
	at java.base/java.security.AccessController.doPrivileged(AccessController.java:571)
	at org.apache.hc.client5.http.socket.PlainConnectionSocketFactory.connectSocket(PlainConnectionSocketFactory.java:90)
	at org.apache.hc.client5.http.socket.ConnectionSocketFactory.connectSocket(ConnectionSocketFactory.java:123)
	at org.apache.hc.client5.http.impl.io.DefaultHttpClientConnectionOperator.connect(DefaultHttpClientConnectionOperator.java:189)
	at org.apache.hc.client5.http.impl.io.PoolingHttpClientConnectionManager.connect(PoolingHttpClientConnectionManager.java:450)
	at org.apache.hc.client5.http.impl.classic.InternalExecRuntime.connectEndpoint(InternalExecRuntime.java:162)
	at org.apache.hc.client5.http.impl.classic.InternalExecRuntime.connectEndpoint(InternalExecRuntime.java:172)
	at org.apache.hc.client5.http.impl.classic.ConnectExec.execute(ConnectExec.java:142)
	at org.apache.hc.client5.http.impl.classic.ExecChainElement.execute(ExecChainElement.java:51)
	at org.apache.hc.client5.http.impl.classic.ProtocolExec.execute(ProtocolExec.java:192)
	at org.apache.hc.client5.http.impl.classic.ExecChainElement.execute(ExecChainElement.java:51)
	at org.apache.hc.client5.http.impl.classic.HttpRequestRetryExec.execute(HttpRequestRetryExec.java:113)
	at org.apache.hc.client5.http.impl.classic.ExecChainElement.execute(ExecChainElement.java:51)
	at org.apache.hc.client5.http.impl.classic.ContentCompressionExec.execute(ContentCompressionExec.java:152)
	at org.apache.hc.client5.http.impl.classic.ExecChainElement.execute(ExecChainElement.java:51)
	at org.apache.hc.client5.http.impl.classic.RedirectExec.execute(RedirectExec.java:116)
	at org.apache.hc.client5.http.impl.classic.ExecChainElement.execute(ExecChainElement.java:51)
	at org.apache.hc.client5.http.impl.classic.InternalHttpClient.doExecute(InternalHttpClient.java:170)
	at org.apache.hc.client5.http.impl.classic.CloseableHttpClient.execute(CloseableHttpClient.java:87)
	at org.apache.hc.client5.http.impl.classic.CloseableHttpClient.execute(CloseableHttpClient.java:55)
	at org.apache.hc.client5.http.classic.HttpClient.executeOpen(HttpClient.java:183)
	at org.springframework.http.client.HttpComponentsClientHttpRequest.executeInternal(HttpComponentsClientHttpRequest.java:99)
	at org.springframework.http.client.AbstractStreamingClientHttpRequest.executeInternal(AbstractStreamingClientHttpRequest.java:70)
	at org.springframework.http.client.AbstractClientHttpRequest.execute(AbstractClientHttpRequest.java:66)
	at org.springframework.http.client.InterceptingClientHttpRequest$InterceptingRequestExecution.execute(InterceptingClientHttpRequest.java:112)
	at org.springframework.cloud.netflix.eureka.http.RestTemplateTransportClientFactory.lambda$restTemplate$3(RestTemplateTransportClientFactory.java:170)
	at org.springframework.http.client.InterceptingClientHttpRequest$InterceptingRequestExecution.execute(InterceptingClientHttpRequest.java:88)
	at org.springframework.http.client.InterceptingClientHttpRequest.executeInternal(InterceptingClientHttpRequest.java:72)
	at org.springframework.http.client.AbstractBufferingClientHttpRequest.executeInternal(AbstractBufferingClientHttpRequest.java:48)
	at org.springframework.http.client.AbstractClientHttpRequest.execute(AbstractClientHttpRequest.java:66)
	at org.springframework.web.client.RestTemplate.doExecute(RestTemplate.java:889)
	... 21 more

2025-08-30 15:31:19.387 [DiscoveryClient-InstanceInfoReplicator-%d] WARN  c.n.d.s.t.decorator.RetryableEurekaHttpClient:[execute:130] - Request execution failed with message: I/O error on POST request for "http://localhost:8761/eureka/apps/STORE-SERVICE": Connect to http://localhost:8761 [localhost/127.0.0.1, localhost/0:0:0:0:0:0:0:1] failed: Connection refused: getsockopt
2025-08-30 15:31:19.388 [SpringApplicationShutdownHook] INFO  com.zaxxer.hikari.HikariDataSource:[close:349] - HikariPool-1 - Shutdown initiated...
2025-08-30 15:31:19.388 [SpringApplicationShutdownHook] DEBUG com.zaxxer.hikari.pool.HikariPool:[logPoolState:405] - HikariPool-1 - Before shutdown stats (total=10, active=0, idle=10, waiting=0)
2025-08-30 15:31:19.389 [HikariPool-1 connection closer] DEBUG com.zaxxer.hikari.pool.PoolBase:[quietlyCloseConnection:133] - HikariPool-1 - Closing connection com.mysql.cj.jdbc.ConnectionImpl@67b560fe: (connection evicted)
2025-08-30 15:31:19.393 [HikariPool-1 connection closer] DEBUG com.zaxxer.hikari.pool.PoolBase:[quietlyCloseConnection:133] - HikariPool-1 - Closing connection com.mysql.cj.jdbc.ConnectionImpl@6292bf44: (connection evicted)
2025-08-30 15:31:19.393 [HikariPool-1 connection closer] DEBUG com.zaxxer.hikari.pool.PoolBase:[quietlyCloseConnection:133] - HikariPool-1 - Closing connection com.mysql.cj.jdbc.ConnectionImpl@23afb57f: (connection evicted)
2025-08-30 15:31:19.393 [HikariPool-1 connection closer] DEBUG com.zaxxer.hikari.pool.PoolBase:[quietlyCloseConnection:133] - HikariPool-1 - Closing connection com.mysql.cj.jdbc.ConnectionImpl@1246d678: (connection evicted)
2025-08-30 15:31:19.393 [HikariPool-1 connection closer] DEBUG com.zaxxer.hikari.pool.PoolBase:[quietlyCloseConnection:133] - HikariPool-1 - Closing connection com.mysql.cj.jdbc.ConnectionImpl@43804a30: (connection evicted)
2025-08-30 15:31:19.393 [HikariPool-1 connection closer] DEBUG com.zaxxer.hikari.pool.PoolBase:[quietlyCloseConnection:133] - HikariPool-1 - Closing connection com.mysql.cj.jdbc.ConnectionImpl@4bcce0a8: (connection evicted)
2025-08-30 15:31:19.394 [HikariPool-1 connection closer] DEBUG com.zaxxer.hikari.pool.PoolBase:[quietlyCloseConnection:133] - HikariPool-1 - Closing connection com.mysql.cj.jdbc.ConnectionImpl@47ce7511: (connection evicted)
2025-08-30 15:31:19.394 [HikariPool-1 connection closer] DEBUG com.zaxxer.hikari.pool.PoolBase:[quietlyCloseConnection:133] - HikariPool-1 - Closing connection com.mysql.cj.jdbc.ConnectionImpl@6c40c6f7: (connection evicted)
2025-08-30 15:31:19.394 [HikariPool-1 connection closer] DEBUG com.zaxxer.hikari.pool.PoolBase:[quietlyCloseConnection:133] - HikariPool-1 - Closing connection com.mysql.cj.jdbc.ConnectionImpl@2d4882fe: (connection evicted)
2025-08-30 15:31:19.394 [HikariPool-1 connection closer] DEBUG com.zaxxer.hikari.pool.PoolBase:[quietlyCloseConnection:133] - HikariPool-1 - Closing connection com.mysql.cj.jdbc.ConnectionImpl@2a22634d: (connection evicted)
2025-08-30 15:31:19.394 [SpringApplicationShutdownHook] DEBUG com.zaxxer.hikari.pool.HikariPool:[logPoolState:405] - HikariPool-1 - After shutdown stats (total=0, active=0, idle=0, waiting=0)
2025-08-30 15:31:19.394 [SpringApplicationShutdownHook] INFO  com.zaxxer.hikari.HikariDataSource:[close:351] - HikariPool-1 - Shutdown completed.
2025-08-30 15:31:19.395 [SpringApplicationShutdownHook] INFO  com.netflix.discovery.DiscoveryClient:[shutdown:887] - Shutting down DiscoveryClient ...
2025-08-30 15:31:19.418 [DiscoveryClient-InstanceInfoReplicator-%d] INFO  c.n.d.s.t.decorator.RedirectingEurekaHttpClient:[execute:84] - Request execution error. endpoint=DefaultEndpoint{ serviceUrl='http://localhost:8761/eureka/}, exception=I/O error on POST request for "http://localhost:8761/eureka/apps/STORE-SERVICE": Connect to http://localhost:8761 [localhost/127.0.0.1, localhost/0:0:0:0:0:0:0:1] failed: Connection refused: getsockopt stacktrace=org.springframework.web.client.ResourceAccessException: I/O error on POST request for "http://localhost:8761/eureka/apps/STORE-SERVICE": Connect to http://localhost:8761 [localhost/127.0.0.1, localhost/0:0:0:0:0:0:0:1] failed: Connection refused: getsockopt
	at org.springframework.web.client.RestTemplate.createResourceAccessException(RestTemplate.java:915)
	at org.springframework.web.client.RestTemplate.doExecute(RestTemplate.java:895)
	at org.springframework.web.client.RestTemplate.execute(RestTemplate.java:790)
	at org.springframework.web.client.RestTemplate.exchange(RestTemplate.java:672)
	at org.springframework.cloud.netflix.eureka.http.RestTemplateEurekaHttpClient.register(RestTemplateEurekaHttpClient.java:77)
	at com.netflix.discovery.shared.transport.decorator.EurekaHttpClientDecorator$1.execute(EurekaHttpClientDecorator.java:59)
	at com.netflix.discovery.shared.transport.decorator.RedirectingEurekaHttpClient.executeOnNewServer(RedirectingEurekaHttpClient.java:121)
	at com.netflix.discovery.shared.transport.decorator.RedirectingEurekaHttpClient.execute(RedirectingEurekaHttpClient.java:80)
	at com.netflix.discovery.shared.transport.decorator.EurekaHttpClientDecorator.register(EurekaHttpClientDecorator.java:56)
	at com.netflix.discovery.shared.transport.decorator.EurekaHttpClientDecorator$1.execute(EurekaHttpClientDecorator.java:59)
	at com.netflix.discovery.shared.transport.decorator.RetryableEurekaHttpClient.execute(RetryableEurekaHttpClient.java:120)
	at com.netflix.discovery.shared.transport.decorator.EurekaHttpClientDecorator.register(EurekaHttpClientDecorator.java:56)
	at com.netflix.discovery.shared.transport.decorator.EurekaHttpClientDecorator$1.execute(EurekaHttpClientDecorator.java:59)
	at com.netflix.discovery.shared.transport.decorator.SessionedEurekaHttpClient.execute(SessionedEurekaHttpClient.java:76)
	at com.netflix.discovery.shared.transport.decorator.EurekaHttpClientDecorator.register(EurekaHttpClientDecorator.java:56)
	at com.netflix.discovery.DiscoveryClient.register(DiscoveryClient.java:828)
	at com.netflix.discovery.InstanceInfoReplicator.run(InstanceInfoReplicator.java:125)
	at com.netflix.discovery.InstanceInfoReplicator$2.run(InstanceInfoReplicator.java:105)
	at java.base/java.util.concurrent.Executors$RunnableAdapter.call(Executors.java:572)
	at java.base/java.util.concurrent.FutureTask.run(FutureTask.java:317)
	at java.base/java.util.concurrent.ScheduledThreadPoolExecutor$ScheduledFutureTask.run(ScheduledThreadPoolExecutor.java:304)
	at java.base/java.util.concurrent.ThreadPoolExecutor.runWorker(ThreadPoolExecutor.java:1144)
	at java.base/java.util.concurrent.ThreadPoolExecutor$Worker.run(ThreadPoolExecutor.java:642)
	at java.base/java.lang.Thread.run(Thread.java:1583)
Caused by: org.apache.hc.client5.http.HttpHostConnectException: Connect to http://localhost:8761 [localhost/127.0.0.1, localhost/0:0:0:0:0:0:0:1] failed: Connection refused: getsockopt
	at java.base/sun.nio.ch.Net.pollConnect(Native Method)
	at java.base/sun.nio.ch.Net.pollConnectNow(Net.java:682)
	at java.base/sun.nio.ch.NioSocketImpl.timedFinishConnect(NioSocketImpl.java:542)
	at java.base/sun.nio.ch.NioSocketImpl.connect(NioSocketImpl.java:592)
	at java.base/java.net.SocksSocketImpl.connect(SocksSocketImpl.java:327)
	at java.base/java.net.Socket.connect(Socket.java:751)
	at org.apache.hc.client5.http.socket.PlainConnectionSocketFactory.lambda$connectSocket$0(PlainConnectionSocketFactory.java:91)
	at java.base/java.security.AccessController.doPrivileged(AccessController.java:571)
	at org.apache.hc.client5.http.socket.PlainConnectionSocketFactory.connectSocket(PlainConnectionSocketFactory.java:90)
	at org.apache.hc.client5.http.socket.ConnectionSocketFactory.connectSocket(ConnectionSocketFactory.java:123)
	at org.apache.hc.client5.http.impl.io.DefaultHttpClientConnectionOperator.connect(DefaultHttpClientConnectionOperator.java:189)
	at org.apache.hc.client5.http.impl.io.PoolingHttpClientConnectionManager.connect(PoolingHttpClientConnectionManager.java:450)
	at org.apache.hc.client5.http.impl.classic.InternalExecRuntime.connectEndpoint(InternalExecRuntime.java:162)
	at org.apache.hc.client5.http.impl.classic.InternalExecRuntime.connectEndpoint(InternalExecRuntime.java:172)
	at org.apache.hc.client5.http.impl.classic.ConnectExec.execute(ConnectExec.java:142)
	at org.apache.hc.client5.http.impl.classic.ExecChainElement.execute(ExecChainElement.java:51)
	at org.apache.hc.client5.http.impl.classic.ProtocolExec.execute(ProtocolExec.java:192)
	at org.apache.hc.client5.http.impl.classic.ExecChainElement.execute(ExecChainElement.java:51)
	at org.apache.hc.client5.http.impl.classic.HttpRequestRetryExec.execute(HttpRequestRetryExec.java:113)
	at org.apache.hc.client5.http.impl.classic.ExecChainElement.execute(ExecChainElement.java:51)
	at org.apache.hc.client5.http.impl.classic.ContentCompressionExec.execute(ContentCompressionExec.java:152)
	at org.apache.hc.client5.http.impl.classic.ExecChainElement.execute(ExecChainElement.java:51)
	at org.apache.hc.client5.http.impl.classic.RedirectExec.execute(RedirectExec.java:116)
	at org.apache.hc.client5.http.impl.classic.ExecChainElement.execute(ExecChainElement.java:51)
	at org.apache.hc.client5.http.impl.classic.InternalHttpClient.doExecute(InternalHttpClient.java:170)
	at org.apache.hc.client5.http.impl.classic.CloseableHttpClient.execute(CloseableHttpClient.java:87)
	at org.apache.hc.client5.http.impl.classic.CloseableHttpClient.execute(CloseableHttpClient.java:55)
	at org.apache.hc.client5.http.classic.HttpClient.executeOpen(HttpClient.java:183)
	at org.springframework.http.client.HttpComponentsClientHttpRequest.executeInternal(HttpComponentsClientHttpRequest.java:99)
	at org.springframework.http.client.AbstractStreamingClientHttpRequest.executeInternal(AbstractStreamingClientHttpRequest.java:70)
	at org.springframework.http.client.AbstractClientHttpRequest.execute(AbstractClientHttpRequest.java:66)
	at org.springframework.http.client.InterceptingClientHttpRequest$InterceptingRequestExecution.execute(InterceptingClientHttpRequest.java:112)
	at org.springframework.cloud.netflix.eureka.http.RestTemplateTransportClientFactory.lambda$restTemplate$3(RestTemplateTransportClientFactory.java:170)
	at org.springframework.http.client.InterceptingClientHttpRequest$InterceptingRequestExecution.execute(InterceptingClientHttpRequest.java:88)
	at org.springframework.http.client.InterceptingClientHttpRequest.executeInternal(InterceptingClientHttpRequest.java:72)
	at org.springframework.http.client.AbstractBufferingClientHttpRequest.executeInternal(AbstractBufferingClientHttpRequest.java:48)
	at org.springframework.http.client.AbstractClientHttpRequest.execute(AbstractClientHttpRequest.java:66)
	at org.springframework.web.client.RestTemplate.doExecute(RestTemplate.java:889)
	... 22 more

2025-08-30 15:31:19.418 [DiscoveryClient-InstanceInfoReplicator-%d] WARN  c.n.d.s.t.decorator.RetryableEurekaHttpClient:[execute:130] - Request execution failed with message: I/O error on POST request for "http://localhost:8761/eureka/apps/STORE-SERVICE": Connect to http://localhost:8761 [localhost/127.0.0.1, localhost/0:0:0:0:0:0:0:1] failed: Connection refused: getsockopt
2025-08-30 15:31:19.418 [DiscoveryClient-InstanceInfoReplicator-%d] WARN  com.netflix.discovery.DiscoveryClient:[register:830] - DiscoveryClient_STORE-SERVICE/SS11041203:store-service:8083 - registration failed Cannot execute request on any known server
com.netflix.discovery.shared.transport.TransportException: Cannot execute request on any known server
	at com.netflix.discovery.shared.transport.decorator.RetryableEurekaHttpClient.execute(RetryableEurekaHttpClient.java:112)
	at com.netflix.discovery.shared.transport.decorator.EurekaHttpClientDecorator.register(EurekaHttpClientDecorator.java:56)
	at com.netflix.discovery.shared.transport.decorator.EurekaHttpClientDecorator$1.execute(EurekaHttpClientDecorator.java:59)
	at com.netflix.discovery.shared.transport.decorator.SessionedEurekaHttpClient.execute(SessionedEurekaHttpClient.java:76)
	at com.netflix.discovery.shared.transport.decorator.EurekaHttpClientDecorator.register(EurekaHttpClientDecorator.java:56)
	at com.netflix.discovery.DiscoveryClient.register(DiscoveryClient.java:828)
	at com.netflix.discovery.InstanceInfoReplicator.run(InstanceInfoReplicator.java:125)
	at com.netflix.discovery.InstanceInfoReplicator$2.run(InstanceInfoReplicator.java:105)
	at java.base/java.util.concurrent.Executors$RunnableAdapter.call(Executors.java:572)
	at java.base/java.util.concurrent.FutureTask.run(FutureTask.java:317)
	at java.base/java.util.concurrent.ScheduledThreadPoolExecutor$ScheduledFutureTask.run(ScheduledThreadPoolExecutor.java:304)
	at java.base/java.util.concurrent.ThreadPoolExecutor.runWorker(ThreadPoolExecutor.java:1144)
	at java.base/java.util.concurrent.ThreadPoolExecutor$Worker.run(ThreadPoolExecutor.java:642)
	at java.base/java.lang.Thread.run(Thread.java:1583)
2025-08-30 15:31:19.418 [DiscoveryClient-InstanceInfoReplicator-%d] WARN  com.netflix.discovery.InstanceInfoReplicator:[run:129] - There was a problem with the instance info replicator
com.netflix.discovery.shared.transport.TransportException: Cannot execute request on any known server
	at com.netflix.discovery.shared.transport.decorator.RetryableEurekaHttpClient.execute(RetryableEurekaHttpClient.java:112)
	at com.netflix.discovery.shared.transport.decorator.EurekaHttpClientDecorator.register(EurekaHttpClientDecorator.java:56)
	at com.netflix.discovery.shared.transport.decorator.EurekaHttpClientDecorator$1.execute(EurekaHttpClientDecorator.java:59)
	at com.netflix.discovery.shared.transport.decorator.SessionedEurekaHttpClient.execute(SessionedEurekaHttpClient.java:76)
	at com.netflix.discovery.shared.transport.decorator.EurekaHttpClientDecorator.register(EurekaHttpClientDecorator.java:56)
	at com.netflix.discovery.DiscoveryClient.register(DiscoveryClient.java:828)
	at com.netflix.discovery.InstanceInfoReplicator.run(InstanceInfoReplicator.java:125)
	at com.netflix.discovery.InstanceInfoReplicator$2.run(InstanceInfoReplicator.java:105)
	at java.base/java.util.concurrent.Executors$RunnableAdapter.call(Executors.java:572)
	at java.base/java.util.concurrent.FutureTask.run(FutureTask.java:317)
	at java.base/java.util.concurrent.ScheduledThreadPoolExecutor$ScheduledFutureTask.run(ScheduledThreadPoolExecutor.java:304)
	at java.base/java.util.concurrent.ThreadPoolExecutor.runWorker(ThreadPoolExecutor.java:1144)
	at java.base/java.util.concurrent.ThreadPoolExecutor$Worker.run(ThreadPoolExecutor.java:642)
	at java.base/java.lang.Thread.run(Thread.java:1583)
2025-08-30 15:31:19.418 [SpringApplicationShutdownHook] INFO  com.netflix.discovery.DiscoveryClient:[unregister:918] - Unregistering ...
2025-08-30 15:31:19.448 [SpringApplicationShutdownHook] INFO  c.n.d.s.t.decorator.RedirectingEurekaHttpClient:[execute:84] - Request execution error. endpoint=DefaultEndpoint{ serviceUrl='http://localhost:8761/eureka/}, exception=I/O error on DELETE request for "http://localhost:8761/eureka/apps/STORE-SERVICE/SS11041203:store-service:8083": Connect to http://localhost:8761 [localhost/127.0.0.1, localhost/0:0:0:0:0:0:0:1] failed: Connection refused: getsockopt stacktrace=org.springframework.web.client.ResourceAccessException: I/O error on DELETE request for "http://localhost:8761/eureka/apps/STORE-SERVICE/SS11041203:store-service:8083": Connect to http://localhost:8761 [localhost/127.0.0.1, localhost/0:0:0:0:0:0:0:1] failed: Connection refused: getsockopt
	at org.springframework.web.client.RestTemplate.createResourceAccessException(RestTemplate.java:915)
	at org.springframework.web.client.RestTemplate.doExecute(RestTemplate.java:895)
	at org.springframework.web.client.RestTemplate.execute(RestTemplate.java:790)
	at org.springframework.web.client.RestTemplate.exchange(RestTemplate.java:672)
	at org.springframework.cloud.netflix.eureka.http.RestTemplateEurekaHttpClient.cancel(RestTemplateEurekaHttpClient.java:87)
	at com.netflix.discovery.shared.transport.decorator.EurekaHttpClientDecorator$2.execute(EurekaHttpClientDecorator.java:74)
	at com.netflix.discovery.shared.transport.decorator.RedirectingEurekaHttpClient.executeOnNewServer(RedirectingEurekaHttpClient.java:121)
	at com.netflix.discovery.shared.transport.decorator.RedirectingEurekaHttpClient.execute(RedirectingEurekaHttpClient.java:80)
	at com.netflix.discovery.shared.transport.decorator.EurekaHttpClientDecorator.cancel(EurekaHttpClientDecorator.java:71)
	at com.netflix.discovery.shared.transport.decorator.EurekaHttpClientDecorator$2.execute(EurekaHttpClientDecorator.java:74)
	at com.netflix.discovery.shared.transport.decorator.RetryableEurekaHttpClient.execute(RetryableEurekaHttpClient.java:120)
	at com.netflix.discovery.shared.transport.decorator.EurekaHttpClientDecorator.cancel(EurekaHttpClientDecorator.java:71)
	at com.netflix.discovery.shared.transport.decorator.EurekaHttpClientDecorator$2.execute(EurekaHttpClientDecorator.java:74)
	at com.netflix.discovery.shared.transport.decorator.SessionedEurekaHttpClient.execute(SessionedEurekaHttpClient.java:76)
	at com.netflix.discovery.shared.transport.decorator.EurekaHttpClientDecorator.cancel(EurekaHttpClientDecorator.java:71)
	at com.netflix.discovery.DiscoveryClient.unregister(DiscoveryClient.java:919)
	at com.netflix.discovery.DiscoveryClient.shutdown(DiscoveryClient.java:900)
	at java.base/jdk.internal.reflect.DirectMethodHandleAccessor.invoke(DirectMethodHandleAccessor.java:103)
	at java.base/java.lang.reflect.Method.invoke(Method.java:580)
	at org.springframework.beans.factory.annotation.InitDestroyAnnotationBeanPostProcessor$LifecycleMethod.invoke(InitDestroyAnnotationBeanPostProcessor.java:457)
	at org.springframework.beans.factory.annotation.InitDestroyAnnotationBeanPostProcessor$LifecycleMetadata.invokeDestroyMethods(InitDestroyAnnotationBeanPostProcessor.java:415)
	at org.springframework.beans.factory.annotation.InitDestroyAnnotationBeanPostProcessor.postProcessBeforeDestruction(InitDestroyAnnotationBeanPostProcessor.java:239)
	at org.springframework.beans.factory.support.DisposableBeanAdapter.destroy(DisposableBeanAdapter.java:202)
	at org.springframework.beans.factory.support.DisposableBeanAdapter.run(DisposableBeanAdapter.java:195)
	at org.springframework.cloud.context.scope.GenericScope$BeanLifecycleWrapper.destroy(GenericScope.java:389)
	at org.springframework.cloud.context.scope.GenericScope.destroy(GenericScope.java:136)
	at org.springframework.beans.factory.support.DisposableBeanAdapter.destroy(DisposableBeanAdapter.java:211)
	at org.springframework.beans.factory.support.DefaultSingletonBeanRegistry.destroyBean(DefaultSingletonBeanRegistry.java:587)
	at org.springframework.beans.factory.support.DefaultSingletonBeanRegistry.destroySingleton(DefaultSingletonBeanRegistry.java:559)
	at org.springframework.beans.factory.support.DefaultListableBeanFactory.destroySingleton(DefaultListableBeanFactory.java:1202)
	at org.springframework.beans.factory.support.DefaultSingletonBeanRegistry.destroySingletons(DefaultSingletonBeanRegistry.java:520)
	at org.springframework.beans.factory.support.DefaultListableBeanFactory.destroySingletons(DefaultListableBeanFactory.java:1195)
	at org.springframework.context.support.AbstractApplicationContext.destroyBeans(AbstractApplicationContext.java:1195)
	at org.springframework.context.support.AbstractApplicationContext.doClose(AbstractApplicationContext.java:1156)
	at org.springframework.boot.web.servlet.context.ServletWebServerApplicationContext.doClose(ServletWebServerApplicationContext.java:174)
	at org.springframework.context.support.AbstractApplicationContext.close(AbstractApplicationContext.java:1102)
	at org.springframework.boot.SpringApplicationShutdownHook.closeAndWait(SpringApplicationShutdownHook.java:145)
	at java.base/java.lang.Iterable.forEach(Iterable.java:75)
	at org.springframework.boot.SpringApplicationShutdownHook.run(SpringApplicationShutdownHook.java:114)
	at java.base/java.lang.Thread.run(Thread.java:1583)
Caused by: org.apache.hc.client5.http.HttpHostConnectException: Connect to http://localhost:8761 [localhost/127.0.0.1, localhost/0:0:0:0:0:0:0:1] failed: Connection refused: getsockopt
	at java.base/sun.nio.ch.Net.pollConnect(Native Method)
	at java.base/sun.nio.ch.Net.pollConnectNow(Net.java:682)
	at java.base/sun.nio.ch.NioSocketImpl.timedFinishConnect(NioSocketImpl.java:542)
	at java.base/sun.nio.ch.NioSocketImpl.connect(NioSocketImpl.java:592)
	at java.base/java.net.SocksSocketImpl.connect(SocksSocketImpl.java:327)
	at java.base/java.net.Socket.connect(Socket.java:751)
	at org.apache.hc.client5.http.socket.PlainConnectionSocketFactory.lambda$connectSocket$0(PlainConnectionSocketFactory.java:91)
	at java.base/java.security.AccessController.doPrivileged(AccessController.java:571)
	at org.apache.hc.client5.http.socket.PlainConnectionSocketFactory.connectSocket(PlainConnectionSocketFactory.java:90)
	at org.apache.hc.client5.http.socket.ConnectionSocketFactory.connectSocket(ConnectionSocketFactory.java:123)
	at org.apache.hc.client5.http.impl.io.DefaultHttpClientConnectionOperator.connect(DefaultHttpClientConnectionOperator.java:189)
	at org.apache.hc.client5.http.impl.io.PoolingHttpClientConnectionManager.connect(PoolingHttpClientConnectionManager.java:450)
	at org.apache.hc.client5.http.impl.classic.InternalExecRuntime.connectEndpoint(InternalExecRuntime.java:162)
	at org.apache.hc.client5.http.impl.classic.InternalExecRuntime.connectEndpoint(InternalExecRuntime.java:172)
	at org.apache.hc.client5.http.impl.classic.ConnectExec.execute(ConnectExec.java:142)
	at org.apache.hc.client5.http.impl.classic.ExecChainElement.execute(ExecChainElement.java:51)
	at org.apache.hc.client5.http.impl.classic.ProtocolExec.execute(ProtocolExec.java:192)
	at org.apache.hc.client5.http.impl.classic.ExecChainElement.execute(ExecChainElement.java:51)
	at org.apache.hc.client5.http.impl.classic.HttpRequestRetryExec.execute(HttpRequestRetryExec.java:113)
	at org.apache.hc.client5.http.impl.classic.ExecChainElement.execute(ExecChainElement.java:51)
	at org.apache.hc.client5.http.impl.classic.ContentCompressionExec.execute(ContentCompressionExec.java:152)
	at org.apache.hc.client5.http.impl.classic.ExecChainElement.execute(ExecChainElement.java:51)
	at org.apache.hc.client5.http.impl.classic.RedirectExec.execute(RedirectExec.java:116)
	at org.apache.hc.client5.http.impl.classic.ExecChainElement.execute(ExecChainElement.java:51)
	at org.apache.hc.client5.http.impl.classic.InternalHttpClient.doExecute(InternalHttpClient.java:170)
	at org.apache.hc.client5.http.impl.classic.CloseableHttpClient.execute(CloseableHttpClient.java:87)
	at org.apache.hc.client5.http.impl.classic.CloseableHttpClient.execute(CloseableHttpClient.java:55)
	at org.apache.hc.client5.http.classic.HttpClient.executeOpen(HttpClient.java:183)
	at org.springframework.http.client.HttpComponentsClientHttpRequest.executeInternal(HttpComponentsClientHttpRequest.java:99)
	at org.springframework.http.client.AbstractStreamingClientHttpRequest.executeInternal(AbstractStreamingClientHttpRequest.java:70)
	at org.springframework.http.client.AbstractClientHttpRequest.execute(AbstractClientHttpRequest.java:66)
	at org.springframework.http.client.InterceptingClientHttpRequest$InterceptingRequestExecution.execute(InterceptingClientHttpRequest.java:112)
	at org.springframework.cloud.netflix.eureka.http.RestTemplateTransportClientFactory.lambda$restTemplate$3(RestTemplateTransportClientFactory.java:170)
	at org.springframework.http.client.InterceptingClientHttpRequest$InterceptingRequestExecution.execute(InterceptingClientHttpRequest.java:88)
	at org.springframework.http.client.InterceptingClientHttpRequest.executeInternal(InterceptingClientHttpRequest.java:72)
	at org.springframework.http.client.AbstractBufferingClientHttpRequest.executeInternal(AbstractBufferingClientHttpRequest.java:48)
	at org.springframework.http.client.AbstractClientHttpRequest.execute(AbstractClientHttpRequest.java:66)
	at org.springframework.web.client.RestTemplate.doExecute(RestTemplate.java:889)
	... 38 more

2025-08-30 15:31:19.449 [SpringApplicationShutdownHook] WARN  c.n.d.s.t.decorator.RetryableEurekaHttpClient:[execute:130] - Request execution failed with message: I/O error on DELETE request for "http://localhost:8761/eureka/apps/STORE-SERVICE/SS11041203:store-service:8083": Connect to http://localhost:8761 [localhost/127.0.0.1, localhost/0:0:0:0:0:0:0:1] failed: Connection refused: getsockopt
2025-08-30 15:31:19.449 [SpringApplicationShutdownHook] ERROR com.netflix.discovery.DiscoveryClient:[unregister:922] - DiscoveryClient_STORE-SERVICE/SS11041203:store-service:8083 - de-registration failedCannot execute request on any known server
com.netflix.discovery.shared.transport.TransportException: Cannot execute request on any known server
	at com.netflix.discovery.shared.transport.decorator.RetryableEurekaHttpClient.execute(RetryableEurekaHttpClient.java:112)
	at com.netflix.discovery.shared.transport.decorator.EurekaHttpClientDecorator.cancel(EurekaHttpClientDecorator.java:71)
	at com.netflix.discovery.shared.transport.decorator.EurekaHttpClientDecorator$2.execute(EurekaHttpClientDecorator.java:74)
	at com.netflix.discovery.shared.transport.decorator.SessionedEurekaHttpClient.execute(SessionedEurekaHttpClient.java:76)
	at com.netflix.discovery.shared.transport.decorator.EurekaHttpClientDecorator.cancel(EurekaHttpClientDecorator.java:71)
	at com.netflix.discovery.DiscoveryClient.unregister(DiscoveryClient.java:919)
	at com.netflix.discovery.DiscoveryClient.shutdown(DiscoveryClient.java:900)
	at java.base/jdk.internal.reflect.DirectMethodHandleAccessor.invoke(DirectMethodHandleAccessor.java:103)
	at java.base/java.lang.reflect.Method.invoke(Method.java:580)
	at org.springframework.beans.factory.annotation.InitDestroyAnnotationBeanPostProcessor$LifecycleMethod.invoke(InitDestroyAnnotationBeanPostProcessor.java:457)
	at org.springframework.beans.factory.annotation.InitDestroyAnnotationBeanPostProcessor$LifecycleMetadata.invokeDestroyMethods(InitDestroyAnnotationBeanPostProcessor.java:415)
	at org.springframework.beans.factory.annotation.InitDestroyAnnotationBeanPostProcessor.postProcessBeforeDestruction(InitDestroyAnnotationBeanPostProcessor.java:239)
	at org.springframework.beans.factory.support.DisposableBeanAdapter.destroy(DisposableBeanAdapter.java:202)
	at org.springframework.beans.factory.support.DisposableBeanAdapter.run(DisposableBeanAdapter.java:195)
	at org.springframework.cloud.context.scope.GenericScope$BeanLifecycleWrapper.destroy(GenericScope.java:389)
	at org.springframework.cloud.context.scope.GenericScope.destroy(GenericScope.java:136)
	at org.springframework.beans.factory.support.DisposableBeanAdapter.destroy(DisposableBeanAdapter.java:211)
	at org.springframework.beans.factory.support.DefaultSingletonBeanRegistry.destroyBean(DefaultSingletonBeanRegistry.java:587)
	at org.springframework.beans.factory.support.DefaultSingletonBeanRegistry.destroySingleton(DefaultSingletonBeanRegistry.java:559)
	at org.springframework.beans.factory.support.DefaultListableBeanFactory.destroySingleton(DefaultListableBeanFactory.java:1202)
	at org.springframework.beans.factory.support.DefaultSingletonBeanRegistry.destroySingletons(DefaultSingletonBeanRegistry.java:520)
	at org.springframework.beans.factory.support.DefaultListableBeanFactory.destroySingletons(DefaultListableBeanFactory.java:1195)
	at org.springframework.context.support.AbstractApplicationContext.destroyBeans(AbstractApplicationContext.java:1195)
	at org.springframework.context.support.AbstractApplicationContext.doClose(AbstractApplicationContext.java:1156)
	at org.springframework.boot.web.servlet.context.ServletWebServerApplicationContext.doClose(ServletWebServerApplicationContext.java:174)
	at org.springframework.context.support.AbstractApplicationContext.close(AbstractApplicationContext.java:1102)
	at org.springframework.boot.SpringApplicationShutdownHook.closeAndWait(SpringApplicationShutdownHook.java:145)
	at java.base/java.lang.Iterable.forEach(Iterable.java:75)
	at org.springframework.boot.SpringApplicationShutdownHook.run(SpringApplicationShutdownHook.java:114)
	at java.base/java.lang.Thread.run(Thread.java:1583)
2025-08-30 15:31:19.449 [SpringApplicationShutdownHook] INFO  com.netflix.discovery.DiscoveryClient:[shutdown:907] - Completed shut down of DiscoveryClient
